article_index,topic_id
0,9
1,9
2,3
3,3
4,3
5,3
6,2
7,6
8,1
9,6
10,3
11,3
12,3
13,6
14,6
15,5
16,10
17,1
18,3
19,3
20,7
21,1
22,9
23,9
24,6
25,9
26,7
27,1
28,1
29,4
30,9
31,1
32,3
33,7
34,4
35,9
36,7
37,1
38,7
39,7
40,4
41,8
42,7
43,6
44,6
45,6
46,3
47,6
48,4
49,1
50,1
51,7
52,4
53,6
54,7
55,7
56,10
57,5
58,6
59,8
60,10
61,8
62,7
63,4
64,6
65,6
66,6
67,7
68,7
69,7
70,7
71,7
72,7
73,7
74,7
75,7
76,7
77,7
78,9
79,9
80,9
81,9
82,9
83,2
84,9
85,7
86,9
87,7
88,7
89,2
90,2
91,2
92,2
93,2
94,9
95,9
96,9
97,9
98,9
99,9
100,6
101,7
102,6
103,2
104,5
105,7
106,2
107,7
108,2
109,7
110,2
111,7
112,2
113,2
114,7
115,2
116,2
117,6
118,2
119,10
120,2
121,7
122,7
123,2
124,7
125,2
126,5
127,2
128,5
129,2
130,7
131,2
132,2
133,2
134,2
135,2
136,2
137,2
138,2
139,2
140,2
141,2
142,2
143,2
144,2
145,2
146,2
147,2
148,2
149,2
150,2
151,2
152,2
153,2
154,2
155,2
156,2
157,2
158,2
159,7
160,7
161,7
162,10
163,7
164,9
165,6
166,10
167,7
168,7
169,4
170,7
171,7
172,7
173,4
174,7
175,8
176,4
177,4
178,7
179,7
180,8
181,8
182,8
183,7
184,7
185,7
186,7
187,1
188,8
189,10
190,7
191,7
192,10
193,7
194,10
195,7
196,10
197,7
198,7
199,7
200,10
201,4
202,10
203,9
204,6
205,7
206,6
207,6
208,7
209,7
210,7
211,7
212,7
213,7
214,9
215,7
216,7
217,9
218,6
219,1
220,7
221,1
222,7
223,4
224,10
225,10
226,3
227,5
228,9
229,5
230,10
231,6
232,5
233,9
234,4
235,9
236,5
237,9
238,5
239,10
240,9
241,7
242,6
243,10
244,9
245,6
246,6
247,5
248,4
249,4
250,10
251,5
252,5
253,6
254,10
255,6
256,10
257,2
258,9
259,4
260,10
261,9
262,6
263,10
264,4
265,5
266,2
267,5
268,10
269,5
270,5
271,5
272,7
273,6
274,10
275,2
276,9
277,5
278,7
279,2
280,5
281,2
282,2
283,4
284,2
285,6
286,6
287,10
288,8
289,9
290,1
291,6
292,2
293,2
294,6
295,2
296,7
297,4
298,2
299,1
300,2
301,6
302,7
303,2
304,2
305,6
306,8
307,2
308,2
309,1
310,3
311,7
312,1
313,1
314,7
315,7
316,7
317,7
318,1
319,3
320,1
321,1
322,1
323,1
324,6
325,7
326,1
327,7
328,5
329,7
330,7
331,7
332,7
333,1
334,7
335,6
336,7
337,7
338,1
339,7
340,7
341,1
342,7
343,7
344,7
345,7
346,7
347,7
348,7
349,7
350,6
351,7
352,7
353,7
354,7
355,7
356,9
357,7
358,7
359,3
360,3
361,10
362,1
363,7
364,7
365,7
366,1
367,1
368,7
369,7
370,1
371,7
372,10
373,7
374,7
375,7
376,7
377,7
378,7
379,7
380,7
381,7
382,1
383,7
384,7
385,7
386,6
387,7
388,6
389,7
390,6
391,4
392,2
393,7
394,2
395,1
396,1
397,7
398,7
399,2
400,10
401,2
402,7
403,7
404,7
405,10
406,7
407,2
408,7
409,2
410,7
411,6
412,6
413,7
414,7
415,7
416,7
417,7
418,7
419,1
420,7
421,7
422,7
423,7
424,1
425,7
426,7
427,7
428,7
429,4
430,7
431,7
432,7
433,7
434,7
435,10
436,7
437,7
438,4
439,10
440,7
441,7
442,7
443,7
444,7
445,7
446,6
447,7
448,2
449,2
450,8
451,2
452,2
453,2
454,2
455,9
456,9
457,10
458,9
459,6
460,6
461,9
462,9
463,10
464,10
465,10
466,10
467,10
468,10
469,10
470,1
471,10
472,10
473,10
474,10
475,10
476,10
477,10
478,10
479,10
480,10
481,10
482,10
483,10
484,10
485,2
486,10
487,10
488,10
489,10
490,10
491,10
492,9
493,9
494,9
495,8
496,2
497,9
498,2
499,9
500,8
501,8
502,8
503,2
504,2
505,4
506,9
507,4
508,8
509,9
510,4
511,8
512,8
513,4
514,10
515,9
516,4
517,4
518,4
519,4
520,4
521,10
522,3
523,3
524,4
525,4
526,4
527,4
528,10
529,8
530,10
531,4
532,10
533,10
534,8
535,4
536,7
537,4
538,4
539,4
540,9
541,9
542,3
543,9
544,6
545,3
546,7
547,7
548,2
549,9
550,2
551,7
552,7
553,8
554,2
555,6
556,2
557,2
558,2
559,2
560,2
561,2
562,9
563,9
564,9
565,9
566,10
567,9
568,9
569,2
570,2
571,4
572,8
573,8
574,4
575,9
576,6
577,4
578,10
579,4
580,8
581,10
582,4
583,10
584,8
585,4
586,4
587,1
588,7
589,1
590,8
591,2
592,9
593,9
594,9
595,9
596,4
597,4
598,4
599,9
600,10
601,10
602,2
603,9
604,9
605,8
606,10
607,2
608,2
609,8
610,6
611,8
612,4
613,8
614,6
615,4
616,10
617,7
618,2
619,9
620,2
621,4
622,2
623,4
624,2
625,9
626,6
627,10
628,8
629,10
630,10
631,10
632,2
633,2
634,9
635,2
636,2
637,9
638,9
639,2
640,4
641,6
642,6
643,2
644,8
645,6
646,10
647,10
648,9
649,10
650,10
651,9
652,8
653,9
654,3
655,2
656,10
657,2
658,4
659,9
660,2
661,4
662,9
663,2
664,2
665,4
666,9
667,3
668,1
669,1
670,1
671,1
672,1
673,1
674,2
675,2
676,2
677,2
678,10
679,10
680,10
681,10
682,10
683,4
684,8
685,3
686,2
687,2
688,4
689,10
690,6
691,8
692,3
693,9
694,10
695,9
696,3
697,10
698,9
699,8
700,9
701,9
702,3
703,10
704,9
705,3
706,9
707,1
708,8
709,2
710,8
711,7
712,1
713,1
714,10
715,10
716,9
717,10
718,4
719,7
720,7
721,7
722,8
723,8
724,7
725,9
726,3
727,2
728,2
729,4
730,3
731,3
732,9
733,4
734,4
735,8
736,10
737,7
738,1
739,7
740,7
741,10
742,10
743,10
744,10
745,10
746,10
747,10
748,10
749,6
750,4
751,4
752,4
753,4
754,9
755,4
756,1
757,9
758,8
759,10
760,9
761,3
762,10
763,10
764,10
765,10
766,10
767,10
768,10
769,10
770,10
771,4
772,7
773,9
774,5
775,8
776,4
777,2
778,8
779,8
780,4
781,7
782,8
783,8
784,3
785,7
786,7
787,2
788,7
789,8
790,4
791,8
792,9
793,10
794,2
795,9
796,7
797,4
798,9
799,3
800,1
801,3
802,4
803,9
804,2
805,3
806,7
807,7
808,2
809,7
810,7
811,10
812,9
813,9
814,8
815,9
816,4
817,9
818,1
819,6
820,6
821,1
822,2
823,8
824,7
825,9
826,1
827,7
828,7
829,8
830,2
831,4
832,7
833,7
834,7
835,9
836,9
837,9
838,9
839,6
840,8
841,6
842,1
843,9
844,6
845,8
846,5
847,2
848,9
849,8
850,9
851,1
852,6
853,8
854,4
855,2
856,6
857,7
858,7
859,9
860,4
861,7
862,7
863,9
864,1
865,8
866,3
867,2
868,2
869,1
870,3
871,10
872,7
873,7
874,9
875,7
876,7
877,8
878,10
879,4
880,3
881,9
882,1
883,9
884,1
885,7
886,1
887,10
888,7
889,7
890,7
891,9
892,3
893,3
894,7
895,6
896,4
897,7
898,10
899,10
900,10
901,10
902,4
903,9
904,4
905,8
906,9
907,4
908,8
909,4
910,10
911,10
912,4
913,3
914,5
915,9
916,2
917,9
918,7
919,6
920,7
921,8
922,2
923,4
924,4
925,4
926,3
927,9
928,2
929,1
930,9
931,8
932,3
933,7
934,8
935,7
936,9
937,6
938,7
939,1
940,8
941,8
942,3
943,9
944,6
945,7
946,1
947,9
948,7
949,7
950,2
951,10
952,2
953,4
954,8
955,7
956,7
957,7
958,3
959,1
960,7
961,7
962,7
963,3
964,10
965,7
966,1
967,6
968,7
969,7
970,7
971,1
972,1
973,7
974,7
975,2
976,2
977,10
978,4
979,4
980,8
981,8
982,10
983,7
984,7
985,7
986,7
987,2
988,2
989,6
990,7
991,1
992,7
993,3
994,6
995,2
996,2
997,7
998,7
999,9
1000,9
1001,2
1002,8
1003,3
1004,9
1005,9
1006,9
1007,6
1008,6
1009,7
1010,6
1011,8
1012,10
1013,2
1014,9
1015,9
1016,2
1017,2
1018,7
1019,7
1020,9
1021,9
1022,2
1023,9
1024,5
1025,1
1026,7
1027,7
1028,2
1029,8
1030,2
1031,4
1032,9
1033,4
1034,2
1035,9
1036,9
1037,1
1038,7
1039,9
1040,2
1041,9
1042,3
1043,2
1044,2
1045,8
1046,9
1047,5
1048,2
1049,9
1050,2
1051,9
1052,2
1053,1
1054,2
1055,2
1056,2
1057,2
1058,3
1059,7
1060,9
1061,7
1062,6
1063,10
1064,7
1065,2
1066,10
1067,2
1068,9
1069,9
1070,6
1071,7
1072,2
1073,2
1074,10
1075,3
1076,3
1077,9
1078,8
1079,7
1080,2
1081,9
1082,4
1083,6
1084,1
1085,7
1086,2
1087,9
1088,3
1089,7
1090,6
1091,9
1092,8
1093,4
1094,10
1095,2
1096,7
1097,7
1098,7
1099,7
1100,1
1101,1
1102,1
1103,7
1104,7
1105,7
1106,7
1107,2
1108,9
1109,9
1110,9
1111,3
1112,8
1113,3
1114,1
1115,9
1116,10
1117,10
1118,10
1119,2
1120,10
1121,8
1122,6
1123,10
1124,7
1125,7
1126,7
1127,1
1128,8
1129,1
1130,6
1131,5
1132,9
1133,9
1134,7
1135,3
1136,7
1137,7
1138,9
1139,2
1140,8
1141,2
1142,9
1143,9
1144,9
1145,9
1146,7
1147,2
1148,7
1149,7
1150,9
1151,6
1152,9
1153,3
1154,6
1155,7
1156,1
1157,2
1158,9
1159,2
1160,6
1161,9
1162,10
1163,9
1164,7
1165,2
1166,9
1167,7
1168,2
1169,2
1170,8
1171,2
1172,10
1173,7
1174,7
1175,10
1176,7
1177,9
1178,9
1179,2
1180,2
1181,2
1182,2
1183,2
1184,2
1185,2
1186,9
1187,6
1188,8
1189,2
1190,2
1191,9
1192,3
1193,1
1194,10
1195,7
1196,1
1197,7
1198,1
1199,1
1200,2
1201,3
1202,2
1203,10
1204,4
1205,4
1206,9
1207,4
1208,2
1209,9
1210,6
1211,2
1212,2
1213,4
1214,3
1215,2
1216,3
1217,8
1218,6
1219,4
1220,7
1221,10
1222,10
1223,10
1224,10
1225,10
1226,8
1227,3
1228,1
1229,10
1230,8
1231,9
1232,2
1233,2
1234,7
1235,7
1236,10
1237,2
1238,4
1239,7
1240,7
1241,7
1242,2
1243,7
1244,4
1245,9
1246,6
1247,9
1248,6
1249,8
1250,9
1251,9
1252,4
1253,9
1254,6
1255,3
1256,9
1257,9
1258,8
1259,3
1260,10
1261,8
1262,3
1263,2
1264,2
1265,2
1266,4
1267,7
1268,6
1269,2
1270,4
1271,4
1272,6
1273,6
1274,7
1275,8
1276,1
1277,3
1278,8
1279,6
1280,6
1281,1
1282,10
1283,6
1284,10
1285,4
1286,4
1287,4
1288,8
1289,7
1290,6
1291,7
1292,2
1293,2
1294,9
1295,4
1296,1
1297,2
1298,10
1299,10
1300,10
1301,10
1302,10
1303,4
1304,10
1305,10
1306,10
1307,10
1308,10
1309,2
1310,4
1311,4
1312,9
1313,9
1314,2
1315,7
1316,4
1317,2
1318,9
1319,4
1320,4
1321,3
1322,10
1323,9
1324,9
1325,7
1326,9
1327,3
1328,9
1329,9
1330,1
1331,9
1332,2
1333,9
1334,4
1335,3
1336,9
1337,7
1338,10
1339,6
1340,9
1341,1
1342,9
1343,9
1344,2
1345,3
1346,1
1347,5
1348,2
1349,2
1350,4
1351,9
1352,8
1353,2
1354,7
1355,7
1356,10
1357,6
1358,1
1359,4
1360,6
1361,7
1362,1
1363,7
1364,7
1365,7
1366,10
1367,7
1368,1
1369,1
1370,3
1371,1
1372,6
1373,1
1374,1
1375,7
1376,10
1377,8
1378,9
1379,7
1380,8
1381,4
1382,2
1383,3
1384,4
1385,9
1386,9
1387,7
1388,7
1389,9
1390,10
1391,4
1392,10
1393,9
1394,3
1395,9
1396,6
1397,2
1398,9
1399,10
1400,9
1401,9
1402,3
1403,2
1404,8
1405,2
1406,9
1407,6
1408,6
1409,6
1410,2
1411,10
1412,3
1413,9
1414,3
1415,3
1416,1
1417,7
1418,8
1419,7
1420,8
1421,2
1422,4
1423,4
1424,9
1425,9
1426,2
1427,6
1428,7
1429,10
1430,7
1431,8
1432,10
1433,3
1434,9
1435,7
1436,9
1437,9
1438,10
1439,6
1440,4
1441,9
1442,9
1443,7
1444,9
1445,9
1446,1
1447,1
1448,7
1449,1
1450,2
1451,6
1452,2
1453,8
1454,7
1455,2
1456,1
1457,7
1458,7
1459,7
1460,2
1461,2
1462,7
1463,2
1464,6
1465,3
1466,3
1467,7
1468,7
1469,8
1470,9
1471,4
1472,7
1473,4
1474,4
1475,4
1476,3
1477,4
1478,9
1479,9
1480,8
1481,6
1482,4
1483,4
1484,6
1485,10
1486,6
1487,3
1488,7
1489,1
1490,3
1491,8
1492,1
1493,1
1494,5
1495,6
1496,5
1497,7
1498,5
1499,7
1500,1
1501,7
1502,10
1503,7
1504,7
1505,5
1506,7
1507,2
1508,4
1509,7
1510,7
1511,9
1512,6
1513,7
1514,7
1515,5
1516,10
1517,5
1518,10
1519,5
1520,9
1521,9
1522,5
1523,4
1524,9
1525,5
1526,4
1527,4
1528,5
1529,5
1530,4
1531,1
1532,10
1533,7
1534,7
1535,1
1536,7
1537,6
1538,5
1539,7
1540,7
1541,5
1542,10
1543,5
1544,5
1545,5
1546,2
1547,10
1548,4
1549,4
1550,4
1551,6
1552,4
1553,4
1554,5
1555,1
1556,9
1557,1
1558,1
1559,9
1560,10
1561,10
1562,9
1563,8
1564,6
1565,9
1566,1
1567,1
1568,1
1569,7
1570,10
1571,4
1572,10
1573,4
1574,3
1575,3
1576,1
1577,9
1578,6
1579,5
1580,5
1581,10
1582,5
1583,5
1584,4
1585,5
1586,3
1587,7
1588,9
1589,3
1590,6
1591,7
1592,2
1593,7
1594,10
1595,5
1596,10
1597,10
1598,9
1599,9
1600,6
1601,7
1602,6
1603,1
1604,7
1605,1
1606,1
1607,1
1608,2
1609,6
1610,5
1611,7
1612,5
1613,5
1614,5
1615,10
1616,5
1617,6
1618,7
1619,6
1620,8
1621,9
1622,9
1623,7
1624,6
1625,1
1626,6
1627,5
1628,7
1629,5
1630,5
1631,5
1632,3
1633,9
1634,4
1635,9
1636,3
1637,9
1638,7
1639,9
1640,3
1641,4
1642,8
1643,6
1644,3
1645,3
1646,1
1647,1
1648,6
1649,1
1650,1
1651,9
1652,5
1653,7
1654,5
1655,7
1656,9
1657,5
1658,5
1659,10
1660,3
1661,9
1662,1
1663,7
1664,9
1665,9
1666,7
1667,3
1668,7
1669,1
1670,5
1671,7
1672,5
1673,2
1674,2
1675,9
1676,10
1677,7
1678,5
1679,6
1680,7
1681,7
1682,4
1683,9
1684,9
1685,9
1686,9
1687,2
1688,2
1689,2
1690,9
1691,9
1692,2
1693,4
1694,10
1695,10
1696,1
1697,1
1698,1
1699,5
1700,5
1701,9
1702,9
1703,10
1704,2
1705,10
1706,4
1707,4
1708,1
1709,7
1710,9
1711,10
1712,2
1713,6
1714,7
1715,5
1716,3
1717,4
1718,5
1719,7
1720,6
1721,5
1722,6
1723,4
1724,10
1725,2
1726,8
1727,6
1728,1
1729,9
1730,5
1731,4
1732,9
1733,9
1734,9
1735,4
1736,1
1737,9
1738,2
1739,6
1740,6
1741,8
1742,10
1743,4
1744,7
1745,5
1746,6
1747,2
1748,10
1749,9
1750,7
1751,5
1752,5
1753,5
1754,5
1755,5
1756,5
1757,10
1758,10
1759,5
1760,10
1761,5
1762,4
1763,8
1764,6
1765,7
1766,7
1767,2
1768,6
1769,3
1770,5
1771,9
1772,10
1773,4
1774,5
1775,4
1776,8
1777,3
1778,6
1779,6
1780,7
1781,2
1782,2
1783,1
1784,7
1785,5
1786,10
1787,9
1788,4
1789,2
1790,6
1791,8
1792,6
1793,3
1794,3
1795,6
1796,7
1797,5
1798,5
1799,9
1800,2
1801,9
1802,8
1803,1
1804,3
1805,3
1806,3
1807,2
1808,1
1809,1
1810,6
1811,7
1812,7
1813,5
1814,5
1815,6
1816,4
1817,9
1818,1
1819,9
1820,7
1821,9
1822,8
1823,6
1824,5
1825,10
1826,5
1827,5
1828,9
1829,6
1830,10
1831,10
1832,1
1833,9
1834,1
1835,9
1836,5
1837,9
1838,2
1839,4
1840,4
1841,9
1842,3
1843,3
1844,10
1845,6
1846,5
1847,5
1848,6
1849,7
1850,5
1851,9
1852,4
1853,1
1854,7
1855,2
1856,1
1857,4
1858,10
1859,9
1860,4
1861,1
1862,7
1863,9
1864,4
1865,3
1866,1
1867,9
1868,3
1869,5
1870,7
1871,6
1872,7
1873,10
1874,7
1875,5
1876,8
1877,9
1878,2
1879,9
1880,9
1881,3
1882,8
1883,6
1884,7
1885,6
1886,5
1887,5
1888,5
1889,9
1890,10
1891,4
1892,7
1893,7
1894,8
1895,7
1896,1
1897,7
1898,7
1899,7
1900,2
1901,9
1902,7
1903,5
1904,1
1905,9
1906,3
1907,10
1908,5
1909,1
1910,6
1911,2
1912,8
1913,9
1914,4
1915,4
1916,10
1917,1
1918,6
1919,4
1920,6
1921,3
1922,7
1923,10
1924,2
1925,10
1926,2
1927,2
1928,4
1929,9
1930,1
1931,10
1932,7
1933,5
1934,9
1935,6
1936,1
1937,1
1938,7
1939,7
1940,7
1941,5
1942,5
1943,9
1944,7
1945,8
1946,9
1947,1
1948,1
1949,7
1950,6
1951,5
1952,7
1953,7
1954,5
1955,9
1956,4
1957,4
1958,4
1959,7
1960,7
1961,2
1962,2
1963,7
1964,1
1965,2
1966,4
1967,4
1968,10
1969,10
1970,2
1971,6
1972,10
1973,5
1974,3
1975,1
1976,5
1977,6
1978,7
1979,5
1980,10
1981,10
1982,2
1983,5
1984,6
1985,6
1986,9
1987,9
1988,2
1989,2
1990,8
1991,6
1992,1
1993,6
1994,6
1995,7
1996,7
1997,7
1998,10
1999,10
2000,5
2001,5
2002,8
2003,8
2004,6
2005,9
2006,10
2007,10
2008,4
2009,2
2010,10
2011,4
2012,5
2013,5
2014,4
2015,1
2016,5
2017,10
2018,8
2019,5
2020,7
2021,1
2022,9
2023,7
2024,2
2025,6
2026,5
2027,3
2028,3
2029,1
2030,7
2031,4
2032,10
2033,4
2034,9
2035,9
2036,4
2037,2
2038,2
2039,8
2040,2
2041,2
2042,9
2043,6
2044,1
2045,6
2046,9
2047,10
2048,9
2049,4
2050,9
2051,4
2052,5
2053,4
2054,3
2055,4
2056,7
2057,2
2058,2
2059,6
2060,2
2061,5
2062,5
2063,7
2064,6
2065,7
2066,5
2067,9
2068,1
2069,7
2070,4
2071,7
2072,2
2073,2
2074,2
2075,6
2076,1
2077,10
2078,4
2079,7
2080,6
2081,3
2082,7
2083,7
2084,3
2085,3
2086,7
2087,7
2088,2
2089,7
2090,6
2091,1
2092,10
2093,5
2094,10
2095,4
2096,6
2097,9
2098,4
2099,8
2100,1
2101,1
2102,7
2103,1
2104,1
2105,9
2106,2
2107,2
2108,5
2109,1
2110,5
2111,5
2112,5
2113,5
2114,9
2115,9
2116,4
2117,2
2118,10
2119,10
2120,10
2121,8
2122,4
2123,10
2124,7
2125,5
2126,5
2127,5
2128,5
2129,9
2130,4
2131,8
2132,4
2133,3
2134,9
2135,4
2136,10
2137,5
2138,9
2139,7
2140,10
2141,9
2142,5
2143,8
2144,7
2145,7
2146,6
2147,7
2148,10
2149,10
2150,10
2151,10
2152,10
2153,10
2154,7
2155,3
2156,1
2157,9
2158,2
2159,2
2160,3
2161,3
2162,4
2163,3
2164,9
2165,9
2166,5
2167,10
2168,4
2169,4
2170,8
2171,2
2172,2
2173,9
2174,3
2175,5
2176,1
2177,3
2178,4
2179,7
2180,10
2181,5
2182,5
2183,10
2184,9
2185,4
2186,2
2187,2
2188,9
2189,3
2190,3
2191,5
2192,5
2193,7
2194,7
2195,5
2196,10
2197,2
2198,2
2199,6
2200,2
2201,2
2202,4
2203,5
2204,2
2205,9
2206,10
2207,10
2208,6
2209,4
2210,7
2211,1
2212,8
2213,7
2214,2
2215,9
2216,10
2217,10
2218,9
2219,9
2220,9
2221,4
2222,1
2223,4
2224,9
2225,10
2226,10
2227,10
2228,5
2229,4
2230,9
2231,9
2232,4
2233,6
2234,8
2235,10
2236,3
2237,3
2238,1
2239,5
2240,10
2241,5
2242,6
2243,10
2244,10
2245,5
2246,5
2247,6
2248,9
2249,8
2250,10
2251,4
2252,4
2253,4
2254,9
2255,6
2256,3
2257,1
2258,5
2259,7
2260,7
2261,7
2262,3
2263,10
2264,3
2265,10
2266,10
2267,4
2268,9
2269,9
2270,10
2271,10
2272,4
2273,6
2274,1
2275,1
2276,5
2277,10
2278,10
2279,5
2280,5
2281,6
2282,10
2283,5
2284,10
2285,2
2286,4
2287,5
2288,5
2289,5
2290,4
2291,5
2292,8
2293,3
2294,8
2295,1
2296,1
2297,1
2298,1
2299,6
2300,7
2301,5
2302,9
2303,9
2304,6
2305,5
2306,4
2307,3
2308,7
2309,6
2310,5
2311,1
2312,1
2313,5
2314,7
2315,7
2316,5
2317,5
2318,4
2319,4
2320,2
2321,2
2322,7
2323,4
2324,9
2325,4
2326,6
2327,7
2328,10
2329,4
2330,3
2331,4
2332,9
2333,3
2334,5
2335,5
2336,1
2337,9
2338,5
2339,5
2340,5
2341,5
2342,5
2343,5
2344,10
2345,10
2346,10
2347,6
2348,8
2349,1
2350,7
2351,6
2352,1
2353,1
2354,1
2355,4
2356,9
2357,10
2358,10
2359,10
2360,10
2361,10
2362,10
2363,10
2364,10
2365,10
2366,10
2367,10
2368,6
2369,10
2370,8
2371,9
2372,4
2373,4
2374,8
2375,4
2376,4
2377,2
2378,9
2379,10
2380,5
2381,5
2382,9
2383,1
2384,1
2385,5
2386,5
2387,5
2388,5
2389,10
2390,10
2391,10
2392,4
2393,4
2394,9
2395,4
2396,8
2397,9
2398,4
2399,5
2400,9
2401,9
2402,6
2403,5
2404,1
2405,5
2406,9
2407,9
2408,5
2409,10
2410,5
2411,10
2412,5
2413,9
2414,9
2415,3
2416,2
2417,2
2418,9
2419,9
2420,9
2421,7
2422,4
2423,1
2424,1
2425,7
2426,10
2427,5
2428,10
2429,10
2430,5
2431,9
2432,4
2433,9
2434,9
2435,9
2436,9
2437,4
2438,6
2439,6
2440,6
2441,3
2442,7
2443,5
2444,10
2445,5
2446,10
2447,10
2448,5
2449,4
2450,4
2451,5
2452,3
2453,2
2454,9
2455,4
2456,9
2457,8
2458,9
2459,4
2460,1
2461,5
2462,9
2463,7
2464,4
2465,7
2466,2
2467,9
2468,6
2469,9
2470,4
2471,1
2472,4
2473,9
2474,2
2475,4
2476,7
2477,5
2478,10
2479,5
2480,5
2481,4
2482,9
2483,6
2484,7
2485,6
2486,5
2487,7
2488,10
2489,4
2490,9
2491,5
2492,4
2493,3
2494,6
2495,3
2496,5
2497,5
2498,5
2499,4
2500,7
2501,8
2502,8
2503,4
2504,3
2505,4
2506,4
2507,7
2508,7
2509,4
2510,4
2511,7
2512,7
2513,3
2514,6
2515,9
2516,7
2517,7
2518,2
2519,5
2520,9
2521,4
2522,4
2523,3
2524,9
2525,9
2526,4
2527,2
2528,4
2529,7
2530,3
2531,2
2532,5
2533,5
2534,10
2535,10
2536,4
2537,4
2538,5
2539,9
2540,6
2541,3
2542,2
2543,7
2544,6
2545,8
2546,4
2547,6
2548,4
2549,6
2550,5
2551,5
2552,5
2553,7
2554,7
2555,5
2556,7
2557,5
2558,5
2559,10
2560,5
2561,4
2562,5
2563,5
2564,8
2565,7
2566,1
2567,2
2568,10
2569,9
2570,3
2571,2
2572,4
2573,4
2574,8
2575,9
2576,3
2577,1
2578,7
2579,4
2580,1
2581,1
2582,6
2583,5
2584,6
2585,10
2586,5
2587,4
2588,1
2589,9
2590,1
2591,7
2592,8
2593,6
2594,7
2595,2
2596,2
2597,3
2598,6
2599,3
2600,1
2601,6
2602,7
2603,6
2604,5
2605,5
2606,9
2607,9
2608,1
2609,4
2610,4
2611,9
2612,7
2613,7
2614,6
2615,7
2616,9
2617,10
2618,9
2619,7
2620,4
2621,6
2622,3
2623,3
2624,5
2625,6
2626,1
2627,1
2628,1
2629,6
2630,10
2631,4
2632,4
2633,9
2634,5
2635,5
2636,9
2637,3
2638,9
2639,2
2640,6
2641,1
2642,9
2643,5
2644,4
2645,5
2646,9
2647,9
2648,6
2649,7
2650,4
2651,10
2652,7
2653,3
2654,4
2655,7
2656,1
2657,1
2658,7
2659,7
2660,7
2661,5
2662,3
2663,2
2664,2
2665,2
2666,7
2667,7
2668,8
2669,7
2670,3
2671,3
2672,5
2673,6
2674,6
2675,6
2676,5
2677,9
2678,5
2679,10
2680,10
2681,5
2682,9
2683,9
2684,3
2685,4
2686,7
2687,7
2688,6
2689,10
2690,6
2691,9
2692,7
2693,10
2694,4
2695,6
2696,9
2697,7
2698,1
2699,1
2700,4
2701,5
2702,1
2703,1
2704,1
2705,5
2706,5
2707,10
2708,5
2709,2
2710,10
2711,4
2712,9
2713,1
2714,6
2715,7
2716,10
2717,4
2718,9
2719,4
2720,9
2721,10
2722,8
2723,2
2724,3
2725,6
2726,8
2727,2
2728,2
2729,7
2730,5
2731,5
2732,5
2733,5
2734,7
2735,7
2736,6
2737,7
2738,5
2739,5
2740,5
2741,5
2742,10
2743,4
2744,5
2745,9
2746,4
2747,4
2748,5
2749,2
2750,7
2751,4
2752,9
2753,4
2754,9
2755,4
2756,3
2757,9
2758,5
2759,5
2760,7
2761,4
2762,8
2763,8
2764,9
2765,4
2766,3
2767,9
2768,6
2769,9
2770,6
2771,2
2772,6
2773,1
2774,7
2775,7
2776,6
2777,7
2778,5
2779,10
2780,1
2781,10
2782,4
2783,4
2784,4
2785,5
2786,10
2787,6
2788,3
2789,9
2790,1
2791,9
2792,10
2793,5
2794,10
2795,5
2796,1
2797,9
2798,3
2799,6
2800,5
2801,4
2802,9
2803,3
2804,1
2805,7
2806,2
2807,4
2808,9
2809,8
2810,9
2811,7
2812,1
2813,1
2814,5
2815,9
2816,6
2817,5
2818,5
2819,5
2820,10
2821,5
2822,5
2823,5
2824,4
2825,5
2826,6
2827,10
2828,6
2829,7
2830,5
2831,7
2832,6
2833,10
2834,8
2835,7
2836,6
2837,9
2838,1
2839,5
2840,7
2841,9
2842,4
2843,4
2844,6
2845,10
2846,1
2847,7
2848,1
2849,5
2850,3
2851,7
2852,9
2853,9
2854,10
2855,4
2856,6
2857,1
2858,1
2859,9
2860,8
2861,4
2862,8
2863,6
2864,6
2865,7
2866,7
2867,5
2868,7
2869,7
2870,5
2871,9
2872,4
2873,5
2874,5
2875,9
2876,2
2877,4
2878,5
2879,3
2880,7
2881,5
2882,5
2883,9
2884,9
2885,9
2886,5
2887,7
2888,5
2889,5
2890,9
2891,4
2892,9
2893,3
2894,9
2895,9
2896,5
2897,5
2898,1
2899,5
2900,5
2901,7
2902,9
2903,5
2904,5
2905,2
2906,4
2907,4
2908,5
2909,10
2910,10
2911,10
2912,7
2913,4
2914,6
2915,10
2916,1
2917,1
2918,6
2919,3
2920,5
2921,1
2922,9
2923,5
2924,5
2925,1
2926,10
2927,9
2928,4
2929,9
2930,4
2931,1
2932,5
2933,10
2934,3
2935,5
2936,7
2937,7
2938,5
2939,2
2940,7
2941,9
2942,3
2943,5
2944,6
2945,3
2946,5
2947,6
2948,10
2949,5
2950,6
2951,5
2952,4
2953,1
2954,9
2955,2
2956,2
2957,9
2958,9
2959,4
2960,1
2961,9
2962,2
2963,9
2964,7
2965,9
2966,10
2967,7
2968,5
2969,5
2970,8
2971,2
2972,9
2973,9
2974,4
2975,7
2976,10
2977,2
2978,5
2979,7
2980,7
2981,5
2982,5
2983,8
2984,9
2985,5
2986,5
2987,10
2988,4
2989,10
2990,6
2991,7
2992,7
2993,7
2994,6
2995,7
2996,6
2997,7
2998,7
2999,7
3000,1
3001,7
3002,7
3003,9
3004,7
3005,7
3006,7
3007,10
3008,7
3009,2
3010,2
3011,2
3012,2
3013,9
3014,9
3015,9
3016,9
3017,9
3018,10
3019,10
3020,8
3021,3
3022,2
3023,2
3024,2
3025,6
3026,2
3027,2
3028,4
3029,4
3030,9
3031,9
3032,4
3033,5
3034,4
3035,1
3036,10
3037,8
3038,4
3039,3
3040,8
3041,3
3042,4
3043,4
3044,4
3045,3
3046,7
3047,7
3048,5
3049,5
3050,1
3051,9
3052,10
3053,10
3054,10
3055,5
3056,5
3057,10
3058,4
3059,5
3060,5
3061,7
3062,1
3063,5
3064,1
3065,5
3066,1
3067,5
3068,9
3069,7
3070,1
3071,7
3072,7
3073,7
3074,7
3075,7
3076,7
3077,2
3078,2
3079,2
3080,9
3081,1
3082,2
3083,4
3084,4
3085,4
3086,10
3087,4
3088,7
3089,10
3090,1
3091,9
3092,3
3093,9
3094,7
3095,6
3096,5
3097,5
3098,3
3099,9
3100,7
3101,7
3102,7
3103,5
3104,5
3105,5
3106,4
3107,4
3108,4
3109,1
3110,2
3111,7
3112,6
3113,7
3114,2
3115,9
3116,4
3117,8
3118,7
3119,5
3120,5
3121,10
3122,5
3123,5
3124,5
3125,4
3126,4
3127,8
3128,1
3129,5
3130,6
3131,7
3132,7
3133,6
3134,7
3135,7
3136,7
3137,7
3138,7
3139,7
3140,7
3141,7
3142,7
3143,2
3144,4
3145,9
3146,4
3147,9
3148,6
3149,2
3150,4
3151,4
3152,4
3153,5
3154,3
3155,1
3156,1
3157,7
3158,6
3159,1
3160,1
3161,7
3162,5
3163,9
3164,10
3165,10
3166,10
3167,4
3168,5
3169,7
3170,3
3171,1
3172,9
3173,4
3174,2
3175,5
3176,5
3177,5
3178,7
3179,7
3180,6
3181,4
3182,4
3183,1
3184,6
3185,1
3186,5
3187,1
3188,5
3189,5
3190,9
3191,5
3192,5
3193,10
3194,4
3195,8
3196,4
3197,9
3198,6
3199,6
3200,2
3201,4
3202,7
3203,7
3204,7
3205,2
3206,9
3207,5
3208,5
3209,7
3210,7
3211,10
3212,2
3213,4
3214,5
3215,2
3216,8
3217,2
3218,6
3219,10
3220,2
3221,4
3222,6
3223,1
3224,4
3225,10
3226,9
3227,8
3228,5
3229,5
3230,5
3231,7
3232,7
3233,3
3234,5
3235,6
3236,5
3237,5
3238,5
3239,10
3240,3
3241,5
3242,6
3243,7
3244,2
3245,2
3246,10
3247,6
3248,7
3249,10
3250,2
3251,5
3252,10
3253,4
3254,4
3255,4
3256,2
3257,2
3258,7
3259,9
3260,9
3261,2
3262,7
3263,5
3264,5
3265,5
3266,1
3267,5
3268,7
3269,6
3270,1
3271,7
3272,10
3273,5
3274,10
3275,10
3276,4
3277,4
3278,9
3279,7
3280,2
3281,4
3282,3
3283,1
3284,1
3285,6
3286,3
3287,7
3288,7
3289,9
3290,7
3291,7
3292,7
3293,9
3294,4
3295,4
3296,4
3297,1
3298,7
3299,10
3300,7
3301,7
3302,6
3303,2
3304,4
3305,6
3306,3
3307,7
3308,5
3309,2
3310,2
3311,2
3312,2
3313,8
3314,8
3315,5
3316,5
3317,5
3318,5
3319,9
3320,5
3321,1
3322,7
3323,5
3324,10
3325,5
3326,4
3327,5
3328,8
3329,2
3330,1
3331,2
3332,9
3333,2
3334,4
3335,7
3336,7
3337,5
3338,7
3339,5
3340,9
3341,5
3342,10
3343,4
3344,5
3345,4
3346,9
3347,1
3348,7
3349,5
3350,4
3351,3
3352,5
3353,1
3354,5
3355,10
3356,10
3357,5
3358,8
3359,5
3360,4
3361,4
3362,9
3363,4
3364,10
3365,2
3366,4
3367,8
3368,1
3369,9
3370,5
3371,9
3372,2
3373,1
3374,7
3375,10
3376,10
3377,10
3378,9
3379,5
3380,9
3381,7
3382,2
3383,7
3384,7
3385,5
3386,10
3387,5
3388,5
3389,5
3390,6
3391,10
3392,4
3393,4
3394,4
3395,5
3396,1
3397,9
3398,5
3399,3
3400,4
3401,2
3402,7
3403,2
3404,10
3405,7
3406,10
3407,2
3408,8
3409,5
3410,4
3411,8
3412,10
3413,5
3414,3
3415,9
3416,5
3417,5
3418,10
3419,5
3420,10
3421,1
3422,7
3423,1
3424,7
3425,9
3426,1
3427,9
3428,2
3429,10
3430,2
3431,4
3432,1
3433,7
3434,10
3435,2
3436,2
3437,7
3438,2
3439,5
3440,5
3441,3
3442,5
3443,5
3444,7
3445,10
3446,5
3447,10
3448,4
3449,4
3450,4
3451,4
3452,3
3453,9
3454,2
3455,10
3456,2
3457,10
3458,4
3459,9
3460,6
3461,1
3462,1
3463,7
3464,5
3465,9
3466,5
3467,4
3468,2
3469,10
3470,2
3471,9
3472,6
3473,1
3474,5
3475,7
3476,9
3477,7
3478,9
3479,4
3480,5
3481,4
3482,4
3483,6
3484,6
3485,3
3486,9
3487,8
3488,7
3489,9
3490,2
3491,10
3492,10
3493,6
3494,7
3495,5
3496,10
3497,4
3498,5
3499,6
3500,6
3501,10
3502,10
3503,9
3504,4
3505,9
3506,2
3507,8
3508,8
3509,9
3510,9
3511,9
3512,9
3513,10
3514,9
3515,9
3516,6
3517,4
3518,9
3519,7
3520,5
3521,5
3522,5
3523,10
3524,4
3525,5
3526,9
3527,5
3528,9
3529,10
3530,8
3531,7
3532,3
3533,9
3534,5
3535,1
3536,7
3537,4
3538,9
3539,4
3540,8
3541,5
3542,3
3543,2
3544,5
3545,10
3546,5
3547,4
3548,4
3549,5
3550,7
3551,9
3552,4
3553,7
3554,5
3555,1
3556,5
3557,1
3558,8
3559,1
3560,5
3561,10
3562,5
3563,10
3564,4
3565,5
3566,9
3567,2
3568,2
3569,6
3570,7
3571,7
3572,1
3573,4
3574,5
3575,3
3576,6
3577,5
3578,5
3579,5
3580,10
3581,10
3582,10
3583,5
3584,9
3585,4
3586,9
3587,6
3588,2
3589,3
3590,9
3591,2
3592,2
3593,10
3594,5
3595,5
3596,3
3597,2
3598,4
3599,3
3600,7
3601,10
3602,9
3603,4
3604,5
3605,9
3606,5
3607,4
3608,4
3609,3
3610,1
3611,1
3612,5
3613,4
3614,5
3615,5
3616,10
3617,10
3618,5
3619,4
3620,6
3621,4
3622,4
3623,4
3624,5
3625,1
3626,9
3627,3
3628,8
3629,4
3630,2
3631,4
3632,10
3633,4
3634,6
3635,8
3636,7
3637,1
3638,8
3639,10
3640,1
3641,1
3642,1
3643,1
3644,10
3645,1
3646,10
3647,7
3648,1
3649,2
3650,10
3651,10
3652,10
3653,10
3654,10
3655,10
3656,10
3657,10
3658,10
3659,10
3660,10
3661,10
3662,10
3663,10
3664,10
3665,4
3666,9
3667,4
3668,4
3669,4
3670,4
3671,4
3672,6
3673,2
3674,9
3675,3
3676,10
3677,1
3678,3
3679,9
3680,5
3681,10
3682,5
3683,5
3684,5
3685,10
3686,7
3687,7
3688,7
3689,4
3690,4
3691,7
3692,5
3693,5
3694,6
3695,10
3696,5
3697,5
3698,5
3699,5
3700,9
3701,4
3702,10
3703,8
3704,7
3705,7
3706,9
3707,9
3708,9
3709,7
3710,9
3711,4
3712,6
3713,4
3714,10
3715,7
3716,6
3717,6
3718,9
3719,9
3720,10
3721,6
3722,1
3723,4
3724,5
3725,7
3726,7
3727,5
3728,9
3729,5
3730,5
3731,5
3732,10
3733,4
3734,4
3735,2
3736,7
3737,7
3738,7
3739,10
3740,9
3741,10
3742,10
3743,10
3744,9
3745,10
3746,10
3747,10
3748,10
3749,2
3750,8
3751,2
3752,8
3753,8
3754,2
3755,1
3756,1
3757,5
3758,10
3759,7
3760,5
3761,5
3762,10
3763,5
3764,4
3765,9
3766,9
3767,7
3768,7
3769,2
3770,4
3771,9
3772,7
3773,5
3774,5
3775,2
3776,6
3777,1
3778,5
3779,6
3780,2
3781,3
3782,3
3783,7
3784,7
3785,7
3786,7
3787,5
3788,10
3789,5
3790,9
3791,4
3792,1
3793,9
3794,4
3795,6
3796,4
3797,4
3798,3
3799,1
3800,3
3801,7
3802,5
3803,5
3804,3
3805,9
3806,7
3807,5
3808,7
3809,5
3810,1
3811,5
3812,10
3813,9
3814,9
3815,9
3816,10
3817,7
3818,2
3819,4
3820,10
3821,9
3822,1
3823,6
3824,3
3825,9
3826,6
3827,1
3828,7
3829,1
3830,6
3831,1
3832,9
3833,1
3834,7
3835,7
3836,4
3837,7
3838,7
3839,5
3840,10
3841,5
3842,9
3843,10
3844,8
3845,4
3846,9
3847,9
3848,3
3849,3
3850,6
3851,6
3852,7
3853,9
3854,7
3855,2
3856,9
3857,9
3858,4
3859,4
3860,9
3861,4
3862,6
3863,10
3864,4
3865,7
3866,3
3867,1
3868,1
3869,9
3870,10
3871,2
3872,5
3873,10
3874,4
3875,4
3876,4
3877,4
3878,3
3879,2
3880,2
3881,9
3882,3
3883,7
3884,8
3885,7
3886,1
3887,1
3888,5
3889,9
3890,6
3891,6
3892,9
3893,2
3894,2
3895,1
3896,5
3897,1
3898,7
3899,1
3900,7
3901,2
3902,7
3903,10
3904,5
3905,10
3906,9
3907,2
3908,9
3909,2
3910,2
3911,7
3912,6
3913,6
3914,7
3915,1
3916,3
3917,3
3918,2
3919,1
3920,5
3921,7
3922,7
3923,4
3924,4
3925,1
3926,9
3927,9
3928,9
3929,9
3930,6
3931,9
3932,9
3933,3
3934,6
3935,8
3936,1
3937,1
3938,1
3939,1
3940,7
3941,5
3942,9
3943,5
3944,4
3945,6
3946,2
3947,7
3948,4
3949,2
3950,7
3951,2
3952,9
3953,9
3954,9
3955,2
3956,2
3957,6
3958,6
3959,3
3960,7
3961,1
3962,1
3963,9
3964,9
3965,6
3966,7
3967,3
3968,9
3969,1
3970,7
3971,3
3972,7
3973,1
3974,4
3975,3
3976,1
3977,7
3978,1
3979,6
3980,6
3981,6
3982,9
3983,9
3984,7
3985,9
3986,9
3987,8
3988,7
3989,2
3990,2
3991,9
3992,8
3993,7
3994,3
3995,5
3996,7
3997,9
3998,10
3999,7
4000,7
4001,7
4002,5
4003,7
4004,7
4005,7
4006,6
4007,1
4008,7
4009,6
4010,9
4011,7
4012,5
4013,6
4014,7
4015,4
4016,5
4017,6
4018,9
4019,2
4020,2
4021,6
4022,4
4023,6
4024,4
4025,7
4026,7
4027,1
4028,7
4029,6
4030,1
4031,7
4032,1
4033,7
4034,8
4035,7
4036,7
4037,2
4038,6
4039,7
4040,7
4041,7
4042,4
4043,7
4044,7
4045,2
4046,2
4047,9
4048,9
4049,9
4050,10
4051,5
4052,10
4053,10
4054,10
4055,10
4056,10
4057,8
4058,10
4059,9
4060,9
4061,9
4062,9
4063,2
4064,8
4065,10
4066,2
4067,2
4068,8
4069,2
4070,9
4071,4
4072,9
4073,4
4074,4
4075,6
4076,8
4077,4
4078,6
4079,8
4080,10
4081,9
4082,10
4083,10
4084,8
4085,6
4086,8
4087,6
4088,9
4089,6
4090,7
4091,3
4092,1
4093,2
4094,9
4095,6
4096,7
4097,1
4098,7
4099,10
4100,7
4101,7
4102,7
4103,7
4104,7
4105,8
4106,7
4107,7
4108,7
4109,9
4110,2
4111,2
4112,9
4113,10
4114,10
4115,9
4116,3
4117,9
4118,8
4119,8
4120,2
4121,9
4122,10
4123,3
4124,9
4125,7
4126,9
4127,1
4128,7
4129,1
4130,7
4131,7
4132,7
4133,2
4134,7
4135,1
4136,5
4137,2
4138,5
4139,2
4140,9
4141,9
4142,9
4143,6
4144,1
4145,3
4146,6
4147,6
4148,9
4149,1
4150,9
4151,9
4152,1
4153,8
4154,4
4155,8
4156,9
4157,4
4158,4
4159,4
4160,8
4161,9
4162,9
4163,7
4164,10
4165,1
4166,7
4167,4
4168,4
4169,9
4170,9
4171,6
4172,10
4173,6
4174,5
4175,5
4176,5
4177,5
4178,1
4179,3
4180,6
4181,1
4182,1
4183,7
4184,7
4185,5
4186,7
4187,7
4188,5
4189,9
4190,7
4191,7
4192,7
4193,5
4194,7
4195,6
4196,1
4197,1
4198,7
4199,7
4200,10
4201,5
4202,9
4203,5
4204,10
4205,5
4206,10
4207,5
4208,4
4209,4
4210,5
4211,4
4212,5
4213,9
4214,4
4215,5
4216,1
4217,7
4218,7
4219,1
4220,1
4221,7
4222,3
4223,7
4224,6
4225,7
4226,7
4227,7
4228,7
4229,6
4230,7
4231,8
4232,7
4233,7
4234,1
4235,7
4236,7
4237,6
4238,7
4239,7
4240,2
4241,2
4242,3
4243,5
4244,6
4245,9
4246,5
4247,7
4248,2
4249,9
4250,5
4251,9
4252,5
4253,10
4254,5
4255,2
4256,2
4257,2
4258,9
4259,2
4260,1
4261,9
4262,2
4263,4
4264,6
4265,5
4266,9
4267,2
4268,9
4269,5
4270,1
4271,1
4272,1
4273,7
4274,7
4275,5
4276,10
4277,5
4278,5
4279,4
4280,9
4281,2
4282,7
4283,7
4284,7
4285,5
4286,5
4287,5
4288,9
4289,2
4290,7
4291,10
4292,4
4293,1
4294,7
4295,1
4296,7
4297,3
4298,1
4299,4
4300,2
4301,9
4302,10
4303,7
4304,3
4305,5
4306,7
4307,1
4308,9
4309,7
4310,7
4311,7
4312,7
4313,8
4314,6
4315,7
4316,2
4317,5
4318,1
4319,6
4320,5
4321,9
4322,9
4323,7
4324,7
4325,10
4326,2
4327,5
4328,5
4329,7
4330,6
4331,7
4332,7
4333,6
4334,10
4335,5
4336,5
4337,10
4338,6
4339,4
4340,10
4341,10
4342,7
4343,1
4344,7
4345,2
4346,2
4347,1
4348,7
4349,7
4350,7
4351,5
4352,10
4353,5
4354,5
4355,10
4356,10
4357,4
4358,4
4359,9
4360,10
4361,10
4362,3
4363,7
4364,7
4365,1
4366,5
4367,2
4368,10
4369,10
4370,5
4371,9
4372,9
4373,6
4374,10
4375,4
4376,4
4377,7
4378,3
4379,7
4380,2
4381,9
4382,5
4383,6
4384,7
4385,10
4386,5
4387,5
4388,10
4389,5
4390,2
4391,7
4392,9
4393,9
4394,4
4395,2
4396,2
4397,10
4398,8
4399,2
4400,2
4401,5
4402,6
4403,3
4404,2
4405,5
4406,1
4407,6
4408,3
4409,1
4410,10
4411,5
4412,5
4413,9
4414,4
4415,2
4416,7
4417,2
4418,6
4419,7
4420,9
4421,1
4422,6
4423,7
4424,7
4425,10
4426,1
4427,7
4428,5
4429,5
4430,5
4431,5
4432,4
4433,4
4434,9
4435,3
4436,1
4437,6
4438,3
4439,6
4440,5
4441,10
4442,10
4443,4
4444,4
4445,3
4446,1
4447,1
4448,3
4449,5
4450,10
4451,10
4452,5
4453,5
4454,10
4455,9
4456,4
4457,3
4458,8
4459,9
4460,5
4461,3
4462,6
4463,9
4464,4
4465,5
4466,5
4467,5
4468,3
4469,1
4470,1
4471,1
4472,5
4473,5
4474,5
4475,5
4476,10
4477,5
4478,10
4479,5
4480,9
4481,1
4482,9
4483,7
4484,6
4485,1
4486,7
4487,7
4488,5
4489,9
4490,10
4491,6
4492,4
4493,9
4494,9
4495,3
4496,9
4497,5
4498,5
4499,5
4500,5
4501,10
4502,4
4503,3
4504,3
4505,3
4506,9
4507,1
4508,1
4509,5
4510,7
4511,1
4512,6
4513,1
4514,5
4515,10
4516,5
4517,5
4518,5
4519,10
4520,5
4521,6
4522,4
4523,4
4524,4
4525,9
4526,6
4527,5
4528,5
4529,5
4530,5
4531,4
4532,1
4533,1
4534,6
4535,10
4536,3
4537,3
4538,4
4539,2
4540,7
4541,1
4542,8
4543,3
4544,7
4545,7
4546,2
4547,2
4548,2
4549,2
4550,7
4551,10
4552,6
4553,10
4554,10
4555,10
4556,10
4557,10
4558,10
4559,4
4560,2
4561,8
4562,4
4563,8
4564,6
4565,10
4566,4
4567,6
4568,10
4569,6
4570,10
4571,8
4572,6
4573,1
4574,9
4575,10
4576,6
4577,2
4578,10
4579,7
4580,6
4581,1
4582,2
4583,2
4584,2
4585,4
4586,9
4587,10
4588,6
4589,1
4590,3
4591,3
4592,5
4593,7
4594,9
4595,1
4596,5
4597,7
4598,7
4599,7
4600,1
4601,5
4602,10
4603,10
4604,10
4605,10
4606,4
4607,5
4608,9
4609,5
4610,9
4611,3
4612,3
4613,9
4614,9
4615,1
4616,7
4617,3
4618,7
4619,3
4620,1
4621,1
4622,7
4623,3
4624,1
4625,9
4626,10
4627,1
4628,1
4629,5
4630,5
4631,10
4632,10
4633,4
4634,8
4635,5
4636,4
4637,9
4638,4
4639,9
4640,7
4641,6
4642,1
4643,3
4644,5
4645,5
4646,3
4647,7
4648,1
4649,10
4650,5
4651,1
4652,5
4653,7
4654,5
4655,5
4656,1
4657,5
4658,10
4659,5
4660,5
4661,5
4662,4
4663,4
4664,10
4665,5
4666,5
4667,5
4668,4
4669,4
4670,3
4671,4
4672,7
4673,7
4674,3
4675,10
4676,7
4677,9
4678,9
4679,10
4680,6
4681,6
4682,7
4683,1
4684,5
4685,5
4686,5
4687,5
4688,5
4689,5
4690,6
4691,4
4692,9
4693,5
4694,9
4695,8
4696,9
4697,10
4698,10
4699,10
4700,10
4701,6
4702,10
4703,10
4704,5
4705,10
4706,4
4707,9
4708,9
4709,9
4710,6
4711,6
4712,10
4713,1
4714,9
4715,8
4716,8
4717,2
4718,9
4719,3
4720,3
4721,3
4722,5
4723,7
4724,3
4725,6
4726,5
4727,1
4728,5
4729,5
4730,5
4731,6
4732,4
4733,4
4734,4
4735,9
4736,7
4737,7
4738,9
4739,5
4740,7
4741,7
4742,5
4743,8
4744,5
4745,10
4746,6
4747,4
4748,10
4749,7
4750,7
4751,9
4752,5
4753,1
4754,5
4755,7
4756,7
4757,7
4758,9
4759,5
4760,5
4761,5
4762,5
4763,10
4764,10
4765,10
4766,5
4767,4
4768,4
4769,4
4770,4
4771,4
4772,2
4773,4
4774,9
4775,4
4776,6
4777,4
4778,8
4779,9
4780,4
4781,9
4782,4
4783,10
4784,4
4785,4
4786,1
4787,4
4788,4
4789,9
4790,4
4791,7
4792,4
4793,7
4794,5
4795,10
4796,9
4797,10
4798,2
4799,8
4800,9
4801,10
4802,4
4803,8
4804,10
4805,4
4806,5
4807,5
4808,3
4809,9
4810,9
4811,7
4812,9
4813,6
4814,3
4815,6
4816,9
4817,9
4818,1
4819,9
4820,9
4821,4
4822,10
4823,6
4824,5
4825,4
4826,7
4827,7
4828,5
4829,6
4830,1
4831,8
4832,1
4833,4
4834,5
4835,5
4836,9
4837,7
4838,7
4839,7
4840,7
4841,5
4842,5
4843,10
4844,9
4845,8
4846,5
4847,9
4848,5
4849,4
4850,4
4851,4
4852,4
4853,4
4854,4
4855,9
4856,6
4857,2
4858,2
4859,7
4860,7
4861,7
4862,6
4863,9
4864,9
4865,9
4866,2
4867,2
4868,9
4869,4
4870,6
4871,6
4872,4
4873,7
4874,9
4875,9
4876,2
4877,10
4878,10
4879,10
4880,9
4881,10
4882,9
4883,10
4884,5
4885,10
4886,10
4887,10
4888,9
4889,10
4890,4
4891,3
4892,1
4893,7
4894,7
4895,5
4896,10
4897,9
4898,5
4899,9
4900,5
4901,9
4902,5
4903,9
4904,9
4905,5
4906,9
4907,1
4908,7
4909,7
4910,3
4911,7
4912,1
4913,1
4914,5
4915,9
4916,1
4917,5
4918,7
4919,2
4920,4
4921,8
4922,9
4923,9
4924,6
4925,3
4926,7
4927,5
4928,6
4929,7
4930,9
4931,7
4932,5
4933,5
4934,10
4935,10
4936,4
4937,4
4938,4
4939,2
4940,4
4941,3
4942,9
4943,6
4944,8
4945,4
4946,1
4947,5
4948,5
4949,5
4950,10
4951,5
4952,4
4953,3
4954,9
4955,8
4956,8
4957,3
4958,3
4959,5
4960,10
4961,4
4962,9
4963,5
4964,5
4965,5
4966,4
4967,4
4968,4
4969,9
4970,4
4971,4
4972,4
4973,5
4974,5
4975,8
4976,7
4977,3
4978,6
4979,1
4980,9
4981,5
4982,1
4983,1
4984,9
4985,4
4986,5
4987,7
4988,7
4989,8
4990,1
4991,7
4992,9
4993,7
4994,3
4995,6
4996,4
4997,9
4998,4
4999,10
5000,6
5001,10
5002,7
5003,1
5004,5
5005,1
5006,7
5007,5
5008,5
5009,1
5010,5
5011,5
5012,10
5013,5
5014,9
5015,7
5016,7
5017,7
5018,7
5019,9
5020,9
5021,7
5022,10
5023,4
5024,9
5025,1
5026,5
5027,1
5028,9
5029,6
5030,7
5031,5
5032,9
5033,5
5034,6
5035,5
5036,5
5037,7
5038,7
5039,10
5040,2
5041,9
5042,6
5043,8
5044,9
5045,9
5046,10
5047,6
5048,2
5049,7
5050,2
5051,9
5052,3
5053,5
5054,6
5055,9
5056,7
5057,5
5058,5
5059,9
5060,4
5061,5
5062,1
5063,4
5064,9
5065,4
5066,10
5067,6
5068,5
5069,7
5070,7
5071,5
5072,7
5073,5
5074,6
5075,8
5076,1
5077,7
5078,4
5079,10
5080,5
5081,5
5082,2
5083,10
5084,10
5085,4
5086,5
5087,7
5088,2
5089,1
5090,6
5091,7
5092,9
5093,1
5094,5
5095,1
5096,5
5097,2
5098,7
5099,4
5100,9
5101,10
5102,4
5103,4
5104,7
5105,3
5106,2
5107,6
5108,4
5109,10
5110,7
5111,6
5112,2
5113,9
5114,7
5115,5
5116,7
5117,5
5118,7
5119,9
5120,10
5121,10
5122,4
5123,4
5124,10
5125,2
5126,8
5127,8
5128,7
5129,7
5130,1
5131,1
5132,1
5133,4
5134,2
5135,9
5136,3
5137,3
5138,6
5139,10
5140,5
5141,9
5142,4
5143,9
5144,2
5145,9
5146,10
5147,9
5148,3
5149,10
5150,9
5151,3
5152,1
5153,9
5154,1
5155,10
5156,9
5157,5
5158,6
5159,10
5160,5
5161,10
5162,10
5163,5
5164,4
5165,5
5166,5
5167,10
5168,8
5169,2
5170,6
5171,10
5172,1
5173,7
5174,9
5175,9
5176,2
5177,6
5178,2
5179,9
5180,4
5181,1
5182,8
5183,7
5184,5
5185,5
5186,1
5187,7
5188,7
5189,5
5190,5
5191,5
5192,5
5193,5
5194,7
5195,3
5196,2
5197,2
5198,8
5199,2
5200,1
5201,2
5202,2
5203,4
5204,3
5205,6
5206,5
5207,1
5208,6
5209,1
5210,5
5211,5
5212,7
5213,9
5214,10
5215,9
5216,9
5217,5
5218,4
5219,8
5220,5
5221,4
5222,7
5223,2
5224,4
5225,9
5226,1
5227,6
5228,1
5229,7
5230,9
5231,2
5232,9
5233,5
5234,7
5235,3
5236,3
5237,4
5238,9
5239,4
5240,9
5241,2
5242,9
5243,3
5244,3
5245,2
5246,9
5247,3
5248,3
5249,9
5250,1
5251,10
5252,4
5253,9
5254,7
5255,7
5256,7
5257,1
5258,6
5259,8
5260,7
5261,9
5262,9
5263,9
5264,2
5265,4
5266,10
5267,1
5268,7
5269,2
5270,7
5271,7
5272,2
5273,3
5274,2
5275,2
5276,3
5277,9
5278,8
5279,9
5280,9
5281,4
5282,4
5283,10
5284,10
5285,1
5286,6
5287,2
5288,7
5289,3
5290,9
5291,7
5292,7
5293,8
5294,7
5295,7
5296,7
5297,2
5298,6
5299,2
5300,9
5301,4
5302,9
5303,9
5304,8
5305,8
5306,1
5307,6
5308,7
5309,7
5310,7
5311,7
5312,6
5313,7
5314,8
5315,1
5316,9
5317,4
5318,8
5319,3
5320,9
5321,3
5322,6
5323,6
5324,9
5325,8
5326,3
5327,7
5328,9
5329,4
5330,9
5331,10
5332,7
5333,7
5334,7
5335,7
5336,2
5337,2
5338,9
5339,9
5340,4
5341,4
5342,4
5343,8
5344,2
5345,8
5346,9
5347,9
5348,2
5349,8
5350,7
5351,1
5352,10
5353,10
5354,7
5355,9
5356,2
5357,9
5358,10
5359,9
5360,9
5361,1
5362,10
5363,1
5364,9
5365,10
5366,2
5367,9
5368,9
5369,10
5370,7
5371,10
5372,7
5373,7
5374,9
5375,2
5376,8
5377,9
5378,2
5379,9
5380,1
5381,7
5382,2
5383,2
5384,6
5385,2
5386,2
5387,8
5388,8
5389,4
5390,10
5391,9
5392,2
5393,2
5394,8
5395,7
5396,3
5397,1
5398,8
5399,8
5400,8
5401,7
5402,2
5403,2
5404,7
5405,10
5406,9
5407,4
5408,2
5409,2
5410,2
5411,10
5412,8
5413,8
5414,2
5415,2
5416,3
5417,8
5418,4
5419,1
5420,4
5421,8
5422,2
5423,2
5424,2
5425,9
5426,10
5427,10
5428,10
5429,9
5430,10
5431,10
5432,10
5433,10
5434,10
5435,9
5436,4
5437,9
5438,6
5439,7
5440,8
5441,9
5442,9
5443,10
5444,2
5445,2
5446,3
5447,7
5448,7
5449,1
5450,7
5451,9
5452,1
5453,5
5454,1
5455,3
5456,3
5457,5
5458,10
5459,1
5460,5
5461,5
5462,2
5463,5
5464,6
5465,5
5466,5
5467,6
5468,10
5469,10
5470,10
5471,2
5472,7
5473,5
5474,7
5475,10
5476,1
5477,5
5478,8
5479,5
5480,5
5481,5
5482,8
5483,8
5484,5
5485,6
5486,5
5487,4
5488,4
5489,5
5490,3
5491,9
5492,10
5493,2
5494,3
5495,6
5496,1
5497,10
5498,1
5499,1
5500,10
5501,1
5502,10
5503,10
5504,10
5505,10
5506,10
5507,10
5508,10
5509,8
5510,4
5511,4
5512,6
5513,2
5514,5
5515,6
5516,5
5517,9
5518,6
5519,5
5520,5
5521,5
5522,5
5523,10
5524,5
5525,5
5526,10
5527,10
5528,10
5529,10
5530,10
5531,10
5532,10
5533,6
5534,10
5535,10
5536,9
5537,5
5538,5
5539,10
5540,10
5541,4
5542,5
5543,8
5544,7
5545,5
5546,4
5547,4
5548,3
5549,5
5550,2
5551,5
5552,5
5553,5
5554,4
5555,8
5556,4
5557,9
5558,4
5559,3
5560,4
5561,9
5562,9
5563,6
5564,9
5565,9
5566,7
5567,4
5568,3
5569,3
5570,3
5571,9
5572,9
5573,4
5574,8
5575,9
5576,2
5577,6
5578,9
5579,9
5580,4
5581,10
5582,4
5583,10
5584,10
5585,10
5586,10
5587,10
5588,4
5589,9
5590,4
5591,4
5592,8
5593,9
5594,9
5595,8
5596,2
5597,2
5598,10
5599,8
5600,9
5601,10
5602,3
5603,7
5604,8
5605,4
5606,5
5607,5
5608,1
5609,6
5610,6
5611,3
5612,1
5613,10
5614,7
5615,6
5616,4
5617,5
5618,7
5619,5
5620,10
5621,9
5622,6
5623,7
5624,5
5625,5
5626,6
5627,3
5628,10
5629,10
5630,5
5631,5
5632,10
5633,10
5634,10
5635,10
5636,10
5637,10
5638,5
5639,10
5640,5
5641,4
5642,9
5643,5
5644,4
5645,5
5646,1
5647,9
5648,4
5649,5
5650,8
5651,9
5652,2
5653,9
5654,5
5655,10
5656,10
5657,10
5658,3
5659,5
5660,5
5661,5
5662,6
5663,7
5664,6
5665,10
5666,5
5667,10
5668,9
5669,5
5670,6
5671,10
5672,4
5673,4
5674,4
5675,4
5676,5
5677,9
5678,5
5679,5
5680,10
5681,4
5682,8
5683,9
5684,8
5685,4
5686,8
5687,5
5688,10
5689,5
5690,10
5691,4
5692,4
5693,4
5694,4
5695,5
5696,2
5697,8
5698,5
5699,6
5700,10
5701,10
5702,6
5703,6
5704,7
5705,9
5706,10
5707,3
5708,4
5709,10
5710,5
5711,9
5712,7
5713,8
5714,5
5715,9
5716,4
5717,8
5718,8
5719,9
5720,8
5721,8
5722,4
5723,7
5724,5
5725,7
5726,1
5727,10
5728,5
5729,5
5730,5
5731,10
5732,10
5733,5
5734,5
5735,7
5736,2
5737,9
5738,10
5739,4
5740,3
5741,5
5742,8
5743,10
5744,6
5745,1
5746,9
5747,5
5748,5
5749,10
5750,10
5751,5
5752,4
5753,4
5754,9
5755,9
5756,9
5757,8
5758,4
5759,6
5760,5
5761,5
5762,5
5763,2
5764,2
5765,4
5766,4
5767,1
5768,7
5769,10
5770,5
5771,5
5772,4
5773,4
5774,4
5775,10
5776,8
5777,4
5778,5
5779,5
5780,5
5781,4
5782,5
5783,5
5784,2
5785,4
5786,10
5787,5
5788,5
5789,5
5790,10
5791,5
5792,4
5793,4
5794,10
5795,4
5796,4
5797,10
5798,5
5799,5
5800,10
5801,4
5802,4
5803,8
5804,3
5805,4
5806,9
5807,6
5808,10
5809,5
5810,1
5811,5
5812,5
5813,10
5814,4
5815,5
5816,6
5817,4
5818,9
5819,9
5820,8
5821,9
5822,9
5823,10
5824,10
5825,10
5826,4
5827,10
5828,4
5829,2
5830,9
5831,2
5832,10
5833,5
5834,5
5835,4
5836,10
5837,4
5838,10
5839,5
5840,1
5841,9
5842,4
5843,10
5844,8
5845,10
5846,8
5847,8
5848,5
5849,5
5850,10
5851,4
5852,1
5853,5
5854,4
5855,2
5856,2
5857,8
5858,4
5859,8
5860,10
5861,10
5862,3
5863,4
5864,4
5865,6
5866,5
5867,5
5868,4
5869,6
5870,7
5871,9
5872,1
5873,10
5874,10
5875,10
5876,5
5877,10
5878,4
5879,8
5880,9
5881,9
5882,4
5883,7
5884,8
5885,10
5886,7
5887,8
5888,8
5889,5
5890,5
5891,1
5892,10
5893,4
5894,5
5895,5
5896,4
5897,8
5898,2
5899,9
5900,4
5901,5
5902,9
5903,10
5904,6
5905,4
5906,4
5907,9
5908,8
5909,5
5910,5
5911,6
5912,4
5913,9
5914,4
5915,10
5916,6
5917,8
5918,7
5919,5
5920,10
5921,5
5922,5
5923,8
5924,9
5925,10
5926,9
5927,9
5928,6
5929,5
5930,7
5931,7
5932,10
5933,8
5934,4
5935,8
5936,4
5937,10
5938,10
5939,10
5940,1
5941,7
5942,10
5943,10
5944,5
5945,4
5946,4
5947,4
5948,4
5949,4
5950,4
5951,4
5952,7
5953,1
5954,7
5955,10
5956,5
5957,5
5958,5
5959,9
5960,10
5961,10
5962,4
5963,9
5964,4
5965,4
5966,5
5967,5
5968,6
5969,4
5970,2
5971,9
5972,8
5973,9
5974,4
5975,4
5976,10
5977,10
5978,10
5979,5
5980,10
5981,10
5982,2
5983,2
5984,2
5985,9
5986,8
5987,2
5988,9
5989,4
5990,10
5991,2
5992,4
5993,8
5994,10
5995,3
5996,10
5997,10
5998,4
5999,5
6000,9
6001,2
6002,8
6003,5
6004,5
6005,4
6006,10
6007,10
6008,10
6009,2
6010,9
6011,2
6012,9
6013,5
6014,10
6015,9
6016,5
6017,4
6018,9
6019,9
6020,2
6021,4
6022,4
6023,5
6024,6
6025,10
6026,2
6027,4
6028,8
6029,8
6030,5
6031,5
6032,1
6033,5
6034,7
6035,5
6036,5
6037,4
6038,4
6039,4
6040,8
6041,2
6042,2
6043,1
6044,10
6045,5
6046,10
6047,5
6048,3
6049,10
6050,10
6051,9
6052,2
6053,10
6054,10
6055,5
6056,3
6057,5
6058,10
6059,10
6060,6
6061,5
6062,5
6063,3
6064,1
6065,7
6066,7
6067,5
6068,10
6069,4
6070,10
6071,10
6072,5
6073,2
6074,2
6075,10
6076,4
6077,10
6078,2
6079,8
6080,6
6081,8
6082,5
6083,3
6084,10
6085,5
6086,10
6087,10
6088,3
6089,9
6090,10
6091,6
6092,5
6093,8
6094,9
6095,8
6096,10
6097,10
6098,8
6099,1
6100,7
6101,3
6102,5
6103,6
6104,10
6105,5
6106,10
6107,4
6108,5
6109,2
6110,2
6111,5
6112,8
6113,10
6114,4
6115,2
6116,8
6117,7
6118,10
6119,5
6120,5
6121,10
6122,4
6123,5
6124,5
6125,5
6126,5
6127,10
6128,5
6129,10
6130,5
6131,10
6132,6
6133,6
6134,2
6135,2
6136,2
6137,3
6138,6
6139,5
6140,10
6141,5
6142,10
6143,4
6144,4
6145,4
6146,5
6147,6
6148,8
6149,10
6150,10
6151,10
6152,5
6153,5
6154,8
6155,7
6156,1
6157,5
6158,10
6159,7
6160,7
6161,5
6162,10
6163,10
6164,4
6165,5
6166,5
6167,4
6168,10
6169,6
6170,4
6171,5
6172,9
6173,10
6174,7
6175,7
6176,9
6177,9
6178,4
6179,4
6180,4
6181,5
6182,5
6183,5
6184,10
6185,10
6186,4
6187,9
6188,4
6189,8
6190,6
6191,6
6192,1
6193,5
6194,5
6195,10
6196,4
6197,4
6198,2
6199,8
6200,5
6201,1
6202,6
6203,7
6204,4
6205,5
6206,10
6207,5
6208,10
6209,6
6210,10
6211,4
6212,4
6213,4
6214,5
6215,10
6216,10
6217,10
6218,10
6219,10
6220,1
6221,6
6222,10
6223,10
6224,10
6225,1
6226,10
6227,7
6228,7
6229,10
6230,8
6231,7
6232,6
6233,10
6234,4
6235,4
6236,4
6237,4
6238,4
6239,9
6240,9
6241,5
6242,8
6243,6
6244,5
6245,4
6246,10
6247,5
6248,5
6249,5
6250,9
6251,9
6252,1
6253,1
6254,5
6255,1
6256,5
6257,10
6258,4
6259,5
6260,2
6261,4
6262,10
6263,4
6264,9
6265,9
6266,2
6267,9
6268,9
6269,9
6270,9
6271,9
6272,5
6273,5
6274,6
6275,7
6276,10
6277,5
6278,5
6279,4
6280,4
6281,5
6282,10
6283,5
6284,10
6285,4
6286,3
6287,6
6288,6
6289,10
6290,10
6291,5
6292,10
6293,10
6294,5
6295,10
6296,4
6297,5
6298,1
6299,6
6300,10
6301,4
6302,10
6303,5
6304,4
6305,5
6306,5
6307,5
6308,5
6309,10
6310,5
6311,10
6312,4
6313,6
6314,10
6315,4
6316,4
6317,5
6318,10
6319,5
6320,4
6321,4
6322,2
6323,2
6324,7
6325,5
6326,4
6327,5
6328,1
6329,10
6330,10
6331,10
6332,4
6333,4
6334,5
6335,6
6336,4
6337,4
6338,7
6339,8
6340,5
6341,5
6342,10
6343,10
6344,5
6345,6
6346,4
6347,3
6348,6
6349,4
6350,3
6351,5
6352,5
6353,5
6354,4
6355,4
6356,5
6357,5
6358,10
6359,5
6360,4
6361,5
6362,5
6363,9
6364,9
6365,9
6366,10
6367,4
6368,8
6369,5
6370,5
6371,4
6372,5
6373,4
6374,9
6375,10
6376,4
6377,9
6378,9
6379,8
6380,10
6381,10
6382,5
6383,5
6384,4
6385,9
6386,6
6387,10
6388,4
6389,4
6390,4
6391,9
6392,10
6393,4
6394,10
6395,10
6396,10
6397,9
6398,6
6399,5
6400,2
6401,2
6402,5
6403,5
6404,7
6405,10
6406,10
6407,10
6408,10
6409,4
6410,5
6411,8
6412,2
6413,2
6414,5
6415,4
6416,9
6417,1
6418,10
6419,4
6420,8
6421,9
6422,4
6423,4
6424,10
6425,4
6426,5
6427,5
6428,4
6429,8
6430,5
6431,4
6432,8
6433,7
6434,10
6435,5
6436,8
6437,9
6438,3
6439,5
6440,6
6441,10
6442,5
6443,4
6444,2
6445,9
6446,9
6447,5
6448,10
6449,4
6450,5
6451,5
6452,5
6453,7
6454,9
6455,5
6456,10
6457,8
6458,4
6459,5
6460,3
6461,9
6462,4
6463,7
6464,5
6465,6
6466,5
6467,5
6468,3
6469,5
6470,5
6471,5
6472,5
6473,10
6474,5
6475,10
6476,5
6477,9
6478,3
6479,2
6480,4
6481,10
6482,4
6483,5
6484,5
6485,5
6486,4
6487,6
6488,5
6489,4
6490,5
6491,7
6492,5
6493,5
6494,5
6495,4
6496,4
6497,10
6498,10
6499,10
6500,10
6501,9
6502,5
6503,5
6504,5
6505,10
6506,4
6507,4
6508,4
6509,4
6510,9
6511,3
6512,5
6513,10
6514,10
6515,4
6516,4
6517,4
6518,10
6519,10
6520,6
6521,7
6522,5
6523,5
6524,5
6525,9
6526,6
6527,4
6528,6
6529,10
6530,7
6531,10
6532,4
6533,9
6534,5
6535,2
6536,8
6537,7
6538,5
6539,10
6540,2
6541,4
6542,8
6543,4
6544,10
6545,8
6546,1
6547,7
6548,5
6549,5
6550,10
6551,10
6552,10
6553,4
6554,5
6555,5
6556,2
6557,5
6558,5
6559,5
6560,5
6561,2
6562,2
6563,2
6564,9
6565,5
6566,5
6567,5
6568,5
6569,5
6570,5
6571,10
6572,4
6573,8
6574,2
6575,9
6576,2
6577,6
6578,8
6579,2
6580,10
6581,4
6582,5
6583,3
6584,10
6585,5
6586,5
6587,3
6588,5
6589,7
6590,10
6591,4
6592,9
6593,4
6594,4
6595,5
6596,4
6597,2
6598,2
6599,2
6600,10
6601,8
6602,4
6603,10
6604,10
6605,5
6606,5
6607,7
6608,3
6609,7
6610,6
6611,9
6612,4
6613,4
6614,4
6615,4
6616,2
6617,9
6618,9
6619,9
6620,10
6621,7
6622,10
6623,5
6624,5
6625,5
6626,4
6627,8
6628,8
6629,10
6630,5
6631,4
6632,2
6633,2
6634,10
6635,8
6636,5
6637,10
6638,10
6639,6
6640,10
6641,5
6642,6
6643,10
6644,4
6645,5
6646,2
6647,5
6648,8
6649,2
6650,8
6651,3
6652,5
6653,10
6654,5
6655,4
6656,2
6657,9
6658,10
6659,10
6660,9
6661,6
6662,10
6663,6
6664,4
6665,4
6666,1
6667,10
6668,5
6669,4
6670,4
6671,4
6672,8
6673,10
6674,10
6675,10
6676,5
6677,10
6678,4
6679,5
6680,5
6681,5
6682,10
6683,10
6684,2
6685,4
6686,9
6687,8
6688,6
6689,9
6690,4
6691,3
6692,5
6693,10
6694,10
6695,10
6696,5
6697,4
6698,9
6699,10
6700,5
6701,1
6702,4
6703,5
6704,10
6705,10
6706,4
6707,5
6708,5
6709,5
6710,5
6711,4
6712,8
6713,2
6714,8
6715,9
6716,4
6717,5
6718,6
6719,4
6720,1
6721,10
6722,5
6723,10
6724,10
6725,10
6726,4
6727,4
6728,1
6729,9
6730,1
6731,7
6732,5
6733,8
6734,10
6735,2
6736,6
6737,4
6738,10
6739,10
6740,8
6741,5
6742,6
6743,3
6744,5
6745,5
6746,5
6747,10
6748,5
6749,10
6750,5
6751,10
6752,4
6753,4
6754,2
6755,9
6756,7
6757,5
6758,5
6759,4
6760,10
6761,5
6762,4
6763,5
6764,2
6765,5
6766,10
6767,5
6768,5
6769,10
6770,10
6771,5
6772,4
6773,4
6774,4
6775,8
6776,3
6777,5
6778,3
6779,10
6780,5
6781,4
6782,2
6783,6
6784,8
6785,10
6786,5
6787,5
6788,5
6789,10
6790,4
6791,5
6792,4
6793,3
6794,4
6795,4
6796,10
6797,3
6798,9
6799,2
6800,9
6801,10
6802,10
6803,6
6804,5
6805,5
6806,5
6807,5
6808,5
6809,5
6810,5
6811,5
6812,10
6813,5
6814,5
6815,4
6816,4
6817,4
6818,5
6819,10
6820,2
6821,6
6822,10
6823,3
6824,3
6825,5
6826,4
6827,5
6828,6
6829,9
6830,4
6831,8
6832,5
6833,5
6834,5
6835,2
6836,5
6837,5
6838,5
6839,5
6840,10
6841,7
6842,5
6843,4
6844,5
6845,9
6846,2
6847,2
6848,3
6849,4
6850,3
6851,3
6852,5
6853,5
6854,5
6855,3
6856,6
6857,7
6858,6
6859,5
6860,5
6861,5
6862,5
6863,10
6864,4
6865,5
6866,5
6867,8
6868,10
6869,10
6870,10
6871,4
6872,5
6873,2
6874,3
6875,5
6876,5
6877,5
6878,10
6879,5
6880,7
6881,7
6882,7
6883,7
6884,7
6885,2
6886,2
6887,2
6888,4
6889,6
6890,10
6891,1
6892,1
6893,6
6894,7
6895,6
6896,2
6897,2
6898,8
6899,5
6900,7
6901,5
6902,7
6903,5
6904,5
6905,10
6906,10
6907,5
6908,4
6909,4
6910,6
6911,4
6912,5
6913,10
6914,6
6915,10
6916,10
6917,10
6918,10
6919,5
6920,4
6921,8
6922,8
6923,1
6924,3
6925,3
6926,5
6927,5
6928,5
6929,4
6930,3
6931,6
6932,4
6933,6
6934,8
6935,3
6936,5
6937,4
6938,7
6939,5
6940,10
6941,10
6942,4
6943,3
6944,5
6945,7
6946,10
6947,1
6948,5
6949,7
6950,5
6951,4
6952,1
6953,6
6954,9
6955,5
6956,8
6957,1
6958,1
6959,5
6960,4
6961,8
6962,3
6963,2
6964,9
6965,5
6966,4
6967,8
6968,5
6969,4
6970,7
6971,5
6972,5
6973,10
6974,10
6975,9
6976,10
6977,10
6978,3
6979,8
6980,6
6981,4
6982,8
6983,5
6984,7
6985,5
6986,1
6987,10
6988,10
6989,10
6990,10
6991,5
6992,1
6993,5
6994,10
6995,5
6996,4
6997,2
6998,9
6999,6
7000,5
7001,10
7002,8
7003,5
7004,1
7005,5
7006,5
7007,6
7008,9
7009,5
7010,4
7011,1
7012,6
7013,1
7014,3
7015,5
7016,7
7017,6
7018,5
7019,5
7020,6
7021,5
7022,10
7023,4
7024,9
7025,5
7026,5
7027,10
7028,5
7029,5
7030,5
7031,5
7032,9
7033,4
7034,5
7035,4
7036,1
7037,5
7038,4
7039,5
7040,5
7041,10
7042,5
7043,4
7044,4
7045,9
7046,5
7047,8
7048,5
7049,3
7050,10
7051,4
7052,4
7053,6
7054,8
7055,3
7056,7
7057,5
7058,5
7059,5
7060,8
7061,9
7062,4
7063,6
7064,3
7065,3
7066,7
7067,5
7068,10
7069,5
7070,5
7071,6
7072,3
7073,1
7074,5
7075,10
7076,5
7077,10
7078,4
7079,5
7080,5
7081,6
7082,7
7083,7
7084,10
7085,4
7086,5
7087,4
7088,8
7089,7
7090,6
7091,1
7092,4
7093,1
7094,9
7095,10
7096,6
7097,7
7098,2
7099,3
7100,4
7101,8
7102,5
7103,8
7104,3
7105,5
7106,10
7107,5
7108,5
7109,10
7110,4
7111,4
7112,5
7113,1
7114,1
7115,7
7116,7
7117,1
7118,5
7119,5
7120,10
7121,4
7122,4
7123,2
7124,2
7125,9
7126,3
7127,4
7128,10
7129,10
7130,10
7131,6
7132,10
7133,6
7134,10
7135,10
7136,10
7137,10
7138,10
7139,10
7140,8
7141,6
7142,3
7143,4
7144,6
7145,8
7146,3
7147,7
7148,7
7149,4
7150,4
7151,4
7152,7
7153,5
7154,3
7155,1
7156,5
7157,10
7158,5
7159,5
7160,10
7161,2
7162,2
7163,9
7164,4
7165,5
7166,1
7167,7
7168,6
7169,9
7170,1
7171,1
7172,5
7173,1
7174,5
7175,3
7176,5
7177,5
7178,5
7179,5
7180,6
7181,5
7182,5
7183,5
7184,4
7185,4
7186,9
7187,10
7188,10
7189,10
7190,10
7191,10
7192,10
7193,10
7194,10
7195,9
7196,10
7197,10
7198,10
7199,10
7200,3
7201,5
7202,7
7203,5
7204,10
7205,4
7206,4
7207,4
7208,5
7209,5
7210,1
7211,5
7212,10
7213,4
7214,10
7215,4
7216,4
7217,9
7218,9
7219,8
7220,4
7221,4
7222,1
7223,5
7224,5
7225,5
7226,7
7227,9
7228,5
7229,10
7230,5
7231,5
7232,5
7233,6
7234,5
7235,9
7236,10
7237,7
7238,7
7239,4
7240,8
7241,9
7242,6
7243,7
7244,7
7245,6
7246,8
7247,2
7248,4
7249,5
7250,4
7251,7
7252,5
7253,6
7254,7
7255,10
7256,4
7257,6
7258,9
7259,5
7260,5
7261,7
7262,5
7263,5
7264,10
7265,5
7266,6
7267,9
7268,5
7269,5
7270,9
7271,1
7272,1
7273,10
7274,10
7275,8
7276,4
7277,5
7278,10
7279,5
7280,10
7281,10
7282,3
7283,9
7284,3
7285,9
7286,6
7287,6
7288,4
7289,4
7290,6
7291,4
7292,4
7293,5
7294,7
7295,3
7296,6
7297,6
7298,10
7299,10
7300,5
7301,7
7302,1
7303,7
7304,8
7305,5
7306,6
7307,10
7308,5
7309,9
7310,2
7311,8
7312,9
7313,1
7314,8
7315,1
7316,8
7317,9
7318,9
7319,6
7320,5
7321,10
7322,4
7323,5
7324,8
7325,10
7326,4
7327,6
7328,5
7329,5
7330,5
7331,4
7332,7
7333,1
7334,5
7335,8
7336,1
7337,3
7338,5
7339,7
7340,9
7341,2
7342,9
7343,2
7344,9
7345,9
7346,6
7347,8
7348,6
7349,9
7350,9
7351,5
7352,6
7353,2
7354,9
7355,9
7356,9
7357,5
7358,9
7359,9
7360,8
7361,6
7362,4
7363,9
7364,4
7365,5
7366,4
7367,1
7368,3
7369,1
7370,5
7371,6
7372,1
7373,5
7374,5
7375,8
7376,4
7377,7
7378,1
7379,9
7380,5
7381,5
7382,4
7383,4
7384,9
7385,8
7386,5
7387,2
7388,6
7389,3
7390,9
7391,9
7392,9
7393,7
7394,7
7395,7
7396,6
7397,7
7398,5
7399,6
7400,3
7401,1
7402,7
7403,7
7404,5
7405,6
7406,9
7407,9
7408,6
7409,1
7410,4
7411,1
7412,6
7413,1
7414,5
7415,4
7416,1
7417,1
7418,7
7419,5
7420,1
7421,5
7422,10
7423,4
7424,5
7425,10
7426,2
7427,2
7428,8
7429,3
7430,9
7431,4
7432,9
7433,4
7434,10
7435,1
7436,7
7437,4
7438,1
7439,5
7440,1
7441,8
7442,5
7443,9
7444,5
7445,5
7446,5
7447,5
7448,1
7449,1
7450,6
7451,7
7452,9
7453,9
7454,6
7455,9
7456,3
7457,6
7458,6
7459,10
7460,6
7461,6
7462,2
7463,9
7464,5
7465,5
7466,7
7467,4
7468,10
7469,9
7470,8
7471,6
7472,9
7473,1
7474,10
7475,6
7476,9
7477,3
7478,9
7479,7
7480,1
7481,1
7482,4
7483,4
7484,10
7485,6
7486,9
7487,1
7488,1
7489,1
7490,1
7491,1
7492,9
7493,10
7494,7
7495,7
7496,7
7497,7
7498,1
7499,6
7500,1
7501,1
7502,6
7503,5
7504,5
7505,5
7506,4
7507,5
7508,5
7509,9
7510,10
7511,6
7512,9
7513,2
7514,4
7515,1
7516,3
7517,1
7518,5
7519,5
7520,6
7521,5
7522,10
7523,10
7524,4
7525,4
7526,8
7527,10
7528,5
7529,7
7530,2
7531,8
7532,7
7533,7
7534,4
7535,8
7536,6
7537,3
7538,4
7539,3
7540,3
7541,1
7542,1
7543,1
7544,5
7545,5
7546,7
7547,5
7548,7
7549,5
7550,5
7551,5
7552,4
7553,8
7554,10
7555,4
7556,10
7557,4
7558,6
7559,4
7560,6
7561,1
7562,1
7563,1
7564,3
7565,3
7566,7
7567,1
7568,6
7569,5
7570,7
7571,7
7572,10
7573,10
7574,10
7575,10
7576,7
7577,10
7578,5
7579,4
7580,5
7581,4
7582,4
7583,4
7584,8
7585,7
7586,7
7587,6
7588,5
7589,9
7590,2
7591,6
7592,4
7593,6
7594,8
7595,7
7596,4
7597,8
7598,3
7599,1
7600,1
7601,7
7602,6
7603,5
7604,10
7605,10
7606,5
7607,5
7608,4
7609,9
7610,7
7611,9
7612,2
7613,9
7614,6
7615,9
7616,3
7617,9
7618,5
7619,8
7620,7
7621,5
7622,4
7623,5
7624,8
7625,5
7626,1
7627,7
7628,5
7629,4
7630,4
7631,8
7632,7
7633,2
7634,2
7635,2
7636,2
7637,9
7638,6
7639,3
7640,4
7641,10
7642,2
7643,5
7644,3
7645,7
7646,6
7647,5
7648,5
7649,5
7650,4
7651,2
7652,1
7653,7
7654,9
7655,5
7656,4
7657,5
7658,6
7659,7
7660,7
7661,7
7662,7
7663,2
7664,10
7665,7
7666,7
7667,1
7668,5
7669,5
7670,8
7671,1
7672,3
7673,1
7674,5
7675,10
7676,5
7677,5
7678,8
7679,4
7680,1
7681,6
7682,5
7683,7
7684,5
7685,5
7686,4
7687,2
7688,2
7689,6
7690,5
7691,9
7692,6
7693,1
7694,3
7695,5
7696,7
7697,10
7698,7
7699,7
7700,5
7701,4
7702,5
7703,4
7704,5
7705,9
7706,1
7707,3
7708,2
7709,9
7710,10
7711,2
7712,7
7713,7
7714,1
7715,5
7716,5
7717,1
7718,7
7719,5
7720,7
7721,4
7722,10
7723,10
7724,5
7725,6
7726,5
7727,4
7728,8
7729,4
7730,1
7731,3
7732,5
7733,7
7734,7
7735,7
7736,5
7737,10
7738,5
7739,9
7740,6
7741,3
7742,8
7743,6
7744,9
7745,9
7746,8
7747,7
7748,10
7749,3
7750,10
7751,8
7752,6
7753,4
7754,5
7755,3
7756,5
7757,5
7758,10
7759,5
7760,10
7761,4
7762,2
7763,2
7764,8
7765,4
7766,7
7767,7
7768,7
7769,7
7770,1
7771,6
7772,5
7773,7
7774,7
7775,9
7776,8
7777,2
7778,9
7779,7
7780,9
7781,6
7782,10
7783,3
7784,3
7785,6
7786,1
7787,10
7788,8
7789,5
7790,1
7791,9
7792,7
7793,6
7794,7
7795,6
7796,9
7797,9
7798,10
7799,8
7800,4
7801,4
7802,5
7803,5
7804,9
7805,5
7806,5
7807,7
7808,5
7809,10
7810,5
7811,5
7812,5
7813,4
7814,8
7815,5
7816,9
7817,7
7818,7
7819,7
7820,8
7821,8
7822,3
7823,1
7824,1
7825,1
7826,3
7827,5
7828,7
7829,5
7830,1
7831,5
7832,4
7833,8
7834,4
7835,6
7836,7
7837,6
7838,1
7839,1
7840,3
7841,5
7842,10
7843,5
7844,8
7845,6
7846,2
7847,1
7848,3
7849,1
7850,1
7851,7
7852,7
7853,7
7854,6
7855,5
7856,4
7857,5
7858,8
7859,3
7860,8
7861,2
7862,4
7863,9
7864,2
7865,1
7866,4
7867,4
7868,3
7869,5
7870,5
7871,5
7872,5
7873,10
7874,5
7875,6
7876,2
7877,3
7878,1
7879,1
7880,7
7881,1
7882,9
7883,1
7884,5
7885,6
7886,1
7887,5
7888,5
7889,4
7890,5
7891,8
7892,2
7893,2
7894,4
7895,4
7896,2
7897,6
7898,9
7899,2
7900,7
7901,7
7902,7
7903,6
7904,7
7905,7
7906,1
7907,4
7908,7
7909,7
7910,7
7911,1
7912,2
7913,2
7914,2
7915,3
7916,5
7917,8
7918,5
7919,1
7920,1
7921,3
7922,7
7923,7
7924,7
7925,5
7926,10
7927,10
7928,10
7929,4
7930,7
7931,7
7932,7
7933,7
7934,9
7935,9
7936,8
7937,7
7938,8
7939,5
7940,3
7941,10
7942,7
7943,7
7944,1
7945,5
7946,5
7947,6
7948,5
7949,4
7950,6
7951,7
7952,3
7953,7
7954,5
7955,7
7956,10
7957,10
7958,8
7959,4
7960,2
7961,9
7962,10
7963,7
7964,10
7965,7
7966,3
7967,8
7968,3
7969,5
7970,1
7971,1
7972,7
7973,7
7974,6
7975,1
7976,3
7977,10
7978,7
7979,5
7980,10
7981,10
7982,6
7983,6
7984,8
7985,1
7986,5
7987,4
7988,3
7989,1
7990,6
7991,1
7992,7
7993,7
7994,7
7995,5
7996,10
7997,10
7998,4
7999,2
8000,9
8001,9
8002,10
8003,7
8004,4
8005,5
8006,6
8007,10
8008,4
8009,4
8010,7
8011,6
8012,1
8013,5
8014,10
8015,10
8016,1
8017,2
8018,2
8019,10
8020,7
8021,3
8022,5
8023,5
8024,1
8025,10
8026,7
8027,6
8028,10
8029,5
8030,9
8031,4
8032,9
8033,7
8034,10
8035,10
8036,7
8037,3
8038,2
8039,2
8040,2
8041,2
8042,7
8043,1
8044,7
8045,1
8046,5
8047,5
8048,4
8049,5
8050,7
8051,10
8052,5
8053,5
8054,5
8055,6
8056,4
8057,5
8058,4
8059,4
8060,9
8061,3
8062,9
8063,7
8064,5
8065,1
8066,7
8067,7
8068,7
8069,10
8070,5
8071,9
8072,9
8073,10
8074,1
8075,7
8076,5
8077,5
8078,5
8079,5
8080,5
8081,4
8082,8
8083,3
8084,6
8085,5
8086,5
8087,10
8088,10
8089,10
8090,5
8091,9
8092,3
8093,4
8094,4
8095,7
8096,7
8097,10
8098,2
8099,2
8100,9
8101,3
8102,3
8103,3
8104,2
8105,2
8106,4
8107,10
8108,3
8109,5
8110,6
8111,5
8112,5
8113,1
8114,10
8115,5
8116,10
8117,5
8118,3
8119,9
8120,2
8121,3
8122,8
8123,2
8124,3
8125,10
8126,10
8127,5
8128,2
8129,2
8130,2
8131,1
8132,5
8133,7
8134,5
8135,8
8136,1
8137,9
8138,7
8139,5
8140,5
8141,3
8142,4
8143,3
8144,5
8145,5
8146,5
8147,10
8148,4
8149,3
8150,5
8151,5
8152,1
8153,5
8154,5
8155,5
8156,4
8157,2
8158,2
8159,9
8160,3
8161,9
8162,10
8163,1
8164,10
8165,4
8166,1
8167,9
8168,5
8169,5
8170,10
8171,4
8172,5
8173,2
8174,2
8175,2
8176,9
8177,1
8178,9
8179,7
8180,8
8181,2
8182,1
8183,5
8184,7
8185,7
8186,6
8187,5
8188,5
8189,4
8190,4
8191,2
8192,7
8193,5
8194,4
8195,10
8196,5
8197,9
8198,2
8199,2
8200,3
8201,9
8202,8
8203,8
8204,7
8205,7
8206,6
8207,5
8208,5
8209,5
8210,10
8211,5
8212,5
8213,8
8214,6
8215,4
8216,7
8217,2
8218,2
8219,10
8220,10
8221,10
8222,10
8223,10
8224,10
8225,10
8226,4
8227,5
8228,4
8229,4
8230,4
8231,7
8232,7
8233,7
8234,7
8235,3
8236,6
8237,10
8238,1
8239,9
8240,7
8241,1
8242,8
8243,1
8244,1
8245,2
8246,9
8247,5
8248,4
8249,5
8250,1
8251,7
8252,7
8253,5
8254,10
8255,10
8256,10
8257,5
8258,8
8259,5
8260,5
8261,10
8262,7
8263,5
8264,3
8265,8
8266,10
8267,10
8268,6
8269,7
8270,5
8271,5
8272,9
8273,3
8274,2
8275,4
8276,4
8277,10
8278,5
8279,3
8280,10
8281,5
8282,5
8283,5
8284,10
8285,3
8286,5
8287,5
8288,10
8289,5
8290,2
8291,4
8292,4
8293,10
8294,3
8295,8
8296,9
8297,1
8298,1
8299,1
8300,1
8301,1
8302,1
8303,4
8304,9
8305,10
8306,3
8307,5
8308,5
8309,3
8310,7
8311,7
8312,10
8313,4
8314,5
8315,5
8316,10
8317,10
8318,3
8319,2
8320,9
8321,3
8322,8
8323,7
8324,6
8325,1
8326,5
8327,5
8328,10
8329,9
8330,6
8331,10
8332,5
8333,5
8334,10
8335,10
8336,4
8337,8
8338,4
8339,9
8340,10
8341,10
8342,10
8343,5
8344,4
8345,8
8346,9
8347,4
8348,9
8349,2
8350,8
8351,2
8352,9
8353,5
8354,4
8355,9
8356,8
8357,3
8358,5
8359,5
8360,7
8361,7
8362,3
8363,10
8364,7
8365,5
8366,5
8367,4
8368,8
8369,4
8370,1
8371,1
8372,5
8373,10
8374,9
8375,4
8376,5
8377,7
8378,8
8379,7
8380,1
8381,1
8382,5
8383,5
8384,9
8385,6
8386,3
8387,3
8388,8
8389,5
8390,5
8391,1
8392,5
8393,8
8394,8
8395,5
8396,5
8397,4
8398,8
8399,10
8400,5
8401,6
8402,4
8403,4
8404,8
8405,7
8406,10
8407,10
8408,3
8409,10
8410,10
8411,8
8412,10
8413,10
8414,10
8415,10
8416,10
8417,1
8418,8
8419,1
8420,1
8421,5
8422,5
8423,4
8424,3
8425,3
8426,3
8427,1
8428,6
8429,9
8430,1
8431,9
8432,7
8433,1
8434,1
8435,4
8436,4
8437,4
8438,4
8439,4
8440,8
8441,3
8442,6
8443,1
8444,5
8445,7
8446,7
8447,10
8448,6
8449,4
8450,9
8451,4
8452,9
8453,1
8454,2
8455,5
8456,5
8457,9
8458,10
8459,10
8460,10
8461,10
8462,10
8463,10
8464,10
8465,4
8466,5
8467,1
8468,9
8469,6
8470,5
8471,5
8472,5
8473,5
8474,5
8475,10
8476,10
8477,8
8478,4
8479,3
8480,10
8481,10
8482,10
8483,10
8484,10
8485,10
8486,7
8487,3
8488,9
8489,7
8490,5
8491,10
8492,5
8493,10
8494,4
8495,2
8496,9
8497,8
8498,5
8499,10
8500,6
8501,5
8502,4
8503,4
8504,3
8505,8
8506,4
8507,4
8508,5
8509,3
8510,7
8511,10
8512,5
8513,5
8514,1
8515,10
8516,1
8517,1
8518,1
8519,10
8520,7
8521,5
8522,7
8523,5
8524,5
8525,5
8526,6
8527,4
8528,9
8529,4
8530,4
8531,9
8532,7
8533,8
8534,10
8535,9
8536,7
8537,3
8538,1
8539,6
8540,10
8541,7
8542,5
8543,10
8544,5
8545,5
8546,4
8547,4
8548,7
8549,7
8550,10
8551,6
8552,9
8553,2
8554,9
8555,9
8556,8
8557,5
8558,4
8559,4
8560,6
8561,4
8562,4
8563,9
8564,7
8565,1
8566,1
8567,7
8568,7
8569,7
8570,10
8571,5
8572,8
8573,5
8574,7
8575,5
8576,7
8577,10
8578,9
8579,4
8580,7
8581,7
8582,6
8583,5
8584,5
8585,10
8586,9
8587,5
8588,5
8589,5
8590,4
8591,4
8592,8
8593,5
8594,7
8595,2
8596,2
8597,3
8598,5
8599,9
8600,5
8601,1
8602,6
8603,7
8604,6
8605,6
8606,10
8607,10
8608,4
8609,9
8610,4
8611,8
8612,8
8613,10
8614,4
8615,3
8616,1
8617,6
8618,4
8619,4
8620,8
8621,5
8622,10
8623,3
8624,4
8625,10
8626,9
8627,5
8628,7
8629,7
8630,7
8631,7
8632,7
8633,9
8634,10
8635,3
8636,9
8637,9
8638,9
8639,2
8640,6
8641,7
8642,5
8643,10
8644,1
8645,6
8646,5
8647,5
8648,6
8649,7
8650,5
8651,10
8652,10
8653,2
8654,9
8655,9
8656,1
8657,9
8658,6
8659,6
8660,5
8661,4
8662,4
8663,7
8664,1
8665,5
8666,7
8667,7
8668,5
8669,10
8670,4
8671,6
8672,6
8673,5
8674,5
8675,7
8676,10
8677,10
8678,5
8679,5
8680,10
8681,4
8682,4
8683,5
8684,10
8685,1
8686,7
8687,2
8688,3
8689,3
8690,6
8691,4
8692,9
8693,4
8694,10
8695,9
8696,3
8697,5
8698,1
8699,6
8700,5
8701,10
8702,5
8703,9
8704,9
8705,3
8706,9
8707,1
8708,1
8709,8
8710,6
8711,5
8712,9
8713,7
8714,6
8715,6
8716,10
8717,1
8718,9
8719,6
8720,1
8721,7
8722,7
8723,10
8724,5
8725,5
8726,9
8727,4
8728,4
8729,9
8730,8
8731,7
8732,6
8733,7
8734,7
8735,5
8736,4
8737,5
8738,10
8739,5
8740,5
8741,5
8742,9
8743,3
8744,7
8745,6
8746,3
8747,2
8748,4
8749,4
8750,9
8751,7
8752,10
8753,5
8754,10
8755,5
8756,5
8757,5
8758,10
8759,7
8760,2
8761,10
8762,2
8763,9
8764,6
8765,10
8766,10
8767,5
8768,1
8769,1
8770,6
8771,5
8772,5
8773,9
8774,1
8775,9
8776,7
8777,7
8778,9
8779,5
8780,7
8781,5
8782,3
8783,4
8784,2
8785,8
8786,6
8787,4
8788,5
8789,9
8790,2
8791,9
8792,3
8793,8
8794,1
8795,9
8796,6
8797,9
8798,10
8799,10
8800,9
8801,4
8802,8
8803,4
8804,10
8805,9
8806,2
8807,1
8808,1
8809,1
8810,3
8811,1
8812,5
8813,10
8814,5
8815,9
8816,10
8817,9
8818,8
8819,2
8820,6
8821,10
8822,9
8823,9
8824,6
8825,3
8826,3
8827,1
8828,1
8829,1
8830,1
8831,3
8832,5
8833,5
8834,6
8835,1
8836,5
8837,10
8838,4
8839,5
8840,4
8841,4
8842,9
8843,7
8844,7
8845,4
8846,9
8847,9
8848,9
8849,3
8850,2
8851,9
8852,5
8853,8
8854,5
8855,9
8856,1
8857,1
8858,8
8859,5
8860,5
8861,5
8862,5
8863,10
8864,10
8865,9
8866,5
8867,1
8868,7
8869,5
8870,5
8871,10
8872,5
8873,5
8874,7
8875,9
8876,7
8877,8
8878,2
8879,2
8880,6
8881,6
8882,10
8883,8
8884,3
8885,10
8886,4
8887,4
8888,9
8889,4
8890,5
8891,9
8892,1
8893,6
8894,1
8895,6
8896,1
8897,8
8898,9
8899,6
8900,3
8901,9
8902,7
8903,1
8904,5
8905,5
8906,9
8907,4
8908,4
8909,4
8910,9
8911,6
8912,1
8913,7
8914,7
8915,7
8916,5
8917,7
8918,7
8919,4
8920,1
8921,1
8922,9
8923,5
8924,2
8925,2
8926,2
8927,7
8928,3
8929,7
8930,5
8931,9
8932,6
8933,10
8934,1
8935,4
8936,7
8937,5
8938,5
8939,7
8940,6
8941,5
8942,5
8943,4
8944,4
8945,2
8946,7
8947,2
8948,6
8949,6
8950,4
8951,5
8952,1
8953,7
8954,1
8955,1
8956,6
8957,1
8958,5
8959,6
8960,1
8961,7
8962,7
8963,5
8964,5
8965,5
8966,4
8967,10
8968,9
8969,5
8970,2
8971,9
8972,9
8973,9
8974,6
8975,9
8976,9
8977,7
8978,4
8979,1
8980,5
8981,1
8982,1
8983,1
8984,5
8985,7
8986,1
8987,6
8988,5
8989,7
8990,5
8991,7
8992,6
8993,6
8994,5
8995,4
8996,5
8997,1
8998,7
8999,9
9000,6
9001,5
9002,1
9003,7
9004,7
9005,2
9006,3
9007,9
9008,6
9009,9
9010,9
9011,6
9012,6
9013,4
9014,4
9015,3
9016,10
9017,8
9018,8
9019,7
9020,5
9021,5
9022,10
9023,10
9024,6
9025,4
9026,9
9027,5
9028,7
9029,5
9030,3
9031,3
9032,7
9033,7
9034,5
9035,5
9036,4
9037,9
9038,2
9039,3
9040,10
9041,3
9042,9
9043,2
9044,9
9045,10
9046,1
9047,1
9048,4
9049,7
9050,5
9051,5
9052,5
9053,7
9054,8
9055,6
9056,6
9057,4
9058,10
9059,2
9060,4
9061,9
9062,9
9063,1
9064,8
9065,1
9066,1
9067,5
9068,6
9069,1
9070,5
9071,4
9072,6
9073,10
9074,10
9075,10
9076,6
9077,5
9078,4
9079,4
9080,3
9081,8
9082,1
9083,4
9084,3
9085,9
9086,2
9087,9
9088,4
9089,7
9090,1
9091,7
9092,7
9093,9
9094,9
9095,9
9096,9
9097,6
9098,1
9099,7
9100,9
9101,7
9102,3
9103,5
9104,1
9105,1
9106,5
9107,7
9108,7
9109,5
9110,7
9111,10
9112,4
9113,10
9114,5
9115,10
9116,8
9117,9
9118,7
9119,3
9120,6
9121,4
9122,7
9123,9
9124,8
9125,9
9126,9
9127,4
9128,3
9129,3
9130,9
9131,1
9132,7
9133,7
9134,7
9135,5
9136,4
9137,5
9138,7
9139,7
9140,7
9141,2
9142,4
9143,3
9144,1
9145,3
9146,5
9147,7
9148,1
9149,1
9150,1
9151,5
9152,3
9153,7
9154,10
9155,5
9156,1
9157,7
9158,7
9159,7
9160,7
9161,7
9162,10
9163,9
9164,7
9165,5
9166,7
9167,7
9168,9
9169,7
9170,5
9171,10
9172,9
9173,5
9174,5
9175,10
9176,5
9177,10
9178,5
9179,4
9180,4
9181,9
9182,4
9183,4
9184,5
9185,5
9186,5
9187,2
9188,9
9189,3
9190,9
9191,2
9192,9
9193,9
9194,9
9195,2
9196,9
9197,7
9198,8
9199,2
9200,2
9201,2
9202,2
9203,9
9204,7
9205,2
9206,2
9207,7
9208,2
9209,4
9210,7
9211,7
9212,2
9213,2
9214,2
9215,7
9216,2
9217,2
9218,9
9219,9
9220,9
9221,9
9222,6
9223,9
9224,1
9225,3
9226,8
9227,1
9228,1
9229,1
9230,1
9231,1
9232,6
9233,10
9234,10
9235,10
9236,1
9237,3
9238,3
9239,3
9240,5
9241,9
9242,6
9243,10
9244,4
9245,10
9246,10
9247,1
9248,4
9249,1
9250,8
9251,1
9252,6
9253,10
9254,7
9255,10
9256,9
9257,10
9258,8
9259,10
9260,4
9261,10
9262,10
9263,10
9264,4
9265,10
9266,10
9267,10
9268,4
9269,4
9270,10
9271,4
9272,7
9273,10
9274,10
9275,9
9276,10
9277,10
9278,7
9279,10
9280,10
9281,4
9282,4
9283,4
9284,8
9285,4
9286,8
9287,7
9288,7
9289,4
9290,10
9291,6
9292,10
9293,4
9294,10
9295,9
9296,4
9297,8
9298,10
9299,4
9300,10
9301,4
9302,10
9303,4
9304,10
9305,10
9306,10
9307,4
9308,9
9309,7
9310,7
9311,7
9312,4
9313,8
9314,7
9315,10
9316,4
9317,6
9318,3
9319,6
9320,8
9321,6
9322,2
9323,2
9324,10
9325,5
9326,9
9327,7
9328,7
9329,7
9330,3
9331,7
9332,6
9333,9
9334,7
9335,8
9336,7
9337,10
9338,1
9339,7
9340,7
9341,8
9342,7
9343,7
9344,7
9345,6
9346,7
9347,7
9348,7
9349,7
9350,9
9351,7
9352,6
9353,7
9354,7
9355,5
9356,1
9357,7
9358,7
9359,10
9360,6
9361,10
9362,7
9363,7
9364,2
9365,1
9366,9
9367,7
9368,7
9369,7
9370,8
9371,2
9372,9
9373,8
9374,9
9375,9
9376,5
9377,5
9378,1
9379,4
9380,4
9381,4
9382,5
9383,4
9384,5
9385,6
9386,1
9387,1
9388,1
9389,3
9390,1
9391,5
9392,1
9393,9
9394,7
9395,4
9396,5
9397,7
9398,1
9399,7
9400,5
9401,7
9402,5
9403,6
9404,10
9405,10
9406,5
9407,10
9408,5
9409,9
9410,5
9411,4
9412,3
9413,3
9414,7
9415,5
9416,7
9417,4
9418,4
9419,5
9420,5
9421,1
9422,5
9423,9
9424,5
9425,10
9426,10
9427,4
9428,9
9429,9
9430,5
9431,7
9432,5
9433,8
9434,6
9435,6
9436,4
9437,6
9438,4
9439,8
9440,4
9441,9
9442,9
9443,9
9444,9
9445,6
9446,9
9447,2
9448,9
9449,3
9450,7
9451,7
9452,6
9453,4
9454,5
9455,4
9456,3
9457,1
9458,5
9459,8
9460,5
9461,6
9462,7
9463,5
9464,9
9465,4
9466,4
9467,4
9468,4
9469,4
9470,4
9471,5
9472,7
9473,5
9474,7
9475,5
9476,5
9477,9
9478,9
9479,9
9480,7
9481,7
9482,2
9483,6
9484,1
9485,1
9486,1
9487,9
9488,2
9489,9
9490,9
9491,9
9492,8
9493,2
9494,1
9495,7
9496,8
9497,2
9498,9
9499,2
9500,1
9501,1
9502,9
9503,6
9504,9
9505,7
9506,4
9507,10
9508,4
9509,5
9510,9
9511,10
9512,7
9513,1
9514,7
9515,7
9516,8
9517,7
9518,7
9519,6
9520,10
9521,7
9522,7
9523,6
9524,7
9525,7
9526,7
9527,1
9528,7
9529,1
9530,1
9531,1
9532,1
9533,1
9534,7
9535,1
9536,7
9537,5
9538,4
9539,10
9540,10
9541,10
9542,4
9543,4
9544,4
9545,4
9546,9
9547,2
9548,9
9549,7
9550,7
9551,1
9552,3
9553,1
9554,1
9555,1
9556,7
9557,5
9558,9
9559,6
9560,5
9561,10
9562,5
9563,10
9564,4
9565,5
9566,4
9567,4
9568,7
9569,7
9570,8
9571,1
9572,9
9573,7
9574,9
9575,9
9576,1
9577,6
9578,7
9579,4
9580,5
9581,7
9582,8
9583,7
9584,4
9585,4
9586,2
9587,2
9588,8
9589,2
9590,2
9591,8
9592,9
9593,9
9594,5
9595,7
9596,1
9597,3
9598,1
9599,10
9600,7
9601,6
9602,7
9603,1
9604,7
9605,5
9606,3
9607,5
9608,5
9609,5
9610,5
9611,5
9612,10
9613,5
9614,4
9615,9
9616,5
9617,8
9618,5
9619,4
9620,5
9621,4
9622,7
9623,2
9624,7
9625,2
9626,5
9627,1
9628,4
9629,7
9630,1
9631,7
9632,7
9633,6
9634,7
9635,7
9636,10
9637,2
9638,9
9639,10
9640,5
9641,7
9642,8
9643,7
9644,7
9645,7
9646,7
9647,10
9648,9
9649,9
9650,10
9651,2
9652,9
9653,4
9654,3
9655,7
9656,8
9657,1
9658,1
9659,1
9660,7
9661,7
9662,5
9663,5
9664,5
9665,5
9666,4
9667,1
9668,10
9669,7
9670,7
9671,4
9672,8
9673,8
9674,8
9675,10
9676,2
9677,8
9678,6
9679,9
9680,6
9681,1
9682,5
9683,1
9684,5
9685,9
9686,1
9687,6
9688,7
9689,1
9690,1
9691,5
9692,7
9693,1
9694,5
9695,6
9696,5
9697,7
9698,7
9699,7
9700,10
9701,10
9702,10
9703,4
9704,4
9705,6
9706,5
9707,1
9708,7
9709,5
9710,7
9711,9
9712,5
9713,5
9714,5
9715,5
9716,2
9717,9
9718,8
9719,2
9720,9
9721,5
9722,9
9723,9
9724,4
9725,4
9726,10
9727,7
9728,3
9729,3
9730,6
9731,1
9732,3
9733,1
9734,1
9735,5
9736,5
9737,5
9738,4
9739,8
9740,7
9741,2
9742,2
9743,4
9744,7
9745,7
9746,7
9747,1
9748,8
9749,4
9750,7
9751,7
9752,7
9753,9
9754,3
9755,1
9756,5
9757,1
9758,5
9759,3
9760,1
9761,9
9762,5
9763,7
9764,5
9765,7
9766,5
9767,10
9768,5
9769,7
9770,9
9771,2
9772,2
9773,3
9774,6
9775,6
9776,9
9777,1
9778,1
9779,4
9780,7
9781,4
9782,6
9783,4
9784,5
9785,1
9786,7
9787,3
9788,7
9789,5
9790,7
9791,6
9792,5
9793,7
9794,5
9795,2
9796,2
9797,8
9798,5
9799,1
9800,3
9801,6
9802,5
9803,4
9804,2
9805,7
9806,4
9807,7
9808,1
9809,7
9810,1
9811,7
9812,3
9813,7
9814,1
9815,9
9816,7
9817,9
9818,6
9819,10
9820,5
9821,1
9822,3
9823,3
9824,5
9825,10
9826,5
9827,5
9828,7
9829,6
9830,9
9831,10
9832,6
9833,4
9834,2
9835,6
9836,2
9837,2
9838,7
9839,2
9840,9
9841,9
9842,4
9843,4
9844,10
9845,7
9846,4
9847,3
9848,8
9849,9
9850,6
9851,6
9852,1
9853,9
9854,1
9855,4
9856,8
9857,9
9858,5
9859,5
9860,5
9861,7
9862,7
9863,7
9864,7
9865,7
9866,7
9867,7
9868,7
9869,5
9870,10
9871,10
9872,5
9873,5
9874,10
9875,5
9876,10
9877,10
9878,4
9879,4
9880,8
9881,7
9882,7
9883,9
9884,1
9885,3
9886,1
9887,7
9888,6
9889,5
9890,9
9891,1
9892,5
9893,6
9894,10
9895,4
9896,4
9897,7
9898,1
9899,6
9900,3
9901,9
9902,7
9903,5
9904,4
9905,7
9906,7
9907,6
9908,7
9909,7
9910,2
9911,3
9912,6
9913,7
9914,5
9915,5
9916,5
9917,6
9918,5
9919,4
9920,5
9921,7
9922,5
9923,1
9924,5
9925,5
9926,5
9927,10
9928,10
9929,10
9930,8
9931,4
9932,6
9933,7
9934,1
9935,4
9936,7
9937,7
9938,7
9939,5
9940,7
9941,7
9942,2
9943,2
9944,4
9945,6
9946,8
9947,3
9948,2
9949,5
9950,7
9951,3
9952,5
9953,8
9954,5
9955,1
9956,5
9957,3
9958,5
9959,7
9960,7
9961,6
9962,7
9963,5
9964,5
9965,5
9966,10
9967,10
9968,4
9969,4
9970,4
9971,4
9972,8
9973,9
9974,2
9975,5
9976,2
9977,1
9978,1
9979,3
9980,6
9981,7
9982,7
9983,7
9984,10
9985,7
9986,7
9987,7
9988,5
9989,5
9990,10
9991,4
9992,3
9993,2
9994,2
9995,2
9996,10
9997,7
9998,7
9999,9
10000,1
10001,6
10002,3
10003,10
10004,10
10005,2
10006,2
10007,2
10008,6
10009,2
10010,2
10011,7
10012,1
10013,2
10014,3
10015,2
10016,3
10017,5
10018,5
10019,1
10020,5
10021,1
10022,6
10023,6
10024,7
10025,7
10026,3
10027,7
10028,1
10029,5
10030,10
10031,10
10032,5
10033,1
10034,4
10035,8
10036,5
10037,5
10038,5
10039,4
10040,5
10041,4
10042,5
10043,2
10044,1
10045,2
10046,2
10047,2
10048,6
10049,5
10050,3
10051,5
10052,5
10053,5
10054,7
10055,5
10056,5
10057,5
10058,10
10059,4
10060,7
10061,7
10062,9
10063,2
10064,5
10065,2
10066,2
10067,7
10068,10
10069,4
10070,9
10071,1
10072,1
10073,1
10074,9
10075,3
10076,3
10077,2
10078,2
10079,10
10080,8
10081,7
10082,1
10083,7
10084,5
10085,7
10086,10
10087,4
10088,8
10089,4
10090,4
10091,6
10092,7
10093,7
10094,1
10095,5
10096,3
10097,5
10098,7
10099,7
10100,2
10101,2
10102,2
10103,2
10104,2
10105,3
10106,7
10107,5
10108,5
10109,5
10110,1
10111,1
10112,10
10113,9
10114,5
10115,6
10116,4
10117,4
10118,4
10119,7
10120,5
10121,5
10122,5
10123,5
10124,5
10125,4
10126,5
10127,6
10128,9
10129,5
10130,9
10131,4
10132,6
10133,10
10134,10
10135,1
10136,3
10137,7
10138,4
10139,2
10140,8
10141,8
10142,4
10143,10
10144,10
10145,1
10146,10
10147,6
10148,5
10149,5
10150,1
10151,3
10152,7
10153,4
10154,4
10155,8
10156,7
10157,4
10158,9
10159,10
10160,1
10161,3
10162,4
10163,6
10164,5
10165,1
10166,6
10167,1
10168,7
10169,10
10170,5
10171,5
10172,5
10173,10
10174,9
10175,1
10176,1
10177,5
10178,7
10179,10
10180,4
10181,4
10182,5
10183,7
10184,4
10185,9
10186,7
10187,5
10188,4
10189,1
10190,1
10191,5
10192,7
10193,5
10194,10
10195,5
10196,10
10197,5
10198,5
10199,10
10200,8
10201,9
10202,1
10203,10
10204,10
10205,10
10206,7
10207,5
10208,4
10209,7
10210,5
10211,10
10212,10
10213,4
10214,5
10215,4
10216,5
10217,10
10218,10
10219,2
10220,4
10221,4
10222,1
10223,4
10224,6
10225,5
10226,5
10227,5
10228,5
10229,2
10230,9
10231,9
10232,2
10233,2
10234,4
10235,6
10236,1
10237,1
10238,6
10239,5
10240,1
10241,5
10242,7
10243,7
10244,6
10245,10
10246,10
10247,10
10248,5
10249,5
10250,5
10251,5
10252,8
10253,1
10254,5
10255,5
10256,4
10257,9
10258,6
10259,3
10260,1
10261,3
10262,7
10263,4
10264,5
10265,5
10266,10
10267,10
10268,10
10269,5
10270,3
10271,5
10272,7
10273,7
10274,1
10275,4
10276,8
10277,8
10278,2
10279,10
10280,7
10281,7
10282,7
10283,7
10284,8
10285,1
10286,1
10287,9
10288,1
10289,5
10290,5
10291,10
10292,10
10293,8
10294,3
10295,7
10296,6
10297,4
10298,4
10299,2
10300,2
10301,5
10302,5
10303,5
10304,1
10305,1
10306,6
10307,1
10308,5
10309,7
10310,7
10311,7
10312,7
10313,5
10314,4
10315,10
10316,5
10317,5
10318,5
10319,5
10320,10
10321,4
10322,5
10323,4
10324,5
10325,4
10326,5
10327,6
10328,4
10329,4
10330,9
10331,9
10332,4
10333,4
10334,9
10335,4
10336,4
10337,4
10338,4
10339,4
10340,5
10341,5
10342,5
10343,9
10344,2
10345,10
10346,10
10347,10
10348,10
10349,10
10350,10
10351,10
10352,10
10353,10
10354,10
10355,10
10356,6
10357,10
10358,10
10359,10
10360,10
10361,1
10362,1
10363,1
10364,7
10365,6
10366,3
10367,6
10368,10
10369,8
10370,7
10371,7
10372,6
10373,7
10374,10
10375,6
10376,6
10377,9
10378,10
10379,9
10380,4
10381,4
10382,1
10383,3
10384,3
10385,1
10386,10
10387,5
10388,5
10389,10
10390,4
10391,5
10392,5
10393,3
10394,9
10395,3
10396,4
10397,10
10398,10
10399,6
10400,10
10401,10
10402,10
10403,10
10404,7
10405,10
10406,5
10407,10
10408,7
10409,10
10410,3
10411,8
10412,2
10413,9
10414,4
10415,7
10416,3
10417,6
10418,1
10419,5
10420,5
10421,5
10422,9
10423,4
10424,9
10425,4
10426,4
10427,9
10428,4
10429,4
10430,4
10431,4
10432,4
10433,1
10434,1
10435,1
10436,3
10437,5
10438,1
10439,1
10440,4
10441,1
10442,7
10443,5
10444,1
10445,5
10446,7
10447,5
10448,6
10449,5
10450,1
10451,7
10452,7
10453,5
10454,10
10455,10
10456,5
10457,4
10458,10
10459,4
10460,3
10461,8
10462,4
10463,4
10464,5
10465,4
10466,4
10467,4
10468,4
10469,5
10470,9
10471,7
10472,10
10473,5
10474,9
10475,2
10476,9
10477,9
10478,9
10479,7
10480,7
10481,2
10482,2
10483,8
10484,6
10485,6
10486,6
10487,3
10488,3
10489,1
10490,1
10491,3
10492,6
10493,7
10494,5
10495,10
10496,7
10497,7
10498,7
10499,10
10500,10
10501,4
10502,5
10503,5
10504,5
10505,5
10506,4
10507,4
10508,7
10509,6
10510,1
10511,5
10512,7
10513,1
10514,7
10515,4
10516,7
10517,7
10518,7
10519,10
10520,6
10521,6
10522,5
10523,4
10524,2
10525,7
10526,1
10527,7
10528,10
10529,4
10530,4
10531,7
10532,6
10533,3
10534,10
10535,6
10536,7
10537,9
10538,9
10539,9
10540,9
10541,6
10542,1
10543,6
10544,6
10545,7
10546,3
10547,1
10548,5
10549,5
10550,3
10551,7
10552,6
10553,5
10554,5
10555,5
10556,10
10557,4
10558,4
10559,2
10560,9
10561,7
10562,5
10563,9
10564,2
10565,6
10566,9
10567,6
10568,6
10569,10
10570,3
10571,6
10572,6
10573,3
10574,1
10575,5
10576,3
10577,9
10578,7
10579,5
10580,5
10581,10
10582,4
10583,4
10584,2
10585,4
10586,9
10587,6
10588,10
10589,6
10590,9
10591,8
10592,9
10593,9
10594,6
10595,1
10596,1
10597,1
10598,1
10599,1
10600,1
10601,10
10602,1
10603,1
10604,1
10605,1
10606,5
10607,7
10608,9
10609,5
10610,7
10611,5
10612,10
10613,5
10614,5
10615,5
10616,5
10617,5
10618,5
10619,5
10620,7
10621,5
10622,4
10623,8
10624,7
10625,2
10626,9
10627,9
10628,2
10629,2
10630,9
10631,4
10632,5
10633,6
10634,1
10635,9
10636,7
10637,7
10638,7
10639,6
10640,5
10641,1
10642,7
10643,6
10644,5
10645,10
10646,10
10647,5
10648,5
10649,9
10650,4
10651,5
10652,4
10653,4
10654,4
10655,4
10656,9
10657,4
10658,7
10659,7
10660,6
10661,10
10662,10
10663,4
10664,4
10665,6
10666,10
10667,3
10668,6
10669,10
10670,9
10671,7
10672,2
10673,9
10674,5
10675,8
10676,6
10677,9
10678,3
10679,9
10680,5
10681,3
10682,7
10683,7
10684,7
10685,7
10686,7
10687,6
10688,1
10689,1
10690,5
10691,1
10692,7
10693,6
10694,7
10695,7
10696,7
10697,5
10698,5
10699,5
10700,4
10701,4
10702,5
10703,4
10704,4
10705,2
10706,8
10707,7
10708,9
10709,6
10710,5
10711,7
10712,7
10713,7
10714,9
10715,7
10716,2
10717,7
10718,9
10719,10
10720,10
10721,4
10722,6
10723,10
10724,1
10725,7
10726,1
10727,1
10728,5
10729,8
10730,4
10731,5
10732,7
10733,7
10734,7
10735,10
10736,5
10737,4
10738,1
10739,9
10740,9
10741,9
10742,9
10743,6
10744,9
10745,5
10746,8
10747,3
10748,7
10749,6
10750,1
10751,1
10752,1
10753,5
10754,5
10755,7
10756,5
10757,10
10758,5
10759,5
10760,4
10761,7
10762,4
10763,1
10764,2
10765,9
10766,9
10767,3
10768,9
10769,7
10770,8
10771,8
10772,9
10773,7
10774,1
10775,5
10776,1
10777,1
10778,5
10779,5
10780,7
10781,1
10782,5
10783,7
10784,7
10785,6
10786,10
10787,6
10788,5
10789,5
10790,10
10791,5
10792,7
10793,9
10794,9
10795,2
10796,3
10797,9
10798,9
10799,9
10800,1
10801,9
10802,1
10803,1
10804,1
10805,1
10806,1
10807,7
10808,5
10809,5
10810,7
10811,1
10812,5
10813,10
10814,5
10815,5
10816,9
10817,9
10818,4
10819,4
10820,7
10821,7
10822,7
10823,7
10824,6
10825,1
10826,6
10827,7
10828,7
10829,7
10830,7
10831,5
10832,4
10833,3
10834,3
10835,7
10836,7
10837,4
10838,5
10839,2
10840,3
10841,4
10842,1
10843,7
10844,6
10845,4
10846,6
10847,1
10848,6
10849,7
10850,1
10851,6
10852,3
10853,5
10854,7
10855,10
10856,4
10857,5
10858,1
10859,3
10860,3
10861,10
10862,5
10863,9
10864,4
10865,8
10866,4
10867,9
10868,10
10869,7
10870,6
10871,4
10872,3
10873,6
10874,3
10875,5
10876,4
10877,7
10878,1
10879,1
10880,1
10881,7
10882,6
10883,5
10884,5
10885,6
10886,9
10887,3
10888,4
10889,9
10890,2
10891,4
10892,2
10893,9
10894,2
10895,3
10896,6
10897,2
10898,7
10899,4
10900,8
10901,9
10902,9
10903,6
10904,9
10905,2
10906,1
10907,6
10908,1
10909,3
10910,1
10911,5
10912,5
10913,5
10914,7
10915,7
10916,7
10917,7
10918,1
10919,3
10920,3
10921,7
10922,3
10923,10
10924,5
10925,5
10926,9
10927,5
10928,9
10929,5
10930,3
10931,4
10932,4
10933,1
10934,4
10935,1
10936,10
10937,9
10938,9
10939,2
10940,2
10941,2
10942,4
10943,2
10944,2
10945,6
10946,6
10947,6
10948,5
10949,7
10950,5
10951,5
10952,9
10953,1
10954,6
10955,1
10956,7
10957,5
10958,4
10959,4
10960,6
10961,7
10962,8
10963,1
10964,1
10965,5
10966,5
10967,1
10968,3
10969,7
10970,10
10971,5
10972,4
10973,2
10974,2
10975,5
10976,7
10977,9
10978,1
10979,1
10980,1
10981,7
10982,5
10983,5
10984,5
10985,5
10986,4
10987,9
10988,2
10989,6
10990,6
10991,8
10992,6
10993,6
10994,10
10995,1
10996,3
10997,5
10998,1
10999,7
11000,1
11001,7
11002,9
11003,9
11004,9
11005,8
11006,4
11007,6
11008,6
11009,7
11010,1
11011,7
11012,5
11013,5
11014,4
11015,5
11016,9
11017,9
11018,7
11019,4
11020,6
11021,2
11022,9
11023,4
11024,9
11025,3
11026,3
11027,3
11028,5
11029,9
11030,5
11031,7
11032,5
11033,5
11034,9
11035,6
11036,7
11037,9
11038,2
11039,2
11040,9
11041,2
11042,9
11043,6
11044,10
11045,4
11046,4
11047,10
11048,3
11049,1
11050,7
11051,7
11052,10
11053,5
11054,10
11055,5
11056,6
11057,6
11058,6
11059,1
11060,4
11061,5
11062,1
11063,10
11064,5
11065,5
11066,5
11067,5
11068,4
11069,5
11070,9
11071,2
11072,4
11073,3
11074,1
11075,4
11076,1
11077,3
11078,1
11079,7
11080,7
11081,10
11082,5
11083,10
11084,10
11085,5
11086,5
11087,5
11088,8
11089,9
11090,9
11091,9
11092,9
11093,1
11094,7
11095,7
11096,7
11097,1
11098,1
11099,7
11100,7
11101,7
11102,9
11103,4
11104,9
11105,2
11106,9
11107,2
11108,9
11109,6
11110,6
11111,9
11112,6
11113,4
11114,10
11115,3
11116,1
11117,1
11118,5
11119,1
11120,1
11121,5
11122,9
11123,9
11124,7
11125,3
11126,5
11127,7
11128,5
11129,4
11130,1
11131,4
11132,10
11133,6
11134,10
11135,10
11136,5
11137,5
11138,9
11139,2
11140,4
11141,9
11142,9
11143,9
11144,6
11145,9
11146,9
11147,7
11148,6
11149,1
11150,8
11151,9
11152,5
11153,5
11154,5
11155,10
11156,5
11157,6
11158,4
11159,2
11160,2
11161,8
11162,10
11163,3
11164,1
11165,1
11166,6
11167,8
11168,1
11169,5
11170,7
11171,1
11172,5
11173,6
11174,5
11175,4
11176,4
11177,5
11178,5
11179,5
11180,4
11181,4
11182,1
11183,10
11184,10
11185,4
11186,4
11187,9
11188,6
11189,7
11190,7
11191,5
11192,5
11193,5
11194,5
11195,5
11196,4
11197,3
11198,1
11199,5
11200,9
11201,6
11202,3
11203,7
11204,7
11205,5
11206,10
11207,5
11208,4
11209,5
11210,4
11211,9
11212,2
11213,2
11214,9
11215,9
11216,4
11217,1
11218,1
11219,3
11220,5
11221,5
11222,1
11223,9
11224,1
11225,1
11226,7
11227,7
11228,6
11229,7
11230,5
11231,6
11232,10
11233,8
11234,9
11235,9
11236,2
11237,6
11238,9
11239,4
11240,3
11241,1
11242,6
11243,3
11244,5
11245,9
11246,10
11247,5
11248,4
11249,9
11250,4
11251,3
11252,6
11253,5
11254,10
11255,1
11256,5
11257,10
11258,6
11259,6
11260,9
11261,2
11262,1
11263,2
11264,10
11265,10
11266,10
11267,6
11268,6
11269,5
11270,4
11271,6
11272,7
11273,7
11274,5
11275,10
11276,10
11277,10
11278,4
11279,5
11280,2
11281,1
11282,6
11283,3
11284,10
11285,4
11286,1
11287,10
11288,10
11289,10
11290,8
11291,7
11292,7
11293,4
11294,1
11295,9
11296,1
11297,7
11298,5
11299,10
11300,5
11301,5
11302,4
11303,4
11304,2
11305,2
11306,9
11307,4
11308,6
11309,8
11310,4
11311,7
11312,9
11313,8
11314,9
11315,2
11316,9
11317,1
11318,6
11319,1
11320,8
11321,6
11322,7
11323,4
11324,10
11325,5
11326,8
11327,5
11328,4
11329,2
11330,2
11331,5
11332,1
11333,9
11334,7
11335,1
11336,6
11337,1
11338,1
11339,5
11340,4
11341,1
11342,7
11343,9
11344,6
11345,7
11346,10
11347,5
11348,5
11349,5
11350,5
11351,4
11352,4
11353,2
11354,2
11355,4
11356,7
11357,8
11358,5
11359,4
11360,6
11361,5
11362,5
11363,4
11364,4
11365,3
11366,4
11367,3
11368,10
11369,7
11370,7
11371,1
11372,8
11373,8
11374,1
11375,9
11376,6
11377,10
11378,10
11379,5
11380,9
11381,4
11382,8
11383,7
11384,1
11385,5
11386,1
11387,7
11388,7
11389,5
11390,4
11391,10
11392,2
11393,9
11394,4
11395,2
11396,6
11397,5
11398,1
11399,1
11400,9
11401,6
11402,6
11403,2
11404,9
11405,2
11406,4
11407,3
11408,5
11409,5
11410,1
11411,3
11412,1
11413,8
11414,5
11415,5
11416,10
11417,6
11418,5
11419,4
11420,3
11421,1
11422,5
11423,1
11424,1
11425,5
11426,5
11427,5
11428,1
11429,5
11430,9
11431,4
11432,10
11433,1
11434,8
11435,10
11436,9
11437,10
11438,10
11439,5
11440,7
11441,1
11442,1
11443,10
11444,8
11445,10
11446,10
11447,1
11448,1
11449,7
11450,9
11451,5
11452,5
11453,4
11454,9
11455,2
11456,4
11457,9
11458,9
11459,4
11460,8
11461,4
11462,5
11463,5
11464,5
11465,1
11466,7
11467,5
11468,5
11469,5
11470,10
11471,4
11472,4
11473,4
11474,7
11475,9
11476,6
11477,5
11478,10
11479,5
11480,4
11481,2
11482,3
11483,7
11484,1
11485,3
11486,5
11487,5
11488,5
11489,6
11490,10
11491,10
11492,2
11493,2
11494,10
11495,1
11496,8
11497,4
11498,7
11499,5
11500,5
11501,5
11502,10
11503,10
11504,8
11505,5
11506,5
11507,4
11508,9
11509,10
11510,3
11511,7
11512,4
11513,1
11514,10
11515,5
11516,4
11517,4
11518,4
11519,7
11520,6
11521,6
11522,1
11523,5
11524,5
11525,5
11526,10
11527,6
11528,5
11529,8
11530,9
11531,10
11532,5
11533,4
11534,5
11535,5
11536,4
11537,6
11538,4
11539,1
11540,1
11541,5
11542,4
11543,7
11544,2
11545,2
11546,10
11547,9
11548,2
11549,4
11550,1
11551,5
11552,5
11553,5
11554,5
11555,9
11556,10
11557,5
11558,2
11559,2
11560,3
11561,10
11562,1
11563,3
11564,5
11565,5
11566,10
11567,10
11568,5
11569,5
11570,3
11571,8
11572,6
11573,5
11574,5
11575,4
11576,5
11577,8
11578,7
11579,8
11580,8
11581,2
11582,8
11583,2
11584,6
11585,7
11586,8
11587,4
11588,6
11589,7
11590,8
11591,10
11592,9
11593,4
11594,8
11595,6
11596,3
11597,9
11598,1
11599,1
11600,5
11601,7
11602,7
11603,6
11604,5
11605,7
11606,5
11607,4
11608,5
11609,10
11610,5
11611,6
11612,5
11613,5
11614,5
11615,5
11616,10
11617,4
11618,4
11619,9
11620,5
11621,4
11622,5
11623,4
11624,7
11625,4
11626,4
11627,9
11628,9
11629,10
11630,10
11631,10
11632,6
11633,10
11634,10
11635,10
11636,10
11637,10
11638,10
11639,10
11640,10
11641,10
11642,10
11643,10
11644,10
11645,10
11646,5
11647,1
11648,9
11649,1
11650,10
11651,6
11652,6
11653,10
11654,6
11655,1
11656,9
11657,1
11658,9
11659,10
11660,6
11661,10
11662,4
11663,6
11664,10
11665,5
11666,7
11667,4
11668,5
11669,9
11670,7
11671,7
11672,5
11673,5
11674,2
11675,4
11676,4
11677,10
11678,5
11679,10
11680,5
11681,5
11682,10
11683,4
11684,9
11685,1
11686,6
11687,8
11688,3
11689,3
11690,4
11691,3
11692,5
11693,10
11694,4
11695,4
11696,5
11697,5
11698,1
11699,6
11700,6
11701,7
11702,7
11703,8
11704,7
11705,6
11706,2
11707,2
11708,8
11709,3
11710,10
11711,4
11712,6
11713,1
11714,5
11715,7
11716,5
11717,5
11718,5
11719,7
11720,5
11721,4
11722,3
11723,4
11724,4
11725,7
11726,6
11727,7
11728,4
11729,3
11730,9
11731,1
11732,1
11733,10
11734,4
11735,1
11736,6
11737,5
11738,5
11739,3
11740,5
11741,7
11742,7
11743,7
11744,7
11745,4
11746,4
11747,7
11748,7
11749,5
11750,6
11751,7
11752,10
11753,5
11754,5
11755,1
11756,10
11757,5
11758,4
11759,5
11760,4
11761,4
11762,7
11763,4
11764,6
11765,9
11766,9
11767,1
11768,1
11769,1
11770,1
11771,7
11772,6
11773,1
11774,5
11775,5
11776,5
11777,4
11778,8
11779,4
11780,3
11781,9
11782,9
11783,4
11784,6
11785,9
11786,8
11787,8
11788,4
11789,4
11790,2
11791,4
11792,7
11793,3
11794,1
11795,3
11796,4
11797,8
11798,1
11799,2
11800,2
11801,4
11802,9
11803,4
11804,4
11805,5
11806,6
11807,5
11808,3
11809,1
11810,5
11811,5
11812,5
11813,4
11814,4
11815,4
11816,6
11817,10
11818,5
11819,9
11820,3
11821,2
11822,9
11823,4
11824,10
11825,1
11826,1
11827,5
11828,7
11829,1
11830,5
11831,10
11832,10
11833,6
11834,3
11835,5
11836,5
11837,6
11838,7
11839,3
11840,10
11841,9
11842,5
11843,4
11844,4
11845,7
11846,9
11847,1
11848,4
11849,1
11850,10
11851,6
11852,2
11853,7
11854,9
11855,6
11856,6
11857,6
11858,6
11859,9
11860,2
11861,9
11862,6
11863,7
11864,3
11865,5
11866,1
11867,3
11868,1
11869,7
11870,6
11871,3
11872,5
11873,7
11874,5
11875,5
11876,5
11877,5
11878,10
11879,5
11880,5
11881,4
11882,4
11883,4
11884,4
11885,10
11886,10
11887,5
11888,4
11889,4
11890,4
11891,9
11892,9
11893,1
11894,6
11895,7
11896,8
11897,2
11898,2
11899,5
11900,9
11901,3
11902,9
11903,6
11904,9
11905,9
11906,9
11907,1
11908,10
11909,4
11910,5
11911,3
11912,1
11913,1
11914,6
11915,1
11916,7
11917,5
11918,5
11919,7
11920,10
11921,4
11922,4
11923,10
11924,7
11925,7
11926,5
11927,10
11928,5
11929,4
11930,7
11931,7
11932,9
11933,2
11934,7
11935,2
11936,7
11937,7
11938,3
11939,1
11940,1
11941,3
11942,7
11943,9
11944,9
11945,5
11946,5
11947,5
11948,4
11949,7
11950,3
11951,9
11952,9
11953,8
11954,8
11955,9
11956,9
11957,9
11958,9
11959,9
11960,8
11961,10
11962,10
11963,6
11964,4
11965,9
11966,7
11967,7
11968,7
11969,5
11970,5
11971,5
11972,5
11973,9
11974,6
11975,7
11976,5
11977,5
11978,7
11979,4
11980,5
11981,9
11982,5
11983,4
11984,9
11985,9
11986,6
11987,3
11988,3
11989,6
11990,6
11991,6
11992,1
11993,9
11994,2
11995,10
11996,10
11997,4
11998,9
11999,10
12000,1
12001,6
12002,1
12003,1
12004,9
12005,3
12006,7
12007,9
12008,1
12009,10
12010,5
12011,10
12012,5
12013,9
12014,9
12015,4
12016,4
12017,5
12018,8
12019,2
12020,6
12021,8
12022,9
12023,6
12024,1
12025,10
12026,4
12027,6
12028,7
12029,7
12030,7
12031,7
12032,7
12033,8
12034,6
12035,6
12036,9
12037,4
12038,6
12039,3
12040,9
12041,5
12042,1
12043,7
12044,7
12045,1
12046,7
12047,10
12048,5
12049,5
12050,9
12051,10
12052,10
12053,10
12054,5
12055,10
12056,9
12057,9
12058,9
12059,1
12060,10
12061,6
12062,4
12063,1
12064,5
12065,5
12066,7
12067,4
12068,7
12069,10
12070,4
12071,7
12072,8
12073,7
12074,7
12075,3
12076,7
12077,4
12078,4
12079,6
12080,7
12081,2
12082,2
12083,2
12084,2
12085,2
12086,2
12087,6
12088,6
12089,9
12090,5
12091,9
12092,5
12093,5
12094,4
12095,4
12096,1
12097,5
12098,5
12099,5
12100,4
12101,4
12102,2
12103,2
12104,6
12105,9
12106,9
12107,4
12108,7
12109,7
12110,7
12111,6
12112,1
12113,8
12114,7
12115,1
12116,5
12117,5
12118,5
12119,4
12120,4
12121,7
12122,7
12123,2
12124,9
12125,4
12126,9
12127,5
12128,7
12129,7
12130,5
12131,1
12132,7
12133,7
12134,7
12135,5
12136,5
12137,4
12138,3
12139,8
12140,6
12141,4
12142,9
12143,7
12144,9
12145,2
12146,8
12147,2
12148,7
12149,10
12150,7
12151,10
12152,9
12153,6
12154,3
12155,1
12156,6
12157,5
12158,5
12159,10
12160,7
12161,1
12162,6
12163,5
12164,5
12165,10
12166,5
12167,9
12168,2
12169,2
12170,6
12171,6
12172,1
12173,5
12174,6
12175,10
12176,5
12177,8
12178,7
12179,8
12180,1
12181,7
12182,6
12183,5
12184,5
12185,4
12186,4
12187,3
12188,8
12189,8
12190,6
12191,6
12192,6
12193,6
12194,3
12195,5
12196,5
12197,6
12198,1
12199,1
12200,8
12201,2
12202,6
12203,7
12204,5
12205,1
12206,5
12207,7
12208,7
12209,7
12210,5
12211,10
12212,10
12213,4
12214,6
12215,5
12216,5
12217,7
12218,7
12219,7
12220,10
12221,9
12222,9
12223,9
12224,9
12225,3
12226,6
12227,5
12228,5
12229,1
12230,4
12231,10
12232,10
12233,5
12234,5
12235,5
12236,5
12237,9
12238,7
12239,5
12240,5
12241,5
12242,4
12243,4
12244,4
12245,4
12246,9
12247,2
12248,7
12249,7
12250,7
12251,1
12252,2
12253,2
12254,4
12255,6
12256,10
12257,5
12258,7
12259,6
12260,5
12261,7
12262,5
12263,5
12264,9
12265,10
12266,4
12267,5
12268,4
12269,9
12270,7
12271,7
12272,9
12273,7
12274,6
12275,7
12276,3
12277,4
12278,7
12279,5
12280,5
12281,4
12282,5
12283,4
12284,9
12285,8
12286,2
12287,9
12288,9
12289,2
12290,9
12291,3
12292,8
12293,7
12294,7
12295,7
12296,1
12297,5
12298,5
12299,5
12300,9
12301,5
12302,5
12303,8
12304,8
12305,1
12306,7
12307,5
12308,7
12309,10
12310,5
12311,4
12312,8
12313,5
12314,6
12315,7
12316,7
12317,2
12318,6
12319,2
12320,9
12321,6
12322,3
12323,7
12324,7
12325,1
12326,7
12327,4
12328,7
12329,7
12330,5
12331,6
12332,7
12333,7
12334,7
12335,7
12336,7
12337,1
12338,7
12339,7
12340,5
12341,6
12342,4
12343,5
12344,3
12345,7
12346,6
12347,4
12348,6
12349,6
12350,10
12351,3
12352,1
12353,3
12354,10
12355,5
12356,10
12357,8
12358,9
12359,5
12360,7
12361,7
12362,7
12363,1
12364,7
12365,7
12366,5
12367,10
12368,9
12369,3
12370,7
12371,2
12372,7
12373,9
12374,2
12375,9
12376,5
12377,5
12378,1
12379,5
12380,6
12381,7
12382,7
12383,8
12384,10
12385,4
12386,4
12387,4
12388,7
12389,7
12390,2
12391,7
12392,2
12393,4
12394,2
12395,9
12396,9
12397,4
12398,7
12399,4
12400,3
12401,1
12402,7
12403,1
12404,10
12405,10
12406,5
12407,8
12408,7
12409,3
12410,7
12411,1
12412,1
12413,5
12414,5
12415,4
12416,5
12417,4
12418,4
12419,4
12420,7
12421,1
12422,3
12423,5
12424,7
12425,5
12426,5
12427,9
12428,4
12429,7
12430,4
12431,9
12432,6
12433,6
12434,4
12435,10
12436,10
12437,9
12438,8
12439,7
12440,1
12441,3
12442,5
12443,9
12444,5
12445,5
12446,10
12447,4
12448,4
12449,7
12450,5
12451,8
12452,10
12453,5
12454,2
12455,4
12456,5
12457,10
12458,1
12459,6
12460,6
12461,7
12462,10
12463,5
12464,5
12465,5
12466,9
12467,5
12468,9
12469,9
12470,7
12471,9
12472,3
12473,9
12474,6
12475,7
12476,1
12477,3
12478,1
12479,7
12480,7
12481,5
12482,5
12483,5
12484,9
12485,10
12486,4
12487,5
12488,10
12489,10
12490,10
12491,2
12492,7
12493,7
12494,9
12495,9
12496,8
12497,3
12498,5
12499,7
12500,5
12501,4
12502,5
12503,10
12504,3
12505,4
12506,4
12507,5
12508,9
12509,2
12510,2
12511,1
12512,7
12513,7
12514,7
12515,8
12516,7
12517,7
12518,2
12519,2
12520,2
12521,9
12522,7
12523,7
12524,1
12525,4
12526,7
12527,7
12528,5
12529,5
12530,5
12531,10
12532,5
12533,10
12534,4
12535,5
12536,7
12537,9
12538,5
12539,5
12540,5
12541,7
12542,5
12543,6
12544,5
12545,2
12546,7
12547,9
12548,2
12549,2
12550,2
12551,2
12552,4
12553,8
12554,7
12555,6
12556,3
12557,5
12558,5
12559,5
12560,4
12561,5
12562,7
12563,7
12564,1
12565,9
12566,5
12567,10
12568,2
12569,2
12570,10
12571,10
12572,2
12573,7
12574,2
12575,2
12576,2
12577,7
12578,5
12579,6
12580,10
12581,7
12582,5
12583,7
12584,5
12585,8
12586,2
12587,2
12588,1
12589,9
12590,10
12591,3
12592,5
12593,5
12594,10
12595,5
12596,7
12597,7
12598,6
12599,10
12600,9
12601,1
12602,8
12603,9
12604,3
12605,5
12606,1
12607,6
12608,7
12609,5
12610,10
12611,10
12612,4
12613,4
12614,2
12615,7
12616,7
12617,2
12618,6
12619,7
12620,10
12621,2
12622,2
12623,9
12624,4
12625,8
12626,10
12627,2
12628,2
12629,4
12630,9
12631,5
12632,1
12633,10
12634,2
12635,2
12636,10
12637,8
12638,9
12639,5
12640,10
12641,6
12642,8
12643,10
12644,8
12645,4
12646,5
12647,2
12648,2
12649,2
12650,4
12651,2
12652,2
12653,2
12654,7
12655,1
12656,6
12657,10
12658,5
12659,5
12660,2
12661,10
12662,8
12663,8
12664,5
12665,10
12666,6
12667,4
12668,4
12669,4
12670,4
12671,4
12672,2
12673,8
12674,8
12675,1
12676,7
12677,7
12678,4
12679,9
12680,4
12681,4
12682,9
12683,8
12684,9
12685,5
12686,7
12687,5
12688,4
12689,8
12690,2
12691,8
12692,8
12693,10
12694,4
12695,10
12696,5
12697,5
12698,5
12699,7
12700,5
12701,5
12702,10
12703,10
12704,5
12705,9
12706,10
12707,10
12708,10
12709,4
12710,4
12711,2
12712,7
12713,7
12714,10
12715,10
12716,10
12717,10
12718,10
12719,10
12720,4
12721,9
12722,4
12723,8
12724,1
12725,10
12726,4
12727,7
12728,5
12729,1
12730,9
12731,10
12732,5
12733,5
12734,4
12735,4
12736,9
12737,2
12738,2
12739,2
12740,1
12741,10
12742,7
12743,8
12744,5
12745,10
12746,5
12747,2
12748,2
12749,2
12750,2
12751,4
12752,3
12753,5
12754,5
12755,9
12756,10
12757,5
12758,5
12759,4
12760,4
12761,8
12762,4
12763,4
12764,8
12765,5
12766,5
12767,9
12768,4
12769,8
12770,2
12771,9
12772,10
12773,10
12774,5
12775,5
12776,4
12777,5
12778,3
12779,1
12780,7
12781,7
12782,10
12783,5
12784,9
12785,10
12786,4
12787,4
12788,7
12789,9
12790,10
12791,5
12792,1
12793,5
12794,4
12795,5
12796,6
12797,7
12798,6
12799,3
12800,5
12801,10
12802,5
12803,10
12804,10
12805,1
12806,4
12807,2
12808,4
12809,7
12810,10
12811,10
12812,10
12813,10
12814,10
12815,10
12816,10
12817,10
12818,10
12819,6
12820,10
12821,10
12822,10
12823,4
12824,4
12825,4
12826,4
12827,3
12828,6
12829,5
12830,7
12831,7
12832,7
12833,1
12834,4
12835,5
12836,5
12837,3
12838,10
12839,5
12840,5
12841,5
12842,6
12843,4
12844,9
12845,1
12846,3
12847,9
12848,10
12849,7
12850,1
12851,5
12852,3
12853,10
12854,5
12855,8
12856,4
12857,4
12858,6
12859,1
12860,5
12861,6
12862,10
12863,5
12864,4
12865,4
12866,4
12867,4
12868,10
12869,10
12870,10
12871,4
12872,4
12873,10
12874,10
12875,10
12876,10
12877,9
12878,3
12879,5
12880,7
12881,10
12882,10
12883,4
12884,4
12885,1
12886,1
12887,6
12888,5
12889,10
12890,4
12891,5
12892,5
12893,1
12894,6
12895,5
12896,4
12897,5
12898,5
12899,10
12900,5
12901,5
12902,10
12903,5
12904,4
12905,4
12906,3
12907,4
12908,4
12909,10
12910,10
12911,7
12912,7
12913,10
12914,9
12915,2
12916,7
12917,9
12918,6
12919,5
12920,10
12921,5
12922,5
12923,10
12924,5
12925,7
12926,5
12927,1
12928,7
12929,9
12930,4
12931,4
12932,2
12933,4
12934,5
12935,10
12936,10
12937,7
12938,9
12939,7
12940,10
12941,10
12942,5
12943,5
12944,10
12945,4
12946,10
12947,7
12948,10
12949,4
12950,2
12951,5
12952,9
12953,5
12954,5
12955,9
12956,2
12957,2
12958,2
12959,9
12960,4
12961,1
12962,10
12963,10
12964,5
12965,6
12966,4
12967,4
12968,9
12969,9
12970,5
12971,10
12972,2
12973,8
12974,9
12975,10
12976,1
12977,7
12978,5
12979,10
12980,10
12981,5
12982,4
12983,9
12984,1
12985,9
12986,1
12987,5
12988,5
12989,5
12990,9
12991,4
12992,7
12993,9
12994,9
12995,5
12996,5
12997,10
12998,10
12999,9
13000,8
13001,1
13002,5
13003,5
13004,3
13005,8
13006,7
13007,9
13008,9
13009,7
13010,2
13011,4
13012,10
13013,6
13014,5
13015,5
13016,6
13017,5
13018,4
13019,5
13020,5
13021,5
13022,3
13023,5
13024,5
13025,9
13026,6
13027,6
13028,6
13029,8
13030,7
13031,7
13032,5
13033,4
13034,4
13035,8
13036,9
13037,5
13038,4
13039,5
13040,9
13041,4
13042,6
13043,9
13044,7
13045,5
13046,5
13047,10
13048,4
13049,2
13050,9
13051,1
13052,10
13053,8
13054,2
13055,10
13056,10
13057,4
13058,5
13059,9
13060,4
13061,5
13062,4
13063,4
13064,4
13065,9
13066,8
13067,2
13068,10
13069,9
13070,10
13071,10
13072,2
13073,5
13074,5
13075,5
13076,8
13077,2
13078,10
13079,2
13080,6
13081,6
13082,5
13083,10
13084,10
13085,6
13086,5
13087,8
13088,8
13089,6
13090,2
13091,9
13092,8
13093,10
13094,10
13095,2
13096,10
13097,8
13098,5
13099,7
13100,5
13101,5
13102,8
13103,4
13104,5
13105,5
13106,8
13107,5
13108,5
13109,4
13110,10
13111,4
13112,5
13113,9
13114,4
13115,2
13116,8
13117,2
13118,2
13119,5
13120,9
13121,7
13122,10
13123,6
13124,7
13125,7
13126,5
13127,10
13128,5
13129,5
13130,10
13131,5
13132,7
13133,2
13134,2
13135,7
13136,10
13137,9
13138,5
13139,5
13140,5
13141,4
13142,4
13143,2
13144,2
13145,2
13146,10
13147,10
13148,8
13149,4
13150,2
13151,7
13152,8
13153,9
13154,6
13155,6
13156,5
13157,2
13158,8
13159,10
13160,10
13161,5
13162,5
13163,2
13164,4
13165,10
13166,4
13167,7
13168,7
13169,5
13170,2
13171,6
13172,10
13173,5
13174,5
13175,9
13176,6
13177,10
13178,7
13179,10
13180,2
13181,10
13182,10
13183,10
13184,5
13185,2
13186,2
13187,2
13188,2
13189,9
13190,9
13191,9
13192,6
13193,6
13194,8
13195,5
13196,10
13197,8
13198,8
13199,4
13200,10
13201,10
13202,5
13203,5
13204,5
13205,5
13206,4
13207,4
13208,4
13209,4
13210,2
13211,8
13212,7
13213,5
13214,10
13215,5
13216,2
13217,4
13218,6
13219,2
13220,6
13221,9
13222,10
13223,5
13224,10
13225,4
13226,9
13227,8
13228,8
13229,5
13230,5
13231,5
13232,4
13233,2
13234,8
13235,8
13236,9
13237,10
13238,10
13239,10
13240,4
13241,4
13242,4
13243,4
13244,4
13245,8
13246,10
13247,5
13248,10
13249,5
13250,8
13251,3
13252,8
13253,10
13254,10
13255,8
13256,4
13257,4
13258,7
13259,5
13260,10
13261,6
13262,4
13263,4
13264,5
13265,5
13266,9
13267,9
13268,6
13269,1
13270,7
13271,10
13272,5
13273,5
13274,5
13275,10
13276,5
13277,4
13278,2
13279,2
13280,9
13281,10
13282,1
13283,5
13284,10
13285,4
13286,4
13287,10
13288,6
13289,4
13290,5
13291,5
13292,6
13293,4
13294,2
13295,8
13296,6
13297,4
13298,6
13299,9
13300,10
13301,4
13302,2
13303,8
13304,2
13305,1
13306,4
13307,10
13308,7
13309,6
13310,7
13311,8
13312,5
13313,10
13314,5
13315,10
13316,10
13317,4
13318,2
13319,10
13320,6
13321,1
13322,5
13323,10
13324,5
13325,5
13326,8
13327,9
13328,5
13329,10
13330,4
13331,5
13332,8
13333,2
13334,2
13335,2
13336,9
13337,5
13338,4
13339,2
13340,5
13341,10
13342,5
13343,9
13344,10
13345,10
13346,4
13347,10
13348,5
13349,4
13350,5
13351,2
13352,8
13353,10
13354,6
13355,10
13356,6
13357,2
13358,9
13359,8
13360,2
13361,2
13362,9
13363,10
13364,10
13365,10
13366,10
13367,5
13368,5
13369,8
13370,7
13371,2
13372,2
13373,5
13374,5
13375,5
13376,7
13377,10
13378,8
13379,9
13380,9
13381,2
13382,6
13383,6
13384,9
13385,5
13386,4
13387,4
13388,2
13389,2
13390,2
13391,9
13392,10
13393,8
13394,10
13395,5
13396,3
13397,4
13398,1
13399,5
13400,5
13401,5
13402,10
13403,4
13404,4
13405,2
13406,2
13407,10
13408,10
13409,5
13410,2
13411,2
13412,2
13413,2
13414,6
13415,2
13416,8
13417,10
13418,5
13419,4
13420,2
13421,4
13422,7
13423,2
13424,2
13425,8
13426,8
13427,5
13428,5
13429,10
13430,1
13431,5
13432,8
13433,9
13434,8
13435,8
13436,4
13437,8
13438,7
13439,7
13440,3
13441,5
13442,4
13443,4
13444,5
13445,4
13446,7
13447,5
13448,4
13449,9
13450,6
13451,8
13452,6
13453,10
13454,8
13455,9
13456,4
13457,2
13458,8
13459,10
13460,4
13461,5
13462,9
13463,2
13464,2
13465,8
13466,7
13467,1
13468,9
13469,4
13470,5
13471,9
13472,8
13473,6
13474,4
13475,4
13476,8
13477,10
13478,10
13479,5
13480,4
13481,4
13482,5
13483,9
13484,7
13485,4
13486,5
13487,4
13488,9
13489,2
13490,6
13491,2
13492,9
13493,6
13494,1
13495,5
13496,9
13497,10
13498,9
13499,7
13500,5
13501,5
13502,4
13503,5
13504,3
13505,1
13506,10
13507,8
13508,4
13509,1
13510,1
13511,8
13512,10
13513,9
13514,8
13515,4
13516,6
13517,8
13518,7
13519,10
13520,6
13521,5
13522,6
13523,6
13524,5
13525,4
13526,10
13527,10
13528,6
13529,10
13530,6
13531,7
13532,10
13533,10
13534,10
13535,10
13536,4
13537,5
13538,4
13539,7
13540,8
13541,6
13542,3
13543,6
13544,1
13545,8
13546,4
13547,7
13548,7
13549,9
13550,4
13551,4
13552,4
13553,10
13554,9
13555,1
13556,10
13557,5
13558,10
13559,7
13560,5
13561,10
13562,10
13563,2
13564,6
13565,10
13566,5
13567,10
13568,10
13569,4
13570,4
13571,5
13572,10
13573,10
13574,10
13575,10
13576,6
13577,10
13578,10
13579,10
13580,6
13581,1
13582,10
13583,10
13584,5
13585,1
13586,9
13587,10
13588,5
13589,4
13590,4
13591,2
13592,2
13593,10
13594,5
13595,4
13596,4
13597,9
13598,5
13599,8
13600,4
13601,8
13602,3
13603,6
13604,4
13605,9
13606,7
13607,5
13608,5
13609,5
13610,4
13611,8
13612,8
13613,8
13614,8
13615,5
13616,4
13617,1
13618,10
13619,5
13620,5
13621,9
13622,5
13623,6
13624,9
13625,7
13626,9
13627,10
13628,10
13629,10
13630,1
13631,5
13632,4
13633,9
13634,4
13635,5
13636,10
13637,8
13638,4
13639,4
13640,5
13641,9
13642,8
13643,6
13644,4
13645,8
13646,8
13647,5
13648,4
13649,8
13650,9
13651,7
13652,10
13653,10
13654,10
13655,4
13656,4
13657,4
13658,4
13659,9
13660,5
13661,7
13662,10
13663,4
13664,4
13665,4
13666,4
13667,5
13668,2
13669,4
13670,9
13671,10
13672,10
13673,5
13674,6
13675,2
13676,4
13677,9
13678,3
13679,5
13680,5
13681,5
13682,5
13683,10
13684,5
13685,5
13686,5
13687,4
13688,6
13689,4
13690,5
13691,10
13692,10
13693,5
13694,5
13695,4
13696,3
13697,4
13698,4
13699,5
13700,9
13701,5
13702,5
13703,4
13704,9
13705,2
13706,2
13707,2
13708,4
13709,9
13710,4
13711,9
13712,9
13713,4
13714,5
13715,4
13716,6
13717,10
13718,5
13719,9
13720,5
13721,4
13722,6
13723,1
13724,6
13725,6
13726,8
13727,1
13728,3
13729,1
13730,1
13731,10
13732,1
13733,9
13734,4
13735,8
13736,2
13737,8
13738,4
13739,5
13740,8
13741,10
13742,6
13743,1
13744,10
13745,5
13746,4
13747,8
13748,2
13749,5
13750,5
13751,10
13752,10
13753,6
13754,4
13755,4
13756,10
13757,9
13758,4
13759,6
13760,8
13761,9
13762,10
13763,4
13764,4
13765,8
13766,8
13767,10
13768,5
13769,10
13770,2
13771,5
13772,2
13773,8
13774,7
13775,6
13776,7
13777,2
13778,2
13779,2
13780,5
13781,10
13782,6
13783,8
13784,8
13785,7
13786,5
13787,4
13788,4
13789,9
13790,4
13791,4
13792,9
13793,4
13794,4
13795,4
13796,8
13797,5
13798,5
13799,5
13800,4
13801,8
13802,8
13803,10
13804,10
13805,6
13806,6
13807,2
13808,2
13809,9
13810,2
13811,4
13812,8
13813,5
13814,9
13815,5
13816,4
13817,5
13818,4
13819,5
13820,9
13821,4
13822,5
13823,5
13824,8
13825,5
13826,5
13827,10
13828,2
13829,9
13830,2
13831,6
13832,10
13833,10
13834,5
13835,4
13836,2
13837,4
13838,4
13839,2
13840,10
13841,10
13842,10
13843,4
13844,2
13845,4
13846,6
13847,8
13848,10
13849,2
13850,2
13851,2
13852,4
13853,8
13854,1
13855,10
13856,10
13857,10
13858,4
13859,4
13860,9
13861,8
13862,10
13863,7
13864,7
13865,5
13866,5
13867,1
13868,7
13869,5
13870,4
13871,4
13872,6
13873,4
13874,10
13875,5
13876,5
13877,10
13878,5
13879,9
13880,4
13881,8
13882,8
13883,2
13884,3
13885,8
13886,5
13887,5
13888,5
13889,8
13890,4
13891,2
13892,9
13893,4
13894,8
13895,6
13896,3
13897,4
13898,9
13899,10
13900,10
13901,4
13902,5
13903,10
13904,2
13905,2
13906,6
13907,4
13908,9
13909,8
13910,4
13911,4
13912,9
13913,6
13914,5
13915,4
13916,4
13917,2
13918,2
13919,9
13920,6
13921,8
13922,7
13923,7
13924,10
13925,10
13926,10
13927,4
13928,4
13929,4
13930,4
13931,9
13932,7
13933,10
13934,4
13935,8
13936,6
13937,10
13938,4
13939,4
13940,4
13941,5
13942,10
13943,5
13944,10
13945,5
13946,4
13947,9
13948,8
13949,4
13950,4
13951,6
13952,5
13953,6
13954,10
13955,4
13956,8
13957,6
13958,7
13959,10
13960,5
13961,5
13962,8
13963,9
13964,4
13965,10
13966,9
13967,7
13968,5
13969,6
13970,4
13971,4
13972,4
13973,9
13974,2
13975,8
13976,8
13977,4
13978,10
13979,7
13980,10
13981,5
13982,10
13983,5
13984,10
13985,9
13986,10
13987,10
13988,10
13989,4
13990,4
13991,5
13992,2
13993,2
13994,10
13995,7
13996,7
13997,10
13998,10
13999,10
14000,5
14001,10
14002,10
14003,5
14004,5
14005,6
14006,4
14007,6
14008,9
14009,9
14010,8
14011,6
14012,9
14013,8
14014,5
14015,10
14016,8
14017,3
14018,9
14019,10
14020,5
14021,10
14022,4
14023,4
14024,9
14025,6
14026,8
14027,3
14028,8
14029,1
14030,10
14031,2
14032,2
14033,5
14034,10
14035,6
14036,10
14037,9
14038,2
14039,7
14040,3
14041,5
14042,5
14043,5
14044,5
14045,5
14046,5
14047,10
14048,5
14049,5
14050,10
14051,4
14052,4
14053,4
14054,2
14055,10
14056,4
14057,7
14058,9
14059,5
14060,5
14061,5
14062,8
14063,4
14064,4
14065,10
14066,9
14067,9
14068,3
14069,5
14070,8
14071,1
14072,10
14073,5
14074,10
14075,10
14076,4
14077,3
14078,3
14079,7
14080,5
14081,4
14082,9
14083,5
14084,10
14085,10
14086,10
14087,8
14088,5
14089,2
14090,6
14091,4
14092,6
14093,7
14094,5
14095,5
14096,4
14097,9
14098,10
14099,10
14100,10
14101,4
14102,4
14103,2
14104,10
14105,8
14106,2
14107,8
14108,4
14109,4
14110,4
14111,1
14112,9
14113,3
14114,5
14115,5
14116,10
14117,4
14118,4
14119,9
14120,1
14121,5
14122,10
14123,8
14124,5
14125,8
14126,9
14127,4
14128,6
14129,4
14130,5
14131,6
14132,9
14133,10
14134,10
14135,7
14136,1
14137,5
14138,5
14139,10
14140,4
14141,3
14142,8
14143,5
14144,4
14145,9
14146,2
14147,8
14148,8
14149,7
14150,4
14151,4
14152,10
14153,8
14154,4
14155,5
14156,10
14157,1
14158,7
14159,7
14160,6
14161,7
14162,4
14163,8
14164,6
14165,5
14166,5
14167,1
14168,7
14169,1
14170,1
14171,1
14172,10
14173,7
14174,5
14175,7
14176,5
14177,4
14178,5
14179,5
14180,8
14181,2
14182,8
14183,10
14184,9
14185,8
14186,8
14187,10
14188,4
14189,7
14190,7
14191,9
14192,6
14193,7
14194,5
14195,10
14196,10
14197,10
14198,6
14199,4
14200,10
14201,10
14202,10
14203,10
14204,7
14205,7
14206,7
14207,1
14208,1
14209,10
14210,4
14211,9
14212,4
14213,9
14214,5
14215,7
14216,1
14217,5
14218,9
14219,5
14220,5
14221,3
14222,6
14223,10
14224,9
14225,5
14226,5
14227,5
14228,4
14229,4
14230,9
14231,9
14232,8
14233,5
14234,1
14235,10
14236,8
14237,5
14238,10
14239,10
14240,7
14241,10
14242,10
14243,5
14244,10
14245,7
14246,5
14247,5
14248,10
14249,10
14250,10
14251,7
14252,5
14253,10
14254,10
14255,4
14256,2
14257,4
14258,7
14259,10
14260,1
14261,4
14262,7
14263,3
14264,3
14265,7
14266,5
14267,5
14268,6
14269,4
14270,8
14271,4
14272,2
14273,10
14274,1
14275,7
14276,1
14277,10
14278,10
14279,4
14280,1
14281,4
14282,9
14283,2
14284,3
14285,10
14286,4
14287,1
14288,10
14289,5
14290,5
14291,5
14292,10
14293,5
14294,5
14295,5
14296,9
14297,10
14298,1
14299,9
14300,4
14301,8
14302,7
14303,5
14304,6
14305,9
14306,5
14307,6
14308,10
14309,10
14310,6
14311,5
14312,7
14313,5
14314,5
14315,5
14316,4
14317,4
14318,4
14319,9
14320,2
14321,9
14322,10
14323,10
14324,6
14325,10
14326,10
14327,10
14328,6
14329,10
14330,10
14331,10
14332,7
14333,7
14334,1
14335,7
14336,7
14337,7
14338,9
14339,4
14340,4
14341,8
14342,4
14343,10
14344,8
14345,4
14346,1
14347,3
14348,5
14349,5
14350,5
14351,8
14352,4
14353,7
14354,5
14355,5
14356,10
14357,4
14358,4
14359,4
14360,5
14361,3
14362,4
14363,4
14364,8
14365,3
14366,9
14367,4
14368,4
14369,5
14370,4
14371,5
14372,10
14373,5
14374,3
14375,9
14376,10
14377,10
14378,10
14379,5
14380,10
14381,4
14382,4
14383,5
14384,7
14385,5
14386,10
14387,10
14388,8
14389,5
14390,5
14391,5
14392,10
14393,5
14394,5
14395,7
14396,7
14397,3
14398,5
14399,5
14400,9
14401,3
14402,4
14403,10
14404,5
14405,10
14406,5
14407,5
14408,9
14409,5
14410,6
14411,3
14412,10
14413,5
14414,4
14415,9
14416,7
14417,4
14418,9
14419,6
14420,5
14421,7
14422,10
14423,10
14424,8
14425,6
14426,2
14427,4
14428,2
14429,2
14430,7
14431,7
14432,6
14433,7
14434,7
14435,7
14436,6
14437,8
14438,6
14439,7
14440,1
14441,3
14442,5
14443,10
14444,6
14445,3
14446,9
14447,9
14448,4
14449,5
14450,10
14451,4
14452,4
14453,9
14454,5
14455,9
14456,7
14457,8
14458,8
14459,4
14460,10
14461,8
14462,3
14463,5
14464,5
14465,10
14466,10
14467,4
14468,4
14469,3
14470,5
14471,5
14472,10
14473,10
14474,4
14475,9
14476,7
14477,7
14478,9
14479,9
14480,6
14481,5
14482,9
14483,3
14484,6
14485,10
14486,10
14487,9
14488,5
14489,5
14490,3
14491,6
14492,3
14493,3
14494,3
14495,3
14496,4
14497,3
14498,7
14499,8
14500,10
14501,4
14502,4
14503,4
14504,5
14505,6
14506,7
14507,10
14508,9
14509,7
14510,4
14511,2
14512,7
14513,1
14514,6
14515,3
14516,9
14517,7
14518,1
14519,6
14520,1
14521,1
14522,7
14523,9
14524,5
14525,7
14526,1
14527,7
14528,7
14529,7
14530,1
14531,5
14532,7
14533,4
14534,4
14535,3
14536,9
14537,9
14538,4
14539,6
14540,7
14541,7
14542,7
14543,7
14544,4
14545,3
14546,3
14547,1
14548,1
14549,1
14550,5
14551,9
14552,7
14553,5
14554,10
14555,4
14556,4
14557,3
14558,6
14559,9
14560,6
14561,9
14562,4
14563,2
14564,5
14565,4
14566,5
14567,7
14568,9
14569,6
14570,5
14571,10
14572,5
14573,4
14574,4
14575,1
14576,5
14577,1
14578,5
14579,3
14580,6
14581,10
14582,5
14583,4
14584,6
14585,1
14586,7
14587,6
14588,5
14589,10
14590,4
14591,9
14592,3
14593,4
14594,6
14595,1
14596,9
14597,4
14598,5
14599,2
14600,6
14601,6
14602,6
14603,7
14604,7
14605,9
14606,7
14607,7
14608,7
14609,2
14610,1
14611,5
14612,5
14613,10
14614,10
14615,4
14616,4
14617,5
14618,3
14619,9
14620,9
14621,1
14622,6
14623,8
14624,7
14625,5
14626,4
14627,4
14628,7
14629,7
14630,7
14631,7
14632,7
14633,3
14634,1
14635,7
14636,7
14637,5
14638,4
14639,9
14640,9
14641,9
14642,6
14643,6
14644,6
14645,4
14646,3
14647,1
14648,6
14649,7
14650,4
14651,7
14652,6
14653,9
14654,7
14655,10
14656,4
14657,4
14658,4
14659,7
14660,9
14661,6
14662,8
14663,9
14664,5
14665,1
14666,5
14667,5
14668,9
14669,7
14670,5
14671,5
14672,10
14673,5
14674,4
14675,8
14676,5
14677,2
14678,6
14679,4
14680,9
14681,9
14682,4
14683,7
14684,1
14685,9
14686,5
14687,10
14688,5
14689,3
14690,5
14691,9
14692,1
14693,2
14694,2
14695,7
14696,2
14697,7
14698,6
14699,8
14700,8
14701,7
14702,4
14703,8
14704,7
14705,5
14706,7
14707,7
14708,5
14709,10
14710,5
14711,4
14712,10
14713,4
14714,7
14715,6
14716,3
14717,5
14718,7
14719,6
14720,4
14721,5
14722,4
14723,4
14724,8
14725,7
14726,9
14727,9
14728,9
14729,9
14730,9
14731,6
14732,9
14733,4
14734,3
14735,10
14736,9
14737,7
14738,7
14739,9
14740,5
14741,7
14742,7
14743,7
14744,10
14745,10
14746,5
14747,4
14748,9
14749,2
14750,8
14751,9
14752,4
14753,8
14754,5
14755,4
14756,7
14757,3
14758,7
14759,4
14760,9
14761,4
14762,1
14763,5
14764,5
14765,1
14766,1
14767,5
14768,7
14769,7
14770,7
14771,7
14772,7
14773,5
14774,5
14775,5
14776,8
14777,7
14778,5
14779,5
14780,4
14781,5
14782,4
14783,3
14784,9
14785,1
14786,1
14787,5
14788,5
14789,9
14790,9
14791,7
14792,7
14793,7
14794,10
14795,5
14796,5
14797,5
14798,10
14799,5
14800,4
14801,4
14802,4
14803,4
14804,9
14805,7
14806,4
14807,4
14808,6
14809,8
14810,6
14811,9
14812,3
14813,6
14814,10
14815,4
14816,9
14817,7
14818,7
14819,1
14820,1
14821,7
14822,9
14823,9
14824,7
14825,2
14826,2
14827,4
14828,2
14829,1
14830,1
14831,5
14832,1
14833,3
14834,9
14835,7
14836,4
14837,3
14838,5
14839,4
14840,7
14841,6
14842,3
14843,5
14844,7
14845,8
14846,5
14847,8
14848,10
14849,10
14850,5
14851,4
14852,7
14853,2
14854,9
14855,2
14856,6
14857,9
14858,8
14859,1
14860,5
14861,7
14862,7
14863,6
14864,7
14865,5
14866,7
14867,5
14868,7
14869,5
14870,10
14871,9
14872,5
14873,2
14874,9
14875,9
14876,7
14877,3
14878,6
14879,3
14880,9
14881,1
14882,8
14883,7
14884,9
14885,4
14886,3
14887,4
14888,4
14889,3
14890,3
14891,1
14892,7
14893,7
14894,6
14895,7
14896,10
14897,10
14898,10
14899,6
14900,4
14901,7
14902,9
14903,2
14904,4
14905,8
14906,9
14907,10
14908,6
14909,1
14910,4
14911,6
14912,6
14913,6
14914,5
14915,5
14916,5
14917,4
14918,6
14919,10
14920,9
14921,4
14922,5
14923,7
14924,3
14925,5
14926,10
14927,10
14928,5
14929,9
14930,6
14931,9
14932,5
14933,6
14934,1
14935,5
14936,7
14937,7
14938,6
14939,7
14940,5
14941,7
14942,5
14943,8
14944,5
14945,7
14946,7
14947,5
14948,10
14949,5
14950,10
14951,9
14952,4
14953,4
14954,3
14955,3
14956,5
14957,5
14958,1
14959,5
14960,9
14961,6
14962,1
14963,9
14964,5
14965,7
14966,1
14967,8
14968,10
14969,7
14970,5
14971,7
14972,10
14973,10
14974,5
14975,9
14976,1
14977,5
14978,5
14979,5
14980,1
14981,7
14982,4
14983,5
14984,1
14985,5
14986,7
14987,5
14988,5
14989,9
14990,9
14991,5
14992,10
14993,8
14994,1
14995,7
14996,1
14997,7
14998,7
14999,1
15000,7
15001,6
15002,10
15003,4
15004,5
15005,8
15006,9
15007,2
15008,9
15009,2
15010,2
15011,2
15012,2
15013,2
15014,2
15015,2
15016,7
15017,1
15018,7
15019,2
15020,2
15021,7
15022,6
15023,9
15024,6
15025,8
15026,10
15027,9
15028,2
15029,6
15030,9
15031,9
15032,9
15033,10
15034,5
15035,5
15036,3
15037,6
15038,9
15039,1
15040,2
15041,10
15042,6
15043,4
15044,8
15045,9
15046,1
15047,3
15048,6
15049,10
15050,6
15051,8
15052,1
15053,5
15054,6
15055,3
15056,8
15057,3
15058,4
15059,9
15060,8
15061,4
15062,6
15063,3
15064,3
15065,5
15066,6
15067,9
15068,2
15069,10
15070,9
15071,2
15072,2
15073,2
15074,6
15075,7
15076,7
15077,7
15078,7
15079,4
15080,7
15081,9
15082,7
15083,7
15084,1
15085,6
15086,7
15087,7
15088,7
15089,7
15090,7
15091,7
15092,7
15093,1
15094,7
15095,7
15096,7
15097,7
15098,7
15099,7
15100,7
15101,7
15102,2
15103,3
15104,9
15105,5
15106,7
15107,6
15108,5
15109,9
15110,6
15111,9
15112,2
15113,4
15114,2
15115,10
15116,7
15117,1
15118,5
15119,10
15120,9
15121,1
15122,2
15123,6
15124,4
15125,9
15126,1
15127,7
15128,3
15129,1
15130,10
15131,5
15132,5
15133,5
15134,4
15135,5
15136,4
15137,8
15138,7
15139,6
15140,3
15141,1
15142,5
15143,5
15144,5
15145,5
15146,5
15147,4
15148,4
15149,2
15150,2
15151,3
15152,5
15153,1
15154,1
15155,3
15156,1
15157,5
15158,1
15159,5
15160,1
15161,8
15162,8
15163,7
15164,7
15165,7
15166,7
15167,7
15168,5
15169,10
15170,10
15171,5
15172,5
15173,10
15174,4
15175,5
15176,3
15177,5
15178,4
15179,7
15180,7
15181,10
15182,10
15183,6
15184,10
15185,4
15186,6
15187,3
15188,5
15189,10
15190,7
15191,10
15192,6
15193,4
15194,9
15195,4
15196,8
15197,2
15198,8
15199,8
15200,2
15201,8
15202,2
15203,2
15204,2
15205,4
15206,4
15207,7
15208,8
15209,10
15210,6
15211,10
15212,4
15213,3
15214,10
15215,1
15216,9
15217,4
15218,4
15219,6
15220,8
15221,10
15222,10
15223,4
15224,8
15225,5
15226,10
15227,10
15228,10
15229,10
15230,10
15231,8
15232,10
15233,4
15234,4
15235,9
15236,1
15237,1
15238,6
15239,1
15240,10
15241,10
15242,5
15243,8
15244,8
15245,9
15246,7
15247,6
15248,5
15249,7
15250,10
15251,4
15252,7
15253,6
15254,7
15255,7
15256,9
15257,5
15258,5
15259,5
15260,5
15261,9
15262,7
15263,10
15264,10
15265,10
15266,10
15267,4
15268,6
15269,6
15270,6
15271,6
15272,10
15273,1
15274,10
15275,5
15276,5
15277,10
15278,3
15279,1
15280,1
15281,1
15282,1
15283,5
15284,1
15285,7
15286,9
15287,5
15288,4
15289,2
15290,3
15291,3
15292,6
15293,2
15294,8
15295,8
15296,9
15297,2
15298,7
15299,5
15300,5
15301,1
15302,5
15303,1
15304,8
15305,1
15306,6
15307,6
15308,6
15309,5
15310,7
15311,5
15312,7
15313,10
15314,9
15315,5
15316,10
15317,10
15318,10
15319,4
15320,4
15321,5
15322,9
15323,4
15324,8
15325,7
15326,7
15327,7
15328,10
15329,5
15330,5
15331,5
15332,5
15333,4
15334,9
15335,4
15336,9
15337,5
15338,5
15339,5
15340,4
15341,9
15342,6
15343,2
15344,7
15345,6
15346,10
15347,10
15348,9
15349,10
15350,10
15351,10
15352,6
15353,10
15354,7
15355,10
15356,10
15357,10
15358,4
15359,1
15360,1
15361,6
15362,7
15363,3
15364,1
15365,1
15366,10
15367,1
15368,1
15369,1
15370,10
15371,6
15372,5
15373,7
15374,7
15375,6
15376,5
15377,1
15378,5
15379,4
15380,5
15381,4
15382,7
15383,5
15384,7
15385,7
15386,6
15387,10
15388,10
15389,10
15390,4
15391,9
15392,8
15393,8
15394,5
15395,7
15396,8
15397,8
15398,6
15399,7
15400,7
15401,4
15402,10
15403,7
15404,5
15405,8
15406,4
15407,4
15408,8
15409,4
15410,4
15411,6
15412,4
15413,4
15414,8
15415,8
15416,4
15417,1
15418,8
15419,5
15420,4
15421,7
15422,10
15423,8
15424,10
15425,10
15426,7
15427,1
15428,5
15429,5
15430,7
15431,6
15432,4
15433,10
15434,5
15435,5
15436,10
15437,6
15438,5
15439,1
15440,3
15441,10
15442,4
15443,9
15444,6
15445,5
15446,6
15447,6
15448,5
15449,7
15450,7
15451,7
15452,6
15453,5
15454,7
15455,5
15456,5
15457,5
15458,10
15459,9
15460,5
15461,5
15462,5
15463,10
15464,4
15465,5
15466,4
15467,4
15468,4
15469,8
15470,4
15471,5
15472,4
15473,4
15474,9
15475,3
15476,7
15477,9
15478,9
15479,9
15480,9
15481,4
15482,4
15483,5
15484,9
15485,2
15486,9
15487,7
15488,9
15489,9
15490,3
15491,3
15492,5
15493,5
15494,1
15495,5
15496,5
15497,4
15498,9
15499,5
15500,5
15501,1
15502,7
15503,3
15504,2
15505,3
15506,9
15507,8
15508,9
15509,5
15510,9
15511,6
15512,2
15513,9
15514,6
15515,8
15516,6
15517,4
15518,6
15519,9
15520,1
15521,10
15522,9
15523,4
15524,9
15525,10
15526,8
15527,5
15528,4
15529,6
15530,10
15531,4
15532,3
15533,5
15534,8
15535,8
15536,4
15537,4
15538,7
15539,4
15540,8
15541,4
15542,1
15543,4
15544,9
15545,1
15546,9
15547,6
15548,7
15549,4
15550,5
15551,5
15552,10
15553,10
15554,5
15555,5
15556,4
15557,7
15558,7
15559,7
15560,7
15561,7
15562,7
15563,9
15564,10
15565,4
15566,5
15567,3
15568,6
15569,5
15570,5
15571,7
15572,1
15573,7
15574,1
15575,6
15576,6
15577,5
15578,3
15579,5
15580,1
15581,7
15582,4
15583,10
15584,10
15585,6
15586,2
15587,10
15588,7
15589,9
15590,7
15591,1
15592,5
15593,5
15594,5
15595,5
15596,5
15597,6
15598,5
15599,6
15600,5
15601,4
15602,7
15603,6
15604,6
15605,7
15606,7
15607,6
15608,1
15609,7
15610,1
15611,7
15612,6
15613,6
15614,7
15615,6
15616,7
15617,8
15618,6
15619,6
15620,4
15621,1
15622,4
15623,1
15624,10
15625,4
15626,7
15627,6
15628,1
15629,6
15630,8
15631,4
15632,1
15633,7
15634,3
15635,3
15636,5
15637,9
15638,6
15639,7
15640,5
15641,7
15642,5
15643,5
15644,5
15645,9
15646,9
15647,2
15648,2
15649,8
15650,9
15651,6
15652,9
15653,9
15654,1
15655,3
15656,5
15657,7
15658,1
15659,1
15660,1
15661,7
15662,7
15663,7
15664,7
15665,5
15666,4
15667,9
15668,7
15669,3
15670,7
15671,6
15672,9
15673,6
15674,3
15675,5
15676,5
15677,5
15678,1
15679,1
15680,1
15681,1
15682,7
15683,5
15684,5
15685,5
15686,6
15687,7
15688,7
15689,5
15690,7
15691,7
15692,7
15693,10
15694,1
15695,7
15696,7
15697,7
15698,7
15699,2
15700,5
15701,5
15702,7
15703,10
15704,9
15705,5
15706,10
15707,5
15708,10
15709,5
15710,4
15711,8
15712,5
15713,8
15714,8
15715,9
15716,4
15717,9
15718,9
15719,9
15720,6
15721,10
15722,10
15723,6
15724,7
15725,5
15726,6
15727,6
15728,9
15729,5
15730,5
15731,1
15732,5
15733,7
15734,9
15735,7
15736,7
15737,5
15738,10
15739,5
15740,5
15741,4
15742,4
15743,9
15744,5
15745,5
15746,5
15747,3
15748,9
15749,6
15750,7
15751,7
15752,10
15753,4
15754,9
15755,9
15756,9
15757,9
15758,4
15759,4
15760,2
15761,2
15762,2
15763,6
15764,2
15765,2
15766,7
15767,7
15768,6
15769,2
15770,7
15771,8
15772,7
15773,9
15774,7
15775,6
15776,9
15777,8
15778,1
15779,1
15780,10
15781,6
15782,9
15783,10
15784,7
15785,7
15786,9
15787,6
15788,10
15789,10
15790,6
15791,6
15792,9
15793,8
15794,9
15795,10
15796,7
15797,7
15798,1
15799,9
15800,9
15801,2
15802,9
15803,4
15804,4
15805,4
15806,4
15807,6
15808,6
15809,10
15810,6
15811,5
15812,5
15813,6
15814,4
15815,1
15816,1
15817,1
15818,1
15819,6
15820,1
15821,8
15822,4
15823,5
15824,6
15825,6
15826,4
15827,8
15828,6
15829,5
15830,6
15831,6
15832,7
15833,3
15834,9
15835,6
15836,7
15837,4
15838,5
15839,1
15840,2
15841,6
15842,7
15843,7
15844,7
15845,7
15846,1
15847,3
15848,7
15849,7
15850,7
15851,1
15852,6
15853,3
15854,6
15855,1
15856,7
15857,6
15858,1
15859,8
15860,7
15861,7
15862,7
15863,7
15864,7
15865,6
15866,7
15867,7
15868,4
15869,7
15870,6
15871,7
15872,5
15873,7
15874,6
15875,4
15876,10
15877,7
15878,7
15879,7
15880,7
15881,2
15882,6
15883,7
15884,9
15885,4
15886,9
15887,5
15888,1
15889,6
15890,5
15891,7
15892,7
15893,5
15894,4
15895,5
15896,9
15897,4
15898,8
15899,10
15900,5
15901,1
15902,5
15903,6
15904,1
15905,10
15906,10
15907,10
15908,9
15909,4
15910,6
15911,7
15912,5
15913,5
15914,6
15915,9
15916,2
15917,2
15918,9
15919,2
15920,2
15921,8
15922,2
15923,10
15924,5
15925,9
15926,1
15927,5
15928,4
15929,5
15930,5
15931,9
15932,8
15933,1
15934,6
15935,6
15936,1
15937,6
15938,10
15939,4
15940,7
15941,5
15942,7
15943,6
15944,9
15945,5
15946,5
15947,5
15948,5
15949,10
15950,10
15951,10
15952,5
15953,6
15954,4
15955,5
15956,1
15957,9
15958,4
15959,4
15960,9
15961,2
15962,10
15963,9
15964,10
15965,2
15966,9
15967,9
15968,2
15969,9
15970,2
15971,5
15972,2
15973,2
15974,2
15975,1
15976,9
15977,3
15978,7
15979,10
15980,8
15981,6
15982,2
15983,2
15984,8
15985,9
15986,10
15987,9
15988,6
15989,9
15990,6
15991,8
15992,10
15993,6
15994,10
15995,9
15996,1
15997,4
15998,1
15999,1
16000,9
16001,10
16002,9
16003,10
16004,10
16005,10
16006,4
16007,4
16008,9
16009,10
16010,1
16011,3
16012,4
16013,4
16014,10
16015,4
16016,4
16017,6
16018,9
16019,1
16020,10
16021,8
16022,8
16023,1
16024,6
16025,4
16026,4
16027,8
16028,3
16029,7
16030,4
16031,6
16032,10
16033,4
16034,4
16035,7
16036,9
16037,6
16038,7
16039,7
16040,6
16041,4
16042,6
16043,5
16044,5
16045,5
16046,9
16047,5
16048,1
16049,1
16050,5
16051,5
16052,5
16053,1
16054,6
16055,7
16056,7
16057,7
16058,7
16059,9
16060,7
16061,5
16062,5
16063,7
16064,5
16065,5
16066,6
16067,7
16068,5
16069,5
16070,10
16071,5
16072,10
16073,10
16074,10
16075,10
16076,4
16077,4
16078,4
16079,5
16080,4
16081,8
16082,4
16083,5
16084,6
16085,5
16086,5
16087,10
16088,4
16089,4
16090,9
16091,8
16092,5
16093,5
16094,5
16095,4
16096,5
16097,4
16098,6
16099,10
16100,4
16101,8
16102,4
16103,4
16104,9
16105,3
16106,3
16107,5
16108,1
16109,7
16110,7
16111,5
16112,5
16113,6
16114,10
16115,5
16116,5
16117,5
16118,6
16119,9
16120,9
16121,9
16122,9
16123,3
16124,10
16125,9
16126,2
16127,9
16128,2
16129,10
16130,8
16131,8
16132,7
16133,6
16134,6
16135,2
16136,2
16137,6
16138,3
16139,9
16140,9
16141,6
16142,4
16143,1
16144,4
16145,4
16146,9
16147,9
16148,4
16149,9
16150,9
16151,8
16152,9
16153,4
16154,2
16155,1
16156,4
16157,10
16158,6
16159,1
16160,10
16161,9
16162,10
16163,7
16164,10
16165,4
16166,10
16167,8
16168,10
16169,4
16170,10
16171,10
16172,10
16173,4
16174,10
16175,10
16176,1
16177,10
16178,10
16179,10
16180,10
16181,3
16182,10
16183,3
16184,7
16185,7
16186,4
16187,1
16188,1
16189,5
16190,1
16191,4
16192,4
16193,4
16194,4
16195,4
16196,9
16197,9
16198,4
16199,10
16200,4
16201,4
16202,6
16203,8
16204,1
16205,4
16206,4
16207,8
16208,4
16209,4
16210,4
16211,8
16212,10
16213,7
16214,7
16215,7
16216,7
16217,7
16218,6
16219,10
16220,7
16221,6
16222,6
16223,6
16224,6
16225,6
16226,4
16227,7
16228,6
16229,7
16230,6
16231,7
16232,7
16233,7
16234,6
16235,6
16236,2
16237,10
16238,2
16239,1
16240,1
16241,5
16242,10
16243,10
16244,5
16245,4
16246,4
16247,1
16248,6
16249,10
16250,10
16251,5
16252,8
16253,6
16254,5
16255,7
16256,6
16257,10
16258,7
16259,8
16260,3
16261,10
16262,3
16263,9
16264,10
16265,10
16266,4
16267,7
16268,9
16269,1
16270,6
16271,3
16272,1
16273,7
16274,4
16275,7
16276,2
16277,9
16278,9
16279,6
16280,4
16281,9
16282,7
16283,9
16284,8
16285,4
16286,5
16287,4
16288,10
16289,4
16290,4
16291,9
16292,1
16293,1
16294,5
16295,5
16296,4
16297,10
16298,9
16299,9
16300,2
16301,8
16302,1
16303,6
16304,1
16305,1
16306,5
16307,5
16308,5
16309,3
16310,1
16311,1
16312,3
16313,1
16314,5
16315,5
16316,6
16317,5
16318,5
16319,8
16320,7
16321,7
16322,7
16323,10
16324,10
16325,5
16326,5
16327,7
16328,5
16329,9
16330,6
16331,6
16332,10
16333,5
16334,5
16335,5
16336,5
16337,5
16338,4
16339,4
16340,4
16341,5
16342,9
16343,4
16344,9
16345,9
16346,4
16347,9
16348,7
16349,9
16350,2
16351,2
16352,7
16353,2
16354,10
16355,9
16356,2
16357,7
16358,2
16359,2
16360,7
16361,2
16362,1
16363,7
16364,2
16365,7
16366,7
16367,2
16368,8
16369,8
16370,6
16371,2
16372,3
16373,9
16374,1
16375,9
16376,9
16377,9
16378,9
16379,6
16380,7
16381,3
16382,4
16383,6
16384,9
16385,9
16386,5
16387,6
16388,9
16389,4
16390,9
16391,4
16392,1
16393,3
16394,4
16395,3
16396,4
16397,5
16398,10
16399,8
16400,10
16401,8
16402,6
16403,1
16404,1
16405,7
16406,10
16407,6
16408,5
16409,4
16410,1
16411,1
16412,1
16413,1
16414,3
16415,1
16416,5
16417,9
16418,10
16419,9
16420,4
16421,4
16422,5
16423,8
16424,3
16425,4
16426,8
16427,9
16428,4
16429,8
16430,4
16431,9
16432,3
16433,7
16434,6
16435,6
16436,5
16437,1
16438,1
16439,1
16440,1
16441,6
16442,5
16443,10
16444,6
16445,5
16446,5
16447,4
16448,6
16449,8
16450,9
16451,10
16452,5
16453,5
16454,1
16455,5
16456,5
16457,5
16458,10
16459,7
16460,6
16461,5
16462,6
16463,7
16464,7
16465,8
16466,1
16467,10
16468,7
16469,6
16470,7
16471,6
16472,7
16473,7
16474,10
16475,6
16476,7
16477,7
16478,10
16479,7
16480,6
16481,7
16482,7
16483,10
16484,7
16485,7
16486,7
16487,7
16488,7
16489,6
16490,10
16491,5
16492,10
16493,4
16494,4
16495,9
16496,6
16497,7
16498,7
16499,6
16500,7
16501,7
16502,1
16503,2
16504,2
16505,2
16506,2
16507,7
16508,9
16509,3
16510,9
16511,3
16512,5
16513,5
16514,5
16515,4
16516,7
16517,7
16518,1
16519,5
16520,6
16521,5
16522,5
16523,5
16524,7
16525,5
16526,9
16527,4
16528,2
16529,3
16530,4
16531,7
16532,7
16533,7
16534,7
16535,3
16536,1
16537,10
16538,10
16539,6
16540,10
16541,5
16542,5
16543,4
16544,2
16545,8
16546,4
16547,6
16548,7
16549,7
16550,7
16551,5
16552,7
16553,6
16554,7
16555,5
16556,10
16557,7
16558,5
16559,5
16560,10
16561,5
16562,10
16563,10
16564,10
16565,10
16566,5
16567,10
16568,4
16569,9
16570,4
16571,4
16572,7
16573,1
16574,1
16575,5
16576,1
16577,3
16578,1
16579,3
16580,1
16581,1
16582,9
16583,7
16584,2
16585,2
16586,7
16587,7
16588,9
16589,9
16590,2
16591,2
16592,2
16593,4
16594,5
16595,5
16596,10
16597,4
16598,10
16599,3
16600,1
16601,7
16602,5
16603,10
16604,6
16605,6
16606,10
16607,4
16608,7
16609,7
16610,7
16611,1
16612,8
16613,7
16614,1
16615,5
16616,8
16617,5
16618,1
16619,3
16620,3
16621,7
16622,7
16623,7
16624,7
16625,5
16626,6
16627,6
16628,9
16629,4
16630,2
16631,7
16632,7
16633,5
16634,10
16635,10
16636,5
16637,5
16638,1
16639,10
16640,5
16641,9
16642,10
16643,2
16644,7
16645,1
16646,7
16647,10
16648,7
16649,7
16650,7
16651,7
16652,7
16653,7
16654,7
16655,7
16656,7
16657,1
16658,7
16659,6
16660,8
16661,7
16662,7
16663,7
16664,7
16665,7
16666,7
16667,2
16668,7
16669,7
16670,7
16671,7
16672,7
16673,10
16674,7
16675,7
16676,4
16677,4
16678,4
16679,9
16680,9
16681,2
16682,2
16683,4
16684,2
16685,2
16686,4
16687,2
16688,8
16689,2
16690,6
16691,3
16692,2
16693,8
16694,2
16695,6
16696,9
16697,6
16698,10
16699,9
16700,9
16701,6
16702,9
16703,10
16704,4
16705,1
16706,9
16707,9
16708,1
16709,8
16710,10
16711,4
16712,9
16713,1
16714,9
16715,8
16716,4
16717,5
16718,4
16719,8
16720,6
16721,9
16722,10
16723,4
16724,10
16725,10
16726,4
16727,10
16728,8
16729,4
16730,9
16731,4
16732,9
16733,6
16734,6
16735,4
16736,1
16737,1
16738,6
16739,10
16740,5
16741,5
16742,5
16743,5
16744,5
16745,5
16746,10
16747,5
16748,10
16749,4
16750,2
16751,10
16752,10
16753,10
16754,4
16755,5
16756,4
16757,1
16758,6
16759,7
16760,7
16761,5
16762,10
16763,4
16764,5
16765,10
16766,10
16767,7
16768,10
16769,4
16770,6
16771,5
16772,9
16773,10
16774,5
16775,9
16776,2
16777,5
16778,5
16779,7
16780,10
16781,7
16782,9
16783,5
16784,7
16785,7
16786,9
16787,5
16788,10
16789,10
16790,10
16791,5
16792,10
16793,5
16794,5
16795,5
16796,4
16797,9
16798,4
16799,4
16800,8
16801,7
16802,8
16803,6
16804,1
16805,9
16806,3
16807,6
16808,9
16809,9
16810,1
16811,4
16812,5
16813,7
16814,6
16815,7
16816,5
16817,9
16818,4
16819,5
16820,9
16821,9
16822,10
16823,9
16824,9
16825,2
16826,8
16827,10
16828,2
16829,2
16830,9
16831,7
16832,7
16833,8
16834,2
16835,2
16836,6
16837,3
16838,2
16839,9
16840,9
16841,5
16842,7
16843,7
16844,7
16845,1
16846,5
16847,5
16848,9
16849,9
16850,10
16851,10
16852,10
16853,5
16854,4
16855,10
16856,10
16857,8
16858,9
16859,6
16860,10
16861,6
16862,7
16863,5
16864,8
16865,1
16866,7
16867,5
16868,6
16869,4
16870,4
16871,4
16872,9
16873,9
16874,4
16875,9
16876,5
16877,1
16878,8
16879,1
16880,1
16881,6
16882,10
16883,1
16884,7
16885,5
16886,5
16887,1
16888,1
16889,1
16890,1
16891,1
16892,10
16893,7
16894,10
16895,1
16896,10
16897,10
16898,5
16899,10
16900,4
16901,4
16902,10
16903,10
16904,4
16905,6
16906,9
16907,10
16908,8
16909,4
16910,3
16911,10
16912,10
16913,10
16914,8
16915,6
16916,10
16917,10
16918,10
16919,6
16920,10
16921,8
16922,4
16923,4
16924,10
16925,5
16926,10
16927,10
16928,7
16929,6
16930,7
16931,5
16932,9
16933,3
16934,7
16935,7
16936,1
16937,3
16938,9
16939,7
16940,5
16941,4
16942,5
16943,5
16944,10
16945,5
16946,6
16947,10
16948,5
16949,9
16950,9
16951,1
16952,8
16953,9
16954,5
16955,10
16956,7
16957,1
16958,6
16959,6
16960,8
16961,9
16962,6
16963,5
16964,10
16965,10
16966,2
16967,2
16968,2
16969,2
16970,6
16971,4
16972,5
16973,5
16974,4
16975,10
16976,10
16977,5
16978,8
16979,9
16980,5
16981,8
16982,4
16983,5
16984,9
16985,4
16986,10
16987,10
16988,9
16989,2
16990,4
16991,7
16992,7
16993,7
16994,4
16995,10
16996,5
16997,4
16998,9
16999,9
17000,4
17001,9
17002,4
17003,4
17004,9
17005,4
17006,5
17007,7
17008,6
17009,5
17010,7
17011,7
17012,5
17013,1
17014,1
17015,3
17016,7
17017,7
17018,5
17019,7
17020,5
17021,5
17022,10
17023,10
17024,10
17025,10
17026,10
17027,5
17028,10
17029,10
17030,4
17031,5
17032,8
17033,4
17034,4
17035,9
17036,4
17037,4
17038,1
17039,7
17040,8
17041,4
17042,10
17043,1
17044,4
17045,4
17046,5
17047,9
17048,1
17049,8
17050,1
17051,9
17052,3
17053,1
17054,4
17055,10
17056,6
17057,5
17058,5
17059,3
17060,8
17061,4
17062,4
17063,8
17064,4
17065,6
17066,4
17067,9
17068,9
17069,9
17070,9
17071,9
17072,9
17073,9
17074,9
17075,9
17076,2
17077,2
17078,1
17079,2
17080,8
17081,2
17082,8
17083,6
17084,2
17085,7
17086,9
17087,7
17088,9
17089,2
17090,9
17091,6
17092,6
17093,6
17094,9
17095,9
17096,9
17097,3
17098,8
17099,9
17100,9
17101,3
17102,9
17103,6
17104,6
17105,1
17106,6
17107,3
17108,4
17109,10
17110,9
17111,5
17112,1
17113,10
17114,5
17115,1
17116,1
17117,1
17118,7
17119,10
17120,5
17121,4
17122,5
17123,8
17124,5
17125,10
17126,10
17127,5
17128,10
17129,10
17130,10
17131,5
17132,5
17133,9
17134,5
17135,10
17136,7
17137,10
17138,6
17139,9
17140,6
17141,1
17142,1
17143,3
17144,1
17145,1
17146,6
17147,10
17148,10
17149,5
17150,10
17151,4
17152,4
17153,4
17154,6
17155,4
17156,5
17157,7
17158,5
17159,6
17160,1
17161,6
17162,10
17163,2
17164,1
17165,1
17166,7
17167,7
17168,1
17169,1
17170,7
17171,7
17172,7
17173,1
17174,5
17175,7
17176,6
17177,7
17178,5
17179,4
17180,7
17181,7
17182,10
17183,7
17184,7
17185,9
17186,7
17187,2
17188,9
17189,10
17190,6
17191,9
17192,9
17193,5
17194,9
17195,1
17196,1
17197,7
17198,5
17199,5
17200,9
17201,7
17202,6
17203,4
17204,4
17205,7
17206,1
17207,9
17208,5
17209,3
17210,8
17211,10
17212,9
17213,7
17214,5
17215,1
17216,3
17217,5
17218,1
17219,7
17220,10
17221,4
17222,5
17223,7
17224,1
17225,7
17226,3
17227,6
17228,1
17229,5
17230,1
17231,7
17232,7
17233,4
17234,5
17235,5
17236,5
17237,10
17238,8
17239,9
17240,4
17241,7
17242,10
17243,1
17244,3
17245,5
17246,1
17247,9
17248,1
17249,1
17250,1
17251,7
17252,3
17253,1
17254,9
17255,10
17256,7
17257,5
17258,7
17259,7
17260,10
17261,7
17262,5
17263,5
17264,7
17265,5
17266,5
17267,5
17268,10
17269,10
17270,5
17271,5
17272,5
17273,10
17274,10
17275,10
17276,5
17277,9
17278,6
17279,4
17280,5
17281,4
17282,4
17283,4
17284,4
17285,4
17286,2
17287,9
17288,9
17289,8
17290,9
17291,9
17292,10
17293,9
17294,9
17295,2
17296,2
17297,8
17298,2
17299,7
17300,2
17301,2
17302,2
17303,7
17304,7
17305,2
17306,1
17307,8
17308,2
17309,8
17310,8
17311,2
17312,10
17313,2
17314,2
17315,2
17316,6
17317,9
17318,9
17319,9
17320,2
17321,9
17322,7
17323,8
17324,9
17325,2
17326,2
17327,1
17328,10
17329,6
17330,10
17331,9
17332,4
17333,1
17334,10
17335,10
17336,10
17337,8
17338,9
17339,10
17340,4
17341,8
17342,4
17343,1
17344,10
17345,3
17346,10
17347,1
17348,3
17349,1
17350,10
17351,10
17352,4
17353,10
17354,10
17355,3
17356,10
17357,8
17358,7
17359,6
17360,4
17361,10
17362,2
17363,10
17364,10
17365,6
17366,9
17367,9
17368,10
17369,10
17370,10
17371,10
17372,10
17373,10
17374,10
17375,10
17376,1
17377,1
17378,1
17379,6
17380,10
17381,3
17382,1
17383,10
17384,1
17385,10
17386,1
17387,1
17388,1
17389,4
17390,10
17391,4
17392,4
17393,4
17394,1
17395,8
17396,4
17397,8
17398,1
17399,1
17400,7
17401,10
17402,10
17403,10
17404,10
17405,10
17406,10
17407,10
17408,10
17409,10
17410,7
17411,10
17412,4
17413,9
17414,8
17415,4
17416,3
17417,4
17418,1
17419,6
17420,10
17421,7
17422,9
17423,4
17424,1
17425,1
17426,5
17427,7
17428,7
17429,6
17430,10
17431,5
17432,4
17433,4
17434,4
17435,4
17436,7
17437,1
17438,9
17439,6
17440,2
17441,2
17442,4
17443,7
17444,7
17445,7
17446,7
17447,7
17448,10
17449,6
17450,1
17451,1
17452,1
17453,8
17454,6
17455,7
17456,7
17457,10
17458,6
17459,1
17460,7
17461,1
17462,4
17463,7
17464,6
17465,10
17466,7
17467,7
17468,6
17469,7
17470,7
17471,7
17472,7
17473,7
17474,6
17475,7
17476,2
17477,1
17478,5
17479,1
17480,3
17481,9
17482,3
17483,7
17484,7
17485,5
17486,10
17487,4
17488,4
17489,5
17490,7
17491,7
17492,7
17493,10
17494,1
17495,6
17496,9
17497,1
17498,6
17499,9
17500,9
17501,2
17502,6
17503,9
17504,1
17505,3
17506,9
17507,4
17508,1
17509,9
17510,1
17511,5
17512,7
17513,10
17514,6
17515,7
17516,6
17517,6
17518,7
17519,5
17520,1
17521,7
17522,5
17523,10
17524,10
17525,5
17526,10
17527,4
17528,6
17529,6
17530,10
17531,4
17532,4
17533,4
17534,5
17535,4
17536,10
17537,1
17538,1
17539,7
17540,7
17541,4
17542,9
17543,9
17544,2
17545,9
17546,8
17547,6
17548,2
17549,9
17550,6
17551,8
17552,7
17553,6
17554,2
17555,3
17556,9
17557,9
17558,9
17559,9
17560,3
17561,4
17562,4
17563,8
17564,3
17565,1
17566,3
17567,1
17568,4
17569,1
17570,4
17571,5
17572,4
17573,9
17574,4
17575,9
17576,4
17577,4
17578,10
17579,4
17580,6
17581,4
17582,10
17583,4
17584,9
17585,4
17586,4
17587,6
17588,7
17589,7
17590,1
17591,7
17592,1
17593,5
17594,5
17595,9
17596,1
17597,1
17598,5
17599,5
17600,5
17601,5
17602,4
17603,4
17604,5
17605,6
17606,4
17607,4
17608,10
17609,7
17610,7
17611,4
17612,6
17613,3
17614,7
17615,9
17616,6
17617,3
17618,9
17619,2
17620,2
17621,1
17622,3
17623,6
17624,2
17625,2
17626,7
17627,2
17628,2
17629,3
17630,3
17631,9
17632,6
17633,6
17634,10
17635,6
17636,5
17637,4
17638,6
17639,6
17640,9
17641,6
17642,6
17643,6
17644,1
17645,1
17646,7
17647,7
17648,10
17649,5
17650,6
17651,5
17652,8
17653,5
17654,7
17655,1
17656,5
17657,9
17658,9
17659,3
17660,10
17661,7
17662,9
17663,5
17664,4
17665,10
17666,5
17667,5
17668,1
17669,9
17670,9
17671,5
17672,6
17673,8
17674,7
17675,5
17676,5
17677,1
17678,7
17679,5
17680,7
17681,6
17682,1
17683,5
17684,5
17685,7
17686,5
17687,10
17688,7
17689,7
17690,7
17691,5
17692,10
17693,5
17694,5
17695,9
17696,10
17697,10
17698,10
17699,10
17700,10
17701,10
17702,1
17703,6
17704,9
17705,7
17706,1
17707,9
17708,4
17709,4
17710,3
17711,4
17712,5
17713,7
17714,8
17715,10
17716,7
17717,5
17718,9
17719,8
17720,4
17721,4
17722,5
17723,9
17724,5
17725,5
17726,5
17727,10
17728,5
17729,8
17730,3
17731,4
17732,5
17733,5
17734,1
17735,4
17736,7
17737,7
17738,5
17739,6
17740,5
17741,7
17742,5
17743,4
17744,7
17745,6
17746,5
17747,9
17748,9
17749,2
17750,2
17751,7
17752,9
17753,8
17754,2
17755,7
17756,1
17757,1
17758,10
17759,2
17760,6
17761,7
17762,2
17763,8
17764,2
17765,7
17766,2
17767,6
17768,8
17769,2
17770,2
17771,1
17772,10
17773,6
17774,6
17775,9
17776,9
17777,6
17778,9
17779,6
17780,9
17781,9
17782,9
17783,10
17784,6
17785,9
17786,9
17787,6
17788,4
17789,9
17790,9
17791,4
17792,1
17793,8
17794,1
17795,9
17796,6
17797,8
17798,4
17799,10
17800,4
17801,8
17802,1
17803,3
17804,6
17805,1
17806,7
17807,10
17808,10
17809,1
17810,4
17811,10
17812,8
17813,6
17814,6
17815,4
17816,6
17817,6
17818,6
17819,4
17820,7
17821,6
17822,9
17823,7
17824,6
17825,7
17826,1
17827,7
17828,7
17829,9
17830,7
17831,4
17832,1
17833,4
17834,2
17835,7
17836,7
17837,7
17838,7
17839,10
17840,9
17841,7
17842,7
17843,6
17844,1
17845,4
17846,6
17847,10
17848,6
17849,8
17850,6
17851,6
17852,7
17853,1
17854,1
17855,10
17856,7
17857,7
17858,7
17859,1
17860,7
17861,1
17862,7
17863,7
17864,7
17865,3
17866,1
17867,6
17868,1
17869,6
17870,5
17871,7
17872,5
17873,6
17874,10
17875,5
17876,10
17877,4
17878,4
17879,4
17880,4
17881,4
17882,5
17883,4
17884,7
17885,9
17886,4
17887,6
17888,1
17889,5
17890,7
17891,5
17892,4
17893,9
17894,6
17895,7
17896,5
17897,7
17898,5
17899,10
17900,4
17901,2
17902,2
17903,2
17904,2
17905,8
17906,6
17907,5
17908,8
17909,9
17910,8
17911,4
17912,4
17913,7
17914,7
17915,2
17916,6
17917,5
17918,10
17919,10
17920,5
17921,2
17922,2
17923,9
17924,2
17925,6
17926,4
17927,4
17928,5
17929,9
17930,1
17931,1
17932,5
17933,7
17934,5
17935,5
17936,5
17937,4
17938,5
17939,5
17940,9
17941,5
17942,4
17943,5
17944,10
17945,9
17946,4
17947,2
17948,2
17949,4
17950,1
17951,7
17952,5
17953,10
17954,5
17955,5
17956,8
17957,6
17958,7
17959,1
17960,7
17961,10
17962,5
17963,6
17964,9
17965,9
17966,7
17967,6
17968,10
17969,9
17970,7
17971,7
17972,6
17973,7
17974,6
17975,6
17976,5
17977,4
17978,9
17979,3
17980,7
17981,7
17982,9
17983,3
17984,1
17985,3
17986,5
17987,7
17988,7
17989,5
17990,10
17991,10
17992,10
17993,4
17994,5
17995,4
17996,8
17997,2
17998,2
17999,5
18000,9
18001,2
18002,2
18003,2
18004,2
18005,9
18006,10
18007,1
18008,1
18009,8
18010,1
18011,6
18012,10
18013,6
18014,10
18015,5
18016,10
18017,10
18018,5
18019,5
18020,5
18021,10
18022,10
18023,6
18024,5
18025,5
18026,4
18027,4
18028,10
18029,3
18030,5
18031,9
18032,10
18033,4
18034,2
18035,8
18036,2
18037,1
18038,2
18039,2
18040,6
18041,9
18042,8
18043,1
18044,6
18045,4
18046,10
18047,10
18048,10
18049,8
18050,10
18051,4
18052,10
18053,5
18054,7
18055,10
18056,7
18057,7
18058,6
18059,10
18060,5
18061,7
18062,8
18063,2
18064,7
18065,2
18066,6
18067,4
18068,1
18069,3
18070,6
18071,6
18072,5
18073,1
18074,5
18075,10
18076,1
18077,10
18078,4
18079,4
18080,1
18081,2
18082,10
18083,1
18084,8
18085,8
18086,4
18087,5
18088,7
18089,7
18090,10
18091,10
18092,2
18093,2
18094,2
18095,4
18096,9
18097,10
18098,5
18099,1
18100,10
18101,5
18102,5
18103,9
18104,4
18105,4
18106,4
18107,4
18108,10
18109,10
18110,8
18111,10
18112,10
18113,1
18114,9
18115,9
18116,5
18117,10
18118,1
18119,2
18120,10
18121,10
18122,4
18123,7
18124,6
18125,8
18126,10
18127,6
18128,10
18129,10
18130,5
18131,8
18132,9
18133,10
18134,10
18135,10
18136,8
18137,3
18138,1
18139,5
18140,5
18141,6
18142,10
18143,10
18144,5
18145,5
18146,4
18147,4
18148,2
18149,6
18150,8
18151,9
18152,4
18153,9
18154,1
18155,5
18156,9
18157,10
18158,10
18159,6
18160,6
18161,4
18162,5
18163,7
18164,2
18165,4
18166,8
18167,6
18168,10
18169,5
18170,2
18171,4
18172,4
18173,5
18174,1
18175,10
18176,4
18177,2
18178,2
18179,1
18180,7
18181,5
18182,10
18183,4
18184,4
18185,10
18186,2
18187,9
18188,6
18189,2
18190,5
18191,9
18192,5
18193,9
18194,5
18195,5
18196,1
18197,5
18198,7
18199,7
18200,5
18201,10
18202,5
18203,10
18204,10
18205,6
18206,4
18207,5
18208,4
18209,4
18210,6
18211,4
18212,1
18213,9
18214,9
18215,9
18216,6
18217,4
18218,5
18219,10
18220,8
18221,9
18222,6
18223,2
18224,1
18225,8
18226,10
18227,10
18228,10
18229,5
18230,10
18231,9
18232,7
18233,9
18234,10
18235,5
18236,10
18237,5
18238,10
18239,6
18240,10
18241,5
18242,5
18243,5
18244,4
18245,4
18246,9
18247,10
18248,5
18249,1
18250,5
18251,9
18252,9
18253,2
18254,10
18255,8
18256,7
18257,9
18258,6
18259,5
18260,5
18261,1
18262,10
18263,10
18264,5
18265,6
18266,10
18267,5
18268,8
18269,9
18270,4
18271,4
18272,4
18273,4
18274,5
18275,10
18276,4
18277,9
18278,9
18279,9
18280,2
18281,6
18282,2
18283,2
18284,2
18285,6
18286,2
18287,9
18288,9
18289,9
18290,4
18291,9
18292,4
18293,4
18294,9
18295,10
18296,10
18297,10
18298,10
18299,10
18300,10
18301,10
18302,8
18303,10
18304,10
18305,4
18306,10
18307,6
18308,10
18309,10
18310,10
18311,5
18312,3
18313,10
18314,10
18315,8
18316,10
18317,7
18318,10
18319,1
18320,6
18321,1
18322,10
18323,10
18324,10
18325,4
18326,10
18327,4
18328,4
18329,9
18330,4
18331,8
18332,4
18333,4
18334,10
18335,10
18336,9
18337,5
18338,9
18339,4
18340,9
18341,4
18342,5
18343,9
18344,9
18345,5
18346,4
18347,4
18348,4
18349,1
18350,9
18351,4
18352,5
18353,1
18354,10
18355,7
18356,10
18357,4
18358,4
18359,9
18360,4
18361,9
18362,9
18363,9
18364,10
18365,5
18366,10
18367,10
18368,5
18369,8
18370,9
18371,4
18372,8
18373,8
18374,4
18375,5
18376,1
18377,10
18378,8
18379,1
18380,7
18381,7
18382,7
18383,5
18384,7
18385,5
18386,10
18387,10
18388,4
18389,8
18390,5
18391,5
18392,5
18393,3
18394,10
18395,5
18396,8
18397,6
18398,10
18399,2
18400,2
18401,8
18402,5
18403,9
18404,2
18405,4
18406,1
18407,6
18408,8
18409,4
18410,5
18411,6
18412,5
18413,10
18414,9
18415,5
18416,5
18417,9
18418,9
18419,8
18420,9
18421,7
18422,7
18423,4
18424,8
18425,10
18426,6
18427,6
18428,4
18429,9
18430,7
18431,7
18432,6
18433,8
18434,10
18435,6
18436,4
18437,5
18438,7
18439,8
18440,8
18441,8
18442,10
18443,5
18444,2
18445,9
18446,5
18447,5
18448,5
18449,6
18450,5
18451,4
18452,8
18453,6
18454,10
18455,10
18456,10
18457,4
18458,4
18459,4
18460,6
18461,10
18462,5
18463,4
18464,10
18465,4
18466,10
18467,4
18468,4
18469,6
18470,8
18471,2
18472,6
18473,10
18474,10
18475,10
18476,2
18477,8
18478,9
18479,8
18480,6
18481,7
18482,5
18483,6
18484,10
18485,5
18486,6
18487,4
18488,5
18489,5
18490,5
18491,10
18492,9
18493,5
18494,4
18495,5
18496,6
18497,9
18498,2
18499,9
18500,2
18501,2
18502,2
18503,2
18504,6
18505,9
18506,10
18507,9
18508,10
18509,5
18510,9
18511,6
18512,10
18513,6
18514,2
18515,5
18516,4
18517,1
18518,7
18519,5
18520,10
18521,5
18522,10
18523,10
18524,10
18525,4
18526,4
18527,4
18528,3
18529,8
18530,4
18531,10
18532,5
18533,4
18534,9
18535,2
18536,5
18537,8
18538,2
18539,3
18540,6
18541,10
18542,8
18543,6
18544,9
18545,10
18546,10
18547,1
18548,10
18549,8
18550,10
18551,10
18552,10
18553,4
18554,6
18555,4
18556,4
18557,10
18558,10
18559,6
18560,4
18561,1
18562,5
18563,5
18564,9
18565,7
18566,7
18567,2
18568,4
18569,4
18570,6
18571,8
18572,7
18573,10
18574,5
18575,7
18576,7
18577,7
18578,5
18579,10
18580,10
18581,4
18582,10
18583,10
18584,6
18585,4
18586,5
18587,2
18588,2
18589,9
18590,8
18591,9
18592,1
18593,5
18594,10
18595,6
18596,10
18597,10
18598,6
18599,9
18600,6
18601,5
18602,10
18603,10
18604,4
18605,2
18606,2
18607,2
18608,2
18609,10
18610,1
18611,1
18612,7
18613,9
18614,10
18615,4
18616,10
18617,4
18618,4
18619,6
18620,5
18621,5
18622,9
18623,10
18624,10
18625,6
18626,4
18627,6
18628,10
18629,10
18630,10
18631,10
18632,10
18633,8
18634,4
18635,3
18636,5
18637,5
18638,8
18639,5
18640,1
18641,5
18642,5
18643,10
18644,9
18645,10
18646,5
18647,8
18648,3
18649,4
18650,9
18651,9
18652,8
18653,6
18654,3
18655,10
18656,10
18657,6
18658,3
18659,7
18660,4
18661,10
18662,1
18663,1
18664,10
18665,8
18666,10
18667,8
18668,5
18669,1
18670,5
18671,1
18672,9
18673,5
18674,10
18675,5
18676,10
18677,10
18678,5
18679,10
18680,4
18681,5
18682,4
18683,10
18684,8
18685,4
18686,10
18687,4
18688,9
18689,4
18690,4
18691,4
18692,8
18693,5
18694,9
18695,7
18696,10
18697,4
18698,9
18699,9
18700,9
18701,4
18702,1
18703,6
18704,5
18705,9
18706,4
18707,8
18708,4
18709,7
18710,10
18711,7
18712,6
18713,5
18714,10
18715,5
18716,9
18717,4
18718,7
18719,1
18720,6
18721,6
18722,6
18723,10
18724,4
18725,7
18726,7
18727,7
18728,5
18729,8
18730,4
18731,5
18732,5
18733,5
18734,10
18735,10
18736,5
18737,5
18738,5
18739,4
18740,8
18741,3
18742,10
18743,5
18744,10
18745,10
18746,7
18747,6
18748,4
18749,9
18750,6
18751,10
18752,10
18753,10
18754,10
18755,10
18756,10
18757,10
18758,4
18759,10
18760,10
18761,10
18762,10
18763,10
18764,10
18765,10
18766,10
18767,10
18768,10
18769,10
18770,10
18771,10
18772,10
18773,10
18774,10
18775,10
18776,10
18777,10
18778,10
18779,10
18780,10
18781,10
18782,10
18783,10
18784,5
18785,10
18786,10
18787,10
18788,10
18789,6
18790,5
18791,8
18792,10
18793,8
18794,3
18795,10
18796,10
18797,10
18798,5
18799,4
18800,9
18801,4
18802,4
18803,4
18804,4
18805,4
18806,10
18807,4
18808,9
18809,8
18810,5
18811,10
18812,1
18813,10
18814,5
18815,2
18816,6
18817,10
18818,9
18819,5
18820,9
18821,4
18822,9
18823,9
18824,5
18825,4
18826,9
18827,4
18828,1
18829,5
18830,5
18831,10
18832,10
18833,10
18834,5
18835,4
18836,5
18837,5
18838,4
18839,4
18840,6
18841,5
18842,10
18843,4
18844,1
18845,3
18846,9
18847,8
18848,9
18849,9
18850,4
18851,4
18852,6
18853,7
18854,7
18855,7
18856,4
18857,9
18858,7
18859,5
18860,4
18861,4
18862,1
18863,7
18864,5
18865,5
18866,10
18867,4
18868,5
18869,3
18870,10
18871,10
18872,4
18873,4
18874,3
18875,4
18876,5
18877,5
18878,4
18879,5
18880,4
18881,4
18882,7
18883,5
18884,10
18885,5
18886,6
18887,5
18888,4
18889,9
18890,7
18891,5
18892,7
18893,7
18894,6
18895,7
18896,6
18897,10
18898,5
18899,5
18900,10
18901,6
18902,6
18903,4
18904,4
18905,9
18906,9
18907,4
18908,4
18909,1
18910,5
18911,5
18912,7
18913,5
18914,4
18915,1
18916,5
18917,10
18918,5
18919,5
18920,9
18921,9
18922,2
18923,9
18924,9
18925,9
18926,6
18927,9
18928,9
18929,9
18930,5
18931,10
18932,10
18933,10
18934,9
18935,6
18936,9
18937,9
18938,4
18939,6
18940,4
18941,4
18942,9
18943,4
18944,4
18945,4
18946,6
18947,4
18948,4
18949,9
18950,5
18951,7
18952,10
18953,10
18954,10
18955,7
18956,4
18957,1
18958,5
18959,10
18960,5
18961,2
18962,2
18963,1
18964,10
18965,7
18966,2
18967,8
18968,5
18969,2
18970,4
18971,8
18972,6
18973,6
18974,6
18975,9
18976,8
18977,7
18978,3
18979,5
18980,8
18981,6
18982,10
18983,6
18984,5
18985,10
18986,5
18987,5
18988,5
18989,4
18990,9
18991,4
18992,9
18993,4
18994,5
18995,2
18996,1
18997,3
18998,6
18999,5
19000,5
19001,9
19002,5
19003,3
19004,6
19005,8
19006,8
19007,4
19008,8
19009,10
19010,1
19011,10
19012,9
19013,2
19014,2
19015,9
19016,10
19017,10
19018,5
19019,10
19020,10
19021,10
19022,5
19023,4
19024,9
19025,4
19026,6
19027,2
19028,3
19029,1
19030,10
19031,5
19032,1
19033,2
19034,2
19035,2
19036,4
19037,6
19038,1
19039,10
19040,5
19041,10
19042,10
19043,10
19044,10
19045,5
19046,10
19047,4
19048,4
19049,8
19050,4
19051,2
19052,2
19053,2
19054,7
19055,4
19056,6
19057,4
19058,1
19059,5
19060,10
19061,10
19062,10
19063,5
19064,5
19065,5
19066,3
19067,5
19068,2
19069,8
19070,2
19071,6
19072,9
19073,7
19074,9
19075,5
19076,5
19077,5
19078,2
19079,8
19080,10
19081,6
19082,1
19083,1
19084,5
19085,10
19086,10
19087,5
19088,5
19089,4
19090,5
19091,1
19092,10
19093,5
19094,2
19095,2
19096,2
19097,8
19098,2
19099,10
19100,6
19101,9
19102,9
19103,9
19104,4
19105,2
19106,2
19107,9
19108,1
19109,5
19110,10
19111,10
19112,4
19113,5
19114,5
19115,10
19116,5
19117,5
19118,5
19119,5
19120,4
19121,9
19122,9
19123,2
19124,2
19125,10
19126,8
19127,4
19128,4
19129,8
19130,2
19131,6
19132,5
19133,10
19134,4
19135,5
19136,7
19137,7
19138,5
19139,10
19140,10
19141,10
19142,9
19143,10
19144,4
19145,4
19146,2
19147,2
19148,2
19149,8
19150,8
19151,9
19152,3
19153,5
19154,5
19155,1
19156,7
19157,10
19158,5
19159,10
19160,5
19161,4
19162,4
19163,6
19164,1
19165,7
19166,5
19167,5
19168,10
19169,10
19170,1
19171,4
19172,4
19173,10
19174,5
19175,4
19176,10
19177,10
19178,4
19179,6
19180,7
19181,2
19182,2
19183,2
19184,9
19185,8
19186,4
19187,6
19188,5
19189,10
19190,10
19191,5
19192,5
19193,10
19194,1
19195,5
19196,5
19197,5
19198,9
19199,4
19200,3
19201,5
19202,5
19203,10
19204,5
19205,5
19206,1
19207,1
19208,6
19209,10
19210,10
19211,10
19212,4
19213,9
19214,2
19215,6
19216,3
19217,5
19218,6
19219,10
19220,5
19221,10
19222,2
19223,7
19224,6
19225,5
19226,10
19227,9
19228,4
19229,1
19230,4
19231,7
19232,1
19233,10
19234,5
19235,4
19236,4
19237,4
19238,7
19239,10
19240,4
19241,6
19242,10
19243,10
19244,1
19245,10
19246,7
19247,6
19248,3
19249,4
19250,10
19251,5
19252,10
19253,10
19254,10
19255,10
19256,4
19257,4
19258,9
19259,2
19260,10
19261,9
19262,8
19263,10
19264,6
19265,10
19266,10
19267,10
19268,10
19269,10
19270,2
19271,5
19272,9
19273,10
19274,4
19275,5
19276,10
19277,4
19278,2
19279,4
19280,9
19281,5
19282,7
19283,10
19284,10
19285,5
19286,6
19287,4
19288,10
19289,1
19290,5
19291,4
19292,5
19293,9
19294,9
19295,8
19296,10
19297,6
19298,1
19299,1
19300,10
19301,5
19302,4
19303,9
19304,2
19305,8
19306,4
19307,3
19308,9
19309,3
19310,3
19311,5
19312,7
19313,5
19314,10
19315,10
19316,5
19317,4
19318,4
19319,4
19320,4
19321,3
19322,1
19323,4
19324,10
19325,10
19326,10
19327,5
19328,4
19329,10
19330,7
19331,9
19332,10
19333,5
19334,10
19335,5
19336,9
19337,5
19338,4
19339,8
19340,6
19341,5
19342,3
19343,1
19344,5
19345,10
19346,5
19347,9
19348,8
19349,5
19350,5
19351,7
19352,5
19353,5
19354,6
19355,10
19356,4
19357,4
19358,4
19359,9
19360,8
19361,5
19362,5
19363,8
19364,1
19365,10
19366,10
19367,4
19368,2
19369,8
19370,5
19371,5
19372,10
19373,6
19374,6
19375,5
19376,4
19377,5
19378,8
19379,2
19380,10
19381,5
19382,10
19383,5
19384,10
19385,5
19386,6
19387,5
19388,5
19389,9
19390,1
19391,5
19392,9
19393,9
19394,4
19395,8
19396,5
19397,6
19398,6
19399,6
19400,3
19401,5
19402,1
19403,10
19404,10
19405,10
19406,6
19407,5
19408,4
19409,4
19410,4
19411,4
19412,4
19413,8
19414,5
19415,3
19416,5
19417,5
19418,5
19419,10
19420,10
19421,10
19422,6
19423,4
19424,10
19425,6
19426,10
19427,10
19428,10
19429,10
19430,6
19431,10
19432,10
19433,1
19434,1
19435,7
19436,5
19437,4
19438,4
19439,8
19440,5
19441,10
19442,6
19443,7
19444,4
19445,4
19446,9
19447,2
19448,8
19449,7
19450,10
19451,9
19452,5
19453,6
19454,7
19455,1
19456,5
19457,5
19458,4
19459,6
19460,5
19461,10
19462,1
19463,8
19464,10
19465,5
19466,5
19467,10
19468,5
19469,9
19470,10
19471,10
19472,6
19473,10
19474,7
19475,5
19476,10
19477,5
19478,4
19479,9
19480,8
19481,7
19482,2
19483,1
19484,4
19485,4
19486,6
19487,10
19488,3
19489,3
19490,7
19491,6
19492,10
19493,8
19494,5
19495,7
19496,4
19497,7
19498,5
19499,6
19500,9
19501,9
19502,6
19503,7
19504,7
19505,5
19506,5
19507,10
19508,5
19509,10
19510,4
19511,9
19512,4
19513,2
19514,2
19515,9
19516,4
19517,1
19518,4
19519,7
19520,6
19521,6
19522,5
19523,4
19524,7
19525,2
19526,9
19527,5
19528,5
19529,5
19530,7
19531,1
19532,10
19533,10
19534,5
19535,4
19536,9
19537,4
19538,9
19539,2
19540,10
19541,2
19542,10
19543,9
19544,3
19545,9
19546,9
19547,10
19548,6
19549,6
19550,4
19551,5
19552,1
19553,5
19554,9
19555,5
19556,9
19557,9
19558,10
19559,6
19560,5
19561,1
19562,5
19563,7
19564,3
19565,5
19566,5
19567,5
19568,5
19569,4
19570,5
19571,5
19572,7
19573,1
19574,6
19575,4
19576,4
19577,9
19578,9
19579,9
19580,5
19581,4
19582,5
19583,3
19584,9
19585,4
19586,9
19587,1
19588,5
19589,5
19590,9
19591,1
19592,10
19593,10
19594,5
19595,3
19596,9
19597,9
19598,8
19599,7
19600,8
19601,9
19602,9
19603,9
19604,9
19605,6
19606,4
19607,4
19608,6
19609,7
19610,7
19611,5
19612,5
19613,1
19614,5
19615,5
19616,9
19617,9
19618,4
19619,4
19620,4
19621,7
19622,9
19623,8
19624,6
19625,4
19626,6
19627,4
19628,4
19629,4
19630,7
19631,5
19632,7
19633,6
19634,10
19635,5
19636,4
19637,8
19638,9
19639,2
19640,9
19641,7
19642,6
19643,5
19644,7
19645,10
19646,5
19647,9
19648,5
19649,9
19650,7
19651,6
19652,5
19653,4
19654,8
19655,8
19656,5
19657,4
19658,4
19659,5
19660,6
19661,4
19662,5
19663,5
19664,5
19665,4
19666,8
19667,2
19668,9
19669,9
19670,5
19671,3
19672,5
19673,9
19674,3
19675,8
19676,9
19677,9
19678,9
19679,4
19680,10
19681,4
19682,5
19683,1
19684,7
19685,8
19686,5
19687,10
19688,10
19689,10
19690,6
19691,4
19692,4
19693,5
19694,4
19695,4
19696,10
19697,10
19698,10
19699,4
19700,4
19701,6
19702,5
19703,7
19704,8
19705,10
19706,5
19707,10
19708,10
19709,4
19710,4
19711,5
19712,6
19713,7
19714,10
19715,9
19716,9
19717,3
19718,8
19719,9
19720,5
19721,3
19722,1
19723,5
19724,7
19725,7
19726,9
19727,10
19728,4
19729,8
19730,2
19731,8
19732,5
19733,4
19734,10
19735,5
19736,5
19737,1
19738,5
19739,5
19740,5
19741,10
19742,4
19743,9
19744,8
19745,7
19746,7
19747,9
19748,9
19749,6
19750,3
19751,4
19752,6
19753,1
19754,9
19755,5
19756,10
19757,7
19758,9
19759,3
19760,10
19761,6
19762,5
19763,10
19764,4
19765,4
19766,4
19767,3
19768,5
19769,9
19770,9
19771,5
19772,10
19773,10
19774,4
19775,6
19776,5
19777,6
19778,9
19779,2
19780,2
19781,7
19782,6
19783,7
19784,7
19785,4
19786,4
19787,6
19788,5
19789,4
19790,1
19791,7
19792,6
19793,7
19794,5
19795,10
19796,2
19797,7
19798,2
19799,4
19800,4
19801,7
19802,4
19803,4
19804,3
19805,10
19806,4
19807,2
19808,9
19809,3
19810,1
19811,7
19812,5
19813,7
19814,5
19815,6
19816,10
19817,4
19818,5
19819,4
19820,4
19821,5
19822,3
19823,5
19824,6
19825,5
19826,10
19827,5
19828,9
19829,5
19830,8
19831,9
19832,10
19833,2
19834,1
19835,3
19836,3
19837,4
19838,7
19839,5
19840,1
19841,9
19842,9
19843,6
19844,9
19845,8
19846,3
19847,6
19848,5
19849,9
19850,7
19851,7
19852,5
19853,6
19854,5
19855,10
19856,4
19857,4
19858,5
19859,1
19860,6
19861,5
19862,5
19863,5
19864,5
19865,2
19866,2
19867,9
19868,10
19869,4
19870,10
19871,8
19872,7
19873,5
19874,9
19875,7
19876,5
19877,10
19878,10
19879,5
19880,2
19881,8
19882,10
19883,9
19884,5
19885,10
19886,5
19887,6
19888,10
19889,6
19890,5
19891,10
19892,4
19893,5
19894,9
19895,2
19896,10
19897,9
19898,10
19899,10
19900,10
19901,4
19902,8
19903,4
19904,4
19905,9
19906,3
19907,5
19908,10
19909,6
19910,2
19911,6
19912,5
19913,2
19914,2
19915,2
19916,8
19917,1
19918,10
19919,5
19920,4
19921,5
19922,2
19923,10
19924,10
19925,10
19926,10
19927,10
19928,5
19929,10
19930,10
19931,8
19932,1
19933,5
19934,7
19935,5
19936,5
19937,5
19938,9
19939,2
19940,2
19941,2
19942,6
19943,6
19944,2
19945,4
19946,4
19947,4
19948,4
19949,10
19950,5
19951,8
19952,6
19953,5
19954,10
19955,5
19956,7
19957,9
19958,7
19959,1
19960,10
19961,10
19962,10
19963,9
19964,9
19965,2
19966,4
19967,6
19968,10
19969,10
19970,6
19971,3
19972,1
19973,5
19974,10
19975,10
19976,10
19977,6
19978,9
19979,2
19980,8
19981,6
19982,9
19983,10
19984,5
19985,6
19986,6
19987,4
19988,6
19989,3
19990,5
19991,10
19992,5
19993,8
19994,7
19995,5
19996,9
19997,4
19998,7
19999,6
20000,5
20001,10
20002,10
20003,10
20004,5
20005,4
20006,6
20007,5
20008,1
20009,3
20010,5
20011,5
20012,4
20013,5
20014,7
20015,10
20016,5
20017,10
20018,4
20019,4
20020,8
20021,5
20022,9
20023,5
20024,10
20025,10
20026,10
20027,10
20028,10
20029,4
20030,4
20031,10
20032,5
20033,2
20034,8
20035,2
20036,9
20037,6
20038,4
20039,5
20040,7
20041,5
20042,5
20043,10
20044,5
20045,5
20046,5
20047,4
20048,2
20049,6
20050,4
20051,7
20052,7
20053,10
20054,4
20055,4
20056,2
20057,2
20058,8
20059,9
20060,9
20061,4
20062,4
20063,5
20064,5
20065,9
20066,1
20067,5
20068,6
20069,5
20070,5
20071,7
20072,10
20073,10
20074,9
20075,5
20076,10
20077,5
20078,4
20079,4
20080,5
20081,1
20082,5
20083,5
20084,6
20085,10
20086,5
20087,5
20088,6
20089,5
20090,10
20091,9
20092,2
20093,9
20094,9
20095,3
20096,2
20097,2
20098,2
20099,6
20100,3
20101,5
20102,10
20103,10
20104,10
20105,4
20106,5
20107,5
20108,5
20109,4
20110,5
20111,6
20112,4
20113,6
20114,9
20115,6
20116,9
20117,5
20118,10
20119,5
20120,10
20121,5
20122,1
20123,4
20124,3
20125,10
20126,5
20127,4
20128,6
20129,5
20130,4
20131,9
20132,2
20133,2
20134,10
20135,9
20136,4
20137,1
20138,8
20139,8
20140,9
20141,1
20142,4
20143,5
20144,9
20145,5
20146,5
20147,7
20148,5
20149,4
20150,5
20151,5
20152,10
20153,5
20154,2
20155,2
20156,8
20157,6
20158,9
20159,1
20160,10
20161,5
20162,8
20163,4
20164,5
20165,10
20166,3
20167,9
20168,7
20169,10
20170,9
20171,10
20172,5
20173,5
20174,4
20175,9
20176,10
20177,8
20178,5
20179,4
20180,6
20181,7
20182,10
20183,6
20184,5
20185,5
20186,2
20187,5
20188,9
20189,5
20190,10
20191,4
20192,3
20193,10
20194,4
20195,5
20196,8
20197,1
20198,3
20199,9
20200,3
20201,5
20202,5
20203,5
20204,5
20205,6
20206,5
20207,10
20208,10
20209,5
20210,5
20211,4
20212,4
20213,4
20214,10
20215,4
20216,10
20217,10
20218,8
20219,10
20220,4
20221,10
20222,5
20223,5
20224,5
20225,10
20226,9
20227,9
20228,9
20229,4
20230,4
20231,9
20232,9
20233,6
20234,5
20235,4
20236,5
20237,4
20238,4
20239,6
20240,7
20241,5
20242,5
20243,5
20244,6
20245,7
20246,8
20247,8
20248,5
20249,10
20250,10
20251,10
20252,8
20253,5
20254,8
20255,6
20256,5
20257,6
20258,10
20259,5
20260,4
20261,1
20262,1
20263,5
20264,6
20265,4
20266,2
20267,10
20268,10
20269,10
20270,5
20271,4
20272,10
20273,3
20274,3
20275,6
20276,6
20277,5
20278,4
20279,10
20280,4
20281,6
20282,5
20283,4
20284,7
20285,5
20286,10
20287,4
20288,4
20289,3
20290,5
20291,4
20292,1
20293,4
20294,5
20295,5
20296,1
20297,10
20298,10
20299,5
20300,5
20301,4
20302,4
20303,2
20304,5
20305,6
20306,10
20307,10
20308,4
20309,9
20310,7
20311,3
20312,1
20313,5
20314,1
20315,5
20316,5
20317,5
20318,5
20319,10
20320,10
20321,10
20322,10
20323,9
20324,4
20325,10
20326,8
20327,9
20328,8
20329,4
20330,9
20331,1
20332,1
20333,4
20334,6
20335,6
20336,10
20337,10
20338,5
20339,4
20340,8
20341,9
20342,2
20343,8
20344,2
20345,7
20346,7
20347,1
20348,2
20349,8
20350,10
20351,7
20352,10
20353,10
20354,6
20355,10
20356,10
20357,10
20358,10
20359,10
20360,1
20361,4
20362,10
20363,8
20364,7
20365,1
20366,3
20367,9
20368,4
20369,4
20370,4
20371,4
20372,4
20373,4
20374,8
20375,9
20376,4
20377,4
20378,10
20379,1
20380,5
20381,4
20382,5
20383,10
20384,10
20385,10
20386,10
20387,4
20388,4
20389,2
20390,7
20391,3
20392,5
20393,10
20394,5
20395,10
20396,10
20397,8
20398,5
20399,5
20400,1
20401,4
20402,5
20403,10
20404,9
20405,2
20406,9
20407,9
20408,5
20409,4
20410,8
20411,9
20412,1
20413,4
20414,5
20415,5
20416,10
20417,4
20418,4
20419,3
20420,4
20421,1
20422,3
20423,5
20424,1
20425,3
20426,1
20427,1
20428,5
20429,5
20430,1
20431,4
20432,3
20433,7
20434,9
20435,1
20436,5
20437,7
20438,5
20439,6
20440,7
20441,5
20442,1
20443,5
20444,5
20445,1
20446,5
20447,1
20448,6
20449,5
20450,10
20451,10
20452,5
20453,10
20454,10
20455,7
20456,7
20457,4
20458,3
20459,5
20460,6
20461,5
20462,6
20463,7
20464,5
20465,10
20466,9
20467,2
20468,9
20469,7
20470,6
20471,9
20472,2
20473,2
20474,7
20475,9
20476,3
20477,1
20478,6
20479,2
20480,6
20481,1
20482,6
20483,9
20484,9
20485,3
20486,4
20487,9
20488,4
20489,8
20490,4
20491,9
20492,9
20493,9
20494,10
20495,10
20496,4
20497,1
20498,4
20499,6
20500,8
20501,8
20502,6
20503,4
20504,9
20505,8
20506,4
20507,4
20508,10
20509,10
20510,4
20511,8
20512,6
20513,1
20514,5
20515,9
20516,3
20517,5
20518,5
20519,10
20520,3
20521,4
20522,7
20523,7
20524,8
20525,9
20526,1
20527,3
20528,5
20529,6
20530,10
20531,10
20532,6
20533,9
20534,2
20535,6
20536,10
20537,7
20538,7
20539,8
20540,6
20541,10
20542,9
20543,1
20544,6
20545,7
20546,7
20547,7
20548,1
20549,8
20550,1
20551,7
20552,7
20553,7
20554,1
20555,7
20556,8
20557,3
20558,3
20559,6
20560,6
20561,2
20562,8
20563,9
20564,10
20565,9
20566,4
20567,7
20568,9
20569,5
20570,1
20571,1
20572,2
20573,6
20574,2
20575,2
20576,7
20577,1
20578,9
20579,9
20580,5
20581,7
20582,7
20583,6
20584,10
20585,10
20586,10
20587,10
20588,9
20589,4
20590,9
20591,4
20592,2
20593,3
20594,1
20595,7
20596,7
20597,6
20598,8
20599,1
20600,6
20601,5
20602,1
20603,3
20604,1
20605,7
20606,7
20607,10
20608,6
20609,1
20610,5
20611,5
20612,7
20613,5
20614,10
20615,6
20616,5
20617,4
20618,4
20619,4
20620,4
20621,3
20622,8
20623,9
20624,5
20625,3
20626,5
20627,1
20628,5
20629,1
20630,3
20631,7
20632,7
20633,7
20634,7
20635,1
20636,10
20637,4
20638,4
20639,7
20640,7
20641,5
20642,1
20643,1
20644,3
20645,6
20646,5
20647,7
20648,7
20649,7
20650,4
20651,9
20652,7
20653,8
20654,3
20655,9
20656,9
20657,1
20658,6
20659,7
20660,5
20661,5
20662,5
20663,7
20664,7
20665,5
20666,4
20667,7
20668,7
20669,7
20670,6
20671,10
20672,6
20673,7
20674,10
20675,10
20676,10
20677,5
20678,10
20679,10
20680,5
20681,10
20682,10
20683,3
20684,1
20685,1
20686,6
20687,5
20688,8
20689,3
20690,9
20691,5
20692,4
20693,4
20694,9
20695,4
20696,9
20697,2
20698,9
20699,7
20700,2
20701,9
20702,2
20703,2
20704,2
20705,7
20706,1
20707,2
20708,7
20709,6
20710,2
20711,4
20712,9
20713,1
20714,6
20715,2
20716,6
20717,6
20718,2
20719,3
20720,6
20721,3
20722,6
20723,2
20724,1
20725,6
20726,9
20727,9
20728,9
20729,10
20730,9
20731,10
20732,9
20733,9
20734,3
20735,9
20736,9
20737,9
20738,8
20739,6
20740,1
20741,1
20742,3
20743,8
20744,10
20745,6
20746,8
20747,4
20748,8
20749,4
20750,4
20751,8
20752,3
20753,4
20754,1
20755,8
20756,1
20757,7
20758,10
20759,10
20760,10
20761,8
20762,7
20763,3
20764,9
20765,1
20766,5
20767,5
20768,5
20769,5
20770,10
20771,7
20772,7
20773,7
20774,7
20775,5
20776,10
20777,5
20778,4
20779,8
20780,4
20781,8
20782,3
20783,9
20784,9
20785,9
20786,7
20787,7
20788,7
20789,7
20790,9
20791,10
20792,4
20793,10
20794,5
20795,3
20796,6
20797,8
20798,7
20799,7
20800,6
20801,1
20802,7
20803,1
20804,7
20805,1
20806,7
20807,4
20808,4
20809,7
20810,7
20811,7
20812,7
20813,5
20814,7
20815,7
20816,10
20817,10
20818,1
20819,4
20820,4
20821,4
20822,3
20823,1
20824,10
20825,7
20826,2
20827,5
20828,7
20829,7
20830,7
20831,2
20832,8
20833,6
20834,6
20835,8
20836,4
20837,7
20838,8
20839,1
20840,4
20841,3
20842,5
20843,3
20844,5
20845,5
20846,7
20847,5
20848,10
20849,4
20850,8
20851,4
20852,9
20853,1
20854,7
20855,6
20856,4
20857,8
20858,2
20859,2
20860,8
20861,4
20862,8
20863,6
20864,4
20865,4
20866,3
20867,1
20868,8
20869,6
20870,10
20871,5
20872,5
20873,4
20874,4
20875,5
20876,7
20877,7
20878,4
20879,7
20880,1
20881,5
20882,7
20883,7
20884,5
20885,10
20886,4
20887,7
20888,9
20889,2
20890,2
20891,2
20892,9
20893,2
20894,2
20895,3
20896,3
20897,8
20898,3
20899,1
20900,1
20901,1
20902,6
20903,1
20904,1
20905,5
20906,6
20907,1
20908,3
20909,1
20910,6
20911,7
20912,6
20913,5
20914,5
20915,7
20916,5
20917,9
20918,6
20919,7
20920,10
20921,1
20922,5
20923,1
20924,5
20925,7
20926,7
20927,10
20928,10
20929,5
20930,5
20931,5
20932,4
20933,4
20934,8
20935,5
20936,3
20937,3
20938,1
20939,1
20940,7
20941,7
20942,5
20943,4
20944,5
20945,10
20946,5
20947,5
20948,7
20949,5
20950,5
20951,5
20952,10
20953,5
20954,4
20955,8
20956,5
20957,4
20958,10
20959,5
20960,6
20961,3
20962,2
20963,8
20964,8
20965,9
20966,2
20967,9
20968,6
20969,3
20970,9
20971,6
20972,9
20973,2
20974,6
20975,9
20976,4
20977,2
20978,9
20979,8
20980,9
20981,4
20982,2
20983,10
20984,3
20985,9
20986,3
20987,6
20988,6
20989,9
20990,5
20991,1
20992,5
20993,10
20994,4
20995,10
20996,7
20997,7
20998,7
20999,6
21000,7
21001,6
21002,1
21003,4
21004,6
21005,4
21006,8
21007,7
21008,9
21009,7
21010,9
21011,1
21012,5
21013,4
21014,4
21015,5
21016,1
21017,5
21018,5
21019,10
21020,5
21021,5
21022,6
21023,7
21024,7
21025,7
21026,6
21027,7
21028,5
21029,10
21030,7
21031,4
21032,1
21033,6
21034,10
21035,6
21036,5
21037,7
21038,1
21039,6
21040,5
21041,6
21042,7
21043,10
21044,10
21045,1
21046,3
21047,1
21048,1
21049,7
21050,7
21051,7
21052,6
21053,7
21054,5
21055,10
21056,7
21057,1
21058,7
21059,1
21060,7
21061,5
21062,7
21063,7
21064,7
21065,8
21066,3
21067,9
21068,2
21069,7
21070,9
21071,2
21072,8
21073,9
21074,2
21075,9
21076,7
21077,9
21078,5
21079,1
21080,2
21081,3
21082,9
21083,8
21084,7
21085,2
21086,2
21087,1
21088,10
21089,7
21090,2
21091,2
21092,6
21093,6
21094,7
21095,7
21096,7
21097,10
21098,5
21099,4
21100,7
21101,6
21102,4
21103,4
21104,3
21105,3
21106,3
21107,5
21108,1
21109,1
21110,5
21111,7
21112,10
21113,5
21114,4
21115,4
21116,5
21117,4
21118,9
21119,2
21120,4
21121,4
21122,10
21123,10
21124,9
21125,1
21126,6
21127,10
21128,10
21129,4
21130,1
21131,10
21132,3
21133,3
21134,8
21135,5
21136,9
21137,1
21138,5
21139,5
21140,5
21141,4
21142,4
21143,8
21144,8
21145,2
21146,8
21147,2
21148,8
21149,10
21150,1
21151,3
21152,5
21153,10
21154,7
21155,5
21156,5
21157,10
21158,9
21159,3
21160,9
21161,6
21162,6
21163,6
21164,3
21165,2
21166,10
21167,1
21168,1
21169,3
21170,1
21171,1
21172,8
21173,8
21174,3
21175,6
21176,1
21177,6
21178,2
21179,7
21180,7
21181,9
21182,6
21183,5
21184,9
21185,7
21186,5
21187,7
21188,7
21189,1
21190,7
21191,7
21192,4
21193,9
21194,10
21195,10
21196,10
21197,5
21198,10
21199,5
21200,4
21201,4
21202,4
21203,4
21204,5
21205,4
21206,9
21207,4
21208,5
21209,5
21210,10
21211,5
21212,10
21213,5
21214,7
21215,9
21216,5
21217,5
21218,10
21219,9
21220,9
21221,5
21222,8
21223,1
21224,9
21225,5
21226,7
21227,5
21228,9
21229,10
21230,1
21231,1
21232,4
21233,10
21234,1
21235,4
21236,1
21237,8
21238,1
21239,4
21240,10
21241,10
21242,6
21243,4
21244,8
21245,8
21246,8
21247,4
21248,10
21249,3
21250,3
21251,7
21252,7
21253,7
21254,6
21255,5
21256,6
21257,9
21258,9
21259,1
21260,4
21261,5
21262,1
21263,1
21264,8
21265,7
21266,4
21267,4
21268,5
21269,5
21270,10
21271,9
21272,2
21273,9
21274,9
21275,2
21276,9
21277,5
21278,10
21279,5
21280,6
21281,10
21282,2
21283,7
21284,2
21285,2
21286,2
21287,2
21288,8
21289,4
21290,3
21291,2
21292,2
21293,2
21294,4
21295,2
21296,8
21297,4
21298,1
21299,5
21300,10
21301,10
21302,10
21303,3
21304,3
21305,5
21306,5
21307,6
21308,3
21309,5
21310,1
21311,5
21312,7
21313,6
21314,7
21315,5
21316,5
21317,5
21318,5
21319,5
21320,8
21321,7
21322,5
21323,9
21324,6
21325,10
21326,7
21327,5
21328,9
21329,9
21330,2
21331,9
21332,3
21333,4
21334,9
21335,10
21336,10
21337,10
21338,6
21339,10
21340,10
21341,10
21342,6
21343,10
21344,4
21345,9
21346,8
21347,1
21348,1
21349,1
21350,3
21351,5
21352,1
21353,10
21354,1
21355,4
21356,4
21357,5
21358,3
21359,5
21360,5
21361,10
21362,5
21363,4
21364,4
21365,4
21366,5
21367,9
21368,9
21369,4
21370,4
21371,10
21372,8
21373,5
21374,7
21375,7
21376,10
21377,10
21378,5
21379,4
21380,8
21381,1
21382,1
21383,1
21384,5
21385,7
21386,5
21387,10
21388,4
21389,9
21390,2
21391,2
21392,4
21393,9
21394,9
21395,8
21396,9
21397,9
21398,3
21399,1
21400,1
21401,5
21402,1
21403,5
21404,5
21405,5
21406,1
21407,9
21408,5
21409,1
21410,6
21411,1
21412,6
21413,5
21414,5
21415,8
21416,7
21417,1
21418,6
21419,10
21420,5
21421,5
21422,7
21423,10
21424,5
21425,10
21426,6
21427,10
21428,10
21429,5
21430,5
21431,10
21432,5
21433,2
21434,3
21435,3
21436,4
21437,9
21438,9
21439,4
21440,10
21441,8
21442,9
21443,6
21444,10
21445,10
21446,4
21447,6
21448,4
21449,6
21450,9
21451,9
21452,9
21453,10
21454,7
21455,2
21456,8
21457,5
21458,9
21459,1
21460,8
21461,2
21462,3
21463,8
21464,1
21465,6
21466,10
21467,6
21468,7
21469,6
21470,6
21471,9
21472,9
21473,7
21474,9
21475,1
21476,1
21477,6
21478,7
21479,6
21480,7
21481,4
21482,3
21483,6
21484,2
21485,1
21486,7
21487,7
21488,6
21489,7
21490,5
21491,8
21492,9
21493,5
21494,7
21495,5
21496,10
21497,5
21498,6
21499,6
21500,5
21501,10
21502,1
21503,10
21504,1
21505,1
21506,7
21507,1
21508,1
21509,9
21510,6
21511,7
21512,5
21513,4
21514,4
21515,9
21516,4
21517,10
21518,5
21519,10
21520,10
21521,10
21522,4
21523,4
21524,5
21525,4
21526,4
21527,4
21528,7
21529,9
21530,4
21531,1
21532,5
21533,10
21534,4
21535,10
21536,7
21537,9
21538,4
21539,3
21540,4
21541,8
21542,9
21543,9
21544,2
21545,6
21546,4
21547,9
21548,7
21549,5
21550,5
21551,9
21552,5
21553,9
21554,9
21555,1
21556,1
21557,6
21558,7
21559,10
21560,10
21561,5
21562,10
21563,10
21564,5
21565,4
21566,9
21567,3
21568,9
21569,2
21570,9
21571,5
21572,1
21573,5
21574,9
21575,6
21576,5
21577,1
21578,1
21579,1
21580,4
21581,9
21582,1
21583,6
21584,5
21585,1
21586,5
21587,7
21588,6
21589,5
21590,8
21591,1
21592,7
21593,7
21594,6
21595,7
21596,10
21597,4
21598,5
21599,7
21600,10
21601,1
21602,7
21603,5
21604,5
21605,5
21606,10
21607,9
21608,6
21609,10
21610,5
21611,10
21612,2
21613,2
21614,10
21615,9
21616,8
21617,10
21618,8
21619,9
21620,9
21621,9
21622,4
21623,4
21624,9
21625,9
21626,9
21627,5
21628,5
21629,10
21630,10
21631,5
21632,4
21633,8
21634,1
21635,5
21636,5
21637,10
21638,10
21639,8
21640,1
21641,9
21642,5
21643,1
21644,5
21645,10
21646,10
21647,6
21648,3
21649,1
21650,4
21651,1
21652,6
21653,10
21654,9
21655,5
21656,6
21657,5
21658,7
21659,10
21660,10
21661,4
21662,4
21663,7
21664,4
21665,7
21666,7
21667,9
21668,1
21669,6
21670,6
21671,7
21672,1
21673,9
21674,9
21675,3
21676,1
21677,9
21678,1
21679,5
21680,4
21681,2
21682,9
21683,9
21684,9
21685,7
21686,5
21687,2
21688,9
21689,2
21690,9
21691,8
21692,6
21693,9
21694,6
21695,2
21696,7
21697,5
21698,9
21699,10
21700,1
21701,3
21702,3
21703,5
21704,3
21705,4
21706,3
21707,5
21708,10
21709,5
21710,4
21711,5
21712,6
21713,7
21714,9
21715,10
21716,7
21717,4
21718,5
21719,10
21720,2
21721,7
21722,7
21723,1
21724,9
21725,7
21726,9
21727,7
21728,7
21729,1
21730,7
21731,1
21732,7
21733,7
21734,7
21735,7
21736,5
21737,5
21738,5
21739,7
21740,2
21741,9
21742,7
21743,7
21744,2
21745,6
21746,6
21747,5
21748,10
21749,10
21750,10
21751,7
21752,7
21753,7
21754,9
21755,7
21756,10
21757,6
21758,9
21759,1
21760,5
21761,7
21762,5
21763,5
21764,5
21765,9
21766,2
21767,8
21768,10
21769,4
21770,9
21771,6
21772,6
21773,6
21774,10
21775,2
21776,4
21777,9
21778,8
21779,5
21780,1
21781,1
21782,7
21783,9
21784,5
21785,7
21786,7
21787,6
21788,7
21789,7
21790,5
21791,7
21792,6
21793,10
21794,10
21795,5
21796,4
21797,6
21798,1
21799,4
21800,5
21801,6
21802,7
21803,5
21804,8
21805,4
21806,5
21807,9
21808,8
21809,10
21810,8
21811,6
21812,9
21813,1
21814,1
21815,9
21816,5
21817,5
21818,6
21819,7
21820,5
21821,5
21822,10
21823,1
21824,8
21825,2
21826,8
21827,1
21828,1
21829,1
21830,6
21831,1
21832,6
21833,5
21834,4
21835,5
21836,6
21837,5
21838,1
21839,1
21840,5
21841,7
21842,1
21843,6
21844,5
21845,7
21846,10
21847,5
21848,7
21849,7
21850,4
21851,4
21852,4
21853,5
21854,5
21855,5
21856,10
21857,6
21858,5
21859,10
21860,9
21861,5
21862,8
21863,4
21864,4
21865,5
21866,4
21867,9
21868,4
21869,6
21870,9
21871,6
21872,9
21873,6
21874,4
21875,3
21876,6
21877,6
21878,6
21879,9
21880,2
21881,1
21882,10
21883,2
21884,1
21885,9
21886,9
21887,4
21888,1
21889,4
21890,5
21891,7
21892,6
21893,8
21894,9
21895,8
21896,6
21897,5
21898,4
21899,10
21900,8
21901,4
21902,10
21903,10
21904,4
21905,4
21906,6
21907,7
21908,7
21909,9
21910,7
21911,7
21912,2
21913,9
21914,6
21915,1
21916,1
21917,1
21918,5
21919,5
21920,7
21921,1
21922,6
21923,10
21924,10
21925,9
21926,5
21927,5
21928,7
21929,7
21930,5
21931,9
21932,5
21933,1
21934,7
21935,10
21936,6
21937,4
21938,4
21939,7
21940,7
21941,1
21942,7
21943,7
21944,7
21945,7
21946,2
21947,8
21948,7
21949,9
21950,9
21951,7
21952,9
21953,6
21954,2
21955,7
21956,6
21957,2
21958,7
21959,2
21960,9
21961,1
21962,10
21963,7
21964,2
21965,7
21966,2
21967,1
21968,2
21969,7
21970,4
21971,7
21972,2
21973,2
21974,6
21975,7
21976,7
21977,7
21978,7
21979,8
21980,1
21981,9
21982,5
21983,9
21984,5
21985,1
21986,7
21987,6
21988,10
21989,10
21990,5
21991,10
21992,10
21993,7
21994,4
21995,7
21996,2
21997,3
21998,9
21999,9
22000,9
22001,10
22002,1
22003,4
22004,7
22005,6
22006,10
22007,5
22008,4
22009,9
22010,6
22011,2
22012,5
22013,10
22014,9
22015,4
22016,9
22017,6
22018,8
22019,2
22020,2
22021,2
22022,5
22023,6
22024,7
22025,5
22026,10
22027,10
22028,5
22029,9
22030,8
22031,2
22032,2
22033,9
22034,2
22035,2
22036,8
22037,8
22038,2
22039,2
22040,5
22041,6
22042,9
22043,5
22044,5
22045,2
22046,6
22047,5
22048,1
22049,5
22050,7
22051,5
22052,7
22053,7
22054,7
22055,4
22056,6
22057,9
22058,7
22059,5
22060,10
22061,6
22062,10
22063,10
22064,5
22065,7
22066,7
22067,4
22068,5
22069,5
22070,4
22071,9
22072,5
22073,5
22074,10
22075,10
22076,5
22077,10
22078,6
22079,1
22080,1
22081,5
22082,5
22083,9
22084,5
22085,5
22086,8
22087,5
22088,5
22089,10
22090,10
22091,9
22092,9
22093,9
22094,2
22095,2
22096,2
22097,2
22098,2
22099,7
22100,2
22101,2
22102,2
22103,2
22104,6
22105,2
22106,10
22107,6
22108,2
22109,9
22110,10
22111,10
22112,10
22113,9
22114,1
22115,10
22116,3
22117,10
22118,4
22119,9
22120,8
22121,10
22122,6
22123,4
22124,8
22125,4
22126,6
22127,4
22128,5
22129,5
22130,5
22131,1
22132,5
22133,5
22134,6
22135,7
22136,7
22137,6
22138,1
22139,6
22140,5
22141,5
22142,7
22143,7
22144,10
22145,6
22146,6
22147,9
22148,6
22149,7
22150,6
22151,7
22152,5
22153,5
22154,5
22155,7
22156,1
22157,5
22158,5
22159,10
22160,5
22161,5
22162,10
22163,9
22164,1
22165,10
22166,7
22167,1
22168,5
22169,5
22170,7
22171,6
22172,8
22173,8
22174,1
22175,2
22176,8
22177,10
22178,9
22179,9
22180,8
22181,2
22182,2
22183,2
22184,5
22185,5
22186,5
22187,5
22188,1
22189,5
22190,5
22191,6
22192,1
22193,1
22194,8
22195,9
22196,7
22197,5
22198,7
22199,4
22200,10
22201,7
22202,5
22203,5
22204,9
22205,5
22206,10
22207,10
22208,10
22209,5
22210,5
22211,10
22212,5
22213,6
22214,4
22215,5
22216,5
22217,5
22218,5
22219,10
22220,4
22221,5
22222,4
22223,4
22224,9
22225,9
22226,6
22227,5
22228,1
22229,1
22230,10
22231,5
22232,5
22233,5
22234,4
22235,5
22236,4
22237,4
22238,9
22239,9
22240,2
22241,4
22242,9
22243,2
22244,10
22245,7
22246,9
22247,2
22248,9
22249,9
22250,10
22251,4
22252,1
22253,9
22254,10
22255,8
22256,1
22257,9
22258,4
22259,4
22260,6
22261,1
22262,6
22263,10
22264,10
22265,10
22266,10
22267,10
22268,10
22269,4
22270,10
22271,4
22272,10
22273,6
22274,10
22275,7
22276,7
22277,5
22278,10
22279,9
22280,9
22281,5
22282,7
22283,7
22284,5
22285,5
22286,10
22287,10
22288,4
22289,8
22290,10
22291,9
22292,10
22293,8
22294,5
22295,1
22296,6
22297,5
22298,10
22299,10
22300,5
22301,5
22302,5
22303,5
22304,7
22305,10
22306,5
22307,10
22308,4
22309,10
22310,8
22311,2
22312,9
22313,5
22314,9
22315,5
22316,5
22317,5
22318,10
22319,10
22320,5
22321,10
22322,4
22323,1
22324,1
22325,5
22326,1
22327,5
22328,7
22329,5
22330,10
22331,5
22332,10
22333,4
22334,4
22335,5
22336,5
22337,5
22338,1
22339,5
22340,6
22341,5
22342,1
22343,5
22344,7
22345,7
22346,7
22347,8
22348,4
22349,4
22350,7
22351,7
22352,7
22353,10
22354,5
22355,5
22356,10
22357,10
22358,10
22359,10
22360,5
22361,9
22362,4
22363,5
22364,4
22365,5
22366,10
22367,4
22368,4
22369,4
22370,4
22371,7
22372,10
22373,9
22374,4
22375,4
22376,1
22377,4
22378,4
22379,9
22380,7
22381,5
22382,8
22383,9
22384,9
22385,5
22386,5
22387,7
22388,9
22389,10
22390,6
22391,10
22392,5
22393,4
22394,5
22395,9
22396,9
22397,3
22398,7
22399,7
22400,1
22401,3
22402,9
22403,10
22404,10
22405,10
22406,9
22407,10
22408,4
22409,10
22410,1
22411,10
22412,10
22413,1
22414,10
22415,1
22416,10
22417,2
22418,10
22419,10
22420,1
22421,10
22422,6
22423,10
22424,10
22425,3
22426,10
22427,1
22428,10
22429,4
22430,6
22431,6
22432,7
22433,1
22434,10
22435,10
22436,10
22437,10
22438,4
22439,3
22440,10
22441,1
22442,1
22443,5
22444,1
22445,7
22446,5
22447,10
22448,5
22449,5
22450,4
22451,7
22452,7
22453,8
22454,8
22455,8
22456,9
22457,9
22458,4
22459,4
22460,4
22461,4
22462,10
22463,5
22464,1
22465,3
22466,6
22467,8
22468,7
22469,5
22470,9
22471,6
22472,7
22473,5
22474,5
22475,10
22476,10
22477,4
22478,4
22479,4
22480,4
22481,4
22482,10
22483,10
22484,7
22485,5
22486,7
22487,8
22488,8
22489,9
22490,4
22491,9
22492,10
22493,4
22494,9
22495,6
22496,6
22497,5
22498,5
22499,5
22500,10
22501,10
22502,10
22503,4
22504,4
22505,2
22506,2
22507,1
22508,7
22509,6
22510,2
22511,2
22512,6
22513,6
22514,1
22515,4
22516,9
22517,6
22518,9
22519,9
22520,3
22521,3
22522,4
22523,1
22524,1
22525,6
22526,1
22527,1
22528,1
22529,1
22530,5
22531,1
22532,6
22533,10
22534,10
22535,7
22536,10
22537,8
22538,7
22539,7
22540,1
22541,7
22542,7
22543,5
22544,7
22545,6
22546,1
22547,7
22548,6
22549,10
22550,10
22551,5
22552,4
22553,4
22554,9
22555,10
22556,4
22557,8
22558,5
22559,6
22560,7
22561,7
22562,5
22563,10
22564,5
22565,10
22566,9
22567,8
22568,1
22569,3
22570,1
22571,1
22572,1
22573,1
22574,7
22575,1
22576,5
22577,5
22578,5
22579,1
22580,4
22581,5
22582,10
22583,10
22584,4
22585,4
22586,5
22587,6
22588,10
22589,5
22590,10
22591,4
22592,3
22593,1
22594,4
22595,1
22596,1
22597,1
22598,1
22599,1
22600,7
22601,7
22602,7
22603,7
22604,7
22605,9
22606,9
22607,9
22608,9
22609,2
22610,7
22611,9
22612,2
22613,9
22614,7
22615,2
22616,10
22617,8
22618,3
22619,4
22620,2
22621,6
22622,2
22623,2
22624,2
22625,2
22626,9
22627,3
22628,1
22629,6
22630,8
22631,2
22632,2
22633,8
22634,6
22635,9
22636,9
22637,1
22638,8
22639,9
22640,4
22641,1
22642,4
22643,9
22644,3
22645,1
22646,4
22647,9
22648,5
22649,4
22650,3
22651,6
22652,1
22653,8
22654,9
22655,6
22656,6
22657,4
22658,4
22659,6
22660,2
22661,4
22662,4
22663,7
22664,1
22665,7
22666,7
22667,7
22668,6
22669,7
22670,7
22671,8
22672,10
22673,8
22674,1
22675,5
22676,9
22677,8
22678,4
22679,8
22680,9
22681,2
22682,6
22683,10
22684,2
22685,2
22686,7
22687,7
22688,5
22689,3
22690,5
22691,5
22692,5
22693,4
22694,4
22695,4
22696,7
22697,7
22698,7
22699,7
22700,7
22701,7
22702,7
22703,7
22704,6
22705,7
22706,8
22707,2
22708,9
22709,9
22710,1
22711,2
22712,6
22713,8
22714,9
22715,6
22716,7
22717,2
22718,7
22719,9
22720,4
22721,7
22722,10
22723,6
22724,6
22725,1
22726,5
22727,5
22728,10
22729,5
22730,5
22731,5
22732,5
22733,9
22734,4
22735,4
22736,4
22737,10
22738,4
22739,7
22740,9
22741,8
22742,4
22743,3
22744,2
22745,3
22746,5
22747,5
22748,5
22749,5
22750,5
22751,10
22752,10
22753,5
22754,9
22755,4
22756,4
22757,4
22758,7
22759,9
22760,6
22761,9
22762,1
22763,7
22764,2
22765,8
22766,6
22767,9
22768,10
22769,1
22770,3
22771,5
22772,5
22773,6
22774,1
22775,7
22776,7
22777,1
22778,2
22779,2
22780,3
22781,1
22782,5
22783,3
22784,5
22785,1
22786,9
22787,8
22788,7
22789,5
22790,5
22791,6
22792,2
22793,7
22794,8
22795,8
22796,7
22797,5
22798,4
22799,6
22800,4
22801,5
22802,7
22803,5
22804,8
22805,5
22806,5
22807,5
22808,2
22809,10
22810,10
22811,5
22812,10
22813,5
22814,2
22815,2
22816,9
22817,5
22818,2
22819,4
22820,9
22821,4
22822,5
22823,5
22824,4
22825,2
22826,7
22827,4
22828,7
22829,2
22830,7
22831,8
22832,1
22833,6
22834,7
22835,2
22836,5
22837,3
22838,1
22839,1
22840,10
22841,2
22842,2
22843,7
22844,7
22845,9
22846,4
22847,5
22848,5
22849,9
22850,4
22851,9
22852,4
22853,9
22854,2
22855,4
22856,3
22857,9
22858,9
22859,9
22860,1
22861,6
22862,3
22863,3
22864,1
22865,1
22866,1
22867,8
22868,7
22869,7
22870,9
22871,5
22872,5
22873,5
22874,10
22875,10
22876,6
22877,10
22878,5
22879,10
22880,1
22881,3
22882,9
22883,9
22884,4
22885,8
22886,4
22887,5
22888,8
22889,4
22890,4
22891,1
22892,4
22893,7
22894,4
22895,4
22896,4
22897,9
22898,8
22899,10
22900,1
22901,6
22902,1
22903,1
22904,10
22905,5
22906,7
22907,6
22908,1
22909,7
22910,9
22911,7
22912,9
22913,9
22914,5
22915,5
22916,9
22917,10
22918,2
22919,6
22920,2
22921,7
22922,7
22923,1
22924,1
22925,6
22926,10
22927,7
22928,4
22929,7
22930,7
22931,7
22932,9
22933,1
22934,2
22935,2
22936,2
22937,10
22938,4
22939,6
22940,6
22941,8
22942,9
22943,9
22944,6
22945,5
22946,1
22947,6
22948,7
22949,5
22950,5
22951,10
22952,8
22953,7
22954,9
22955,3
22956,7
22957,1
22958,7
22959,5
22960,10
22961,5
22962,10
22963,5
22964,5
22965,5
22966,4
22967,4
22968,1
22969,2
22970,7
22971,9
22972,2
22973,10
22974,2
22975,9
22976,6
22977,4
22978,1
22979,7
22980,5
22981,1
22982,6
22983,5
22984,8
22985,5
22986,6
22987,9
22988,5
22989,5
22990,10
22991,10
22992,5
22993,5
22994,2
22995,6
22996,1
22997,2
22998,9
22999,8
23000,4
23001,4
23002,1
23003,6
23004,5
23005,5
23006,10
23007,4
23008,1
23009,5
23010,10
23011,10
23012,4
23013,8
23014,4
23015,4
23016,1
23017,7
23018,3
23019,3
23020,6
23021,7
23022,1
23023,7
23024,7
23025,6
23026,5
23027,1
23028,1
23029,5
23030,7
23031,7
23032,1
23033,3
23034,8
23035,3
23036,6
23037,1
23038,9
23039,7
23040,1
23041,1
23042,7
23043,7
23044,5
23045,5
23046,7
23047,1
23048,7
23049,5
23050,7
23051,7
23052,5
23053,5
23054,10
23055,5
23056,10
23057,6
23058,10
23059,9
23060,5
23061,5
23062,9
23063,4
23064,4
23065,4
23066,4
23067,4
23068,5
23069,9
23070,4
23071,5
23072,8
23073,8
23074,2
23075,2
23076,9
23077,4
23078,8
23079,1
23080,6
23081,6
23082,8
23083,4
23084,4
23085,5
23086,4
23087,5
23088,10
23089,10
23090,4
23091,6
23092,4
23093,8
23094,8
23095,1
23096,7
23097,5
23098,4
23099,4
23100,9
23101,5
23102,4
23103,5
23104,10
23105,10
23106,10
23107,10
23108,3
23109,1
23110,1
23111,9
23112,9
23113,8
23114,2
23115,9
23116,3
23117,2
23118,8
23119,9
23120,2
23121,2
23122,7
23123,2
23124,2
23125,2
23126,1
23127,2
23128,1
23129,9
23130,2
23131,9
23132,2
23133,9
23134,9
23135,3
23136,10
23137,9
23138,10
23139,9
23140,6
23141,2
23142,10
23143,10
23144,1
23145,3
23146,1
23147,7
23148,7
23149,1
23150,7
23151,7
23152,1
23153,7
23154,1
23155,7
23156,7
23157,10
23158,1
23159,10
23160,6
23161,6
23162,6
23163,7
23164,7
23165,1
23166,7
23167,9
23168,6
23169,5
23170,6
23171,7
23172,5
23173,1
23174,1
23175,10
23176,5
23177,5
23178,5
23179,5
23180,5
23181,1
23182,2
23183,2
23184,1
23185,2
23186,2
23187,9
23188,10
23189,2
23190,6
23191,2
23192,2
23193,2
23194,10
23195,3
23196,5
23197,6
23198,5
23199,10
23200,10
23201,9
23202,5
23203,4
23204,10
23205,8
23206,4
23207,4
23208,1
23209,6
23210,3
23211,5
23212,7
23213,7
23214,5
23215,10
23216,10
23217,7
23218,2
23219,4
23220,8
23221,9
23222,10
23223,9
23224,1
23225,5
23226,6
23227,5
23228,6
23229,5
23230,5
23231,10
23232,10
23233,5
23234,6
23235,4
23236,9
23237,4
23238,4
23239,5
23240,4
23241,6
23242,9
23243,1
23244,8
23245,1
23246,9
23247,1
23248,1
23249,6
23250,1
23251,5
23252,1
23253,7
23254,4
23255,1
23256,9
23257,5
23258,9
23259,9
23260,2
23261,2
23262,2
23263,9
23264,9
23265,10
23266,6
23267,6
23268,3
23269,9
23270,4
23271,7
23272,9
23273,10
23274,3
23275,10
23276,10
23277,9
23278,9
23279,9
23280,5
23281,10
23282,1
23283,9
23284,4
23285,7
23286,2
23287,10
23288,10
23289,10
23290,10
23291,6
23292,10
23293,10
23294,9
23295,1
23296,8
23297,5
23298,5
23299,5
23300,10
23301,10
23302,10
23303,10
23304,5
23305,10
23306,1
23307,5
23308,5
23309,5
23310,10
23311,3
23312,5
23313,5
23314,6
23315,10
23316,10
23317,5
23318,1
23319,3
23320,7
23321,8
23322,2
23323,8
23324,3
23325,10
23326,6
23327,4
23328,5
23329,9
23330,3
23331,4
23332,9
23333,8
23334,5
23335,2
23336,3
23337,6
23338,3
23339,1
23340,6
23341,6
23342,10
23343,5
23344,4
23345,6
23346,5
23347,4
23348,2
23349,2
23350,2
23351,2
23352,3
23353,4
23354,5
23355,6
23356,10
23357,5
23358,5
23359,5
23360,10
23361,3
23362,5
23363,5
23364,1
23365,1
23366,5
23367,1
23368,5
23369,7
23370,6
23371,5
23372,5
23373,9
23374,5
23375,7
23376,8
23377,10
23378,10
23379,5
23380,5
23381,5
23382,5
23383,10
23384,6
23385,9
23386,10
23387,4
23388,9
23389,4
23390,4
23391,5
23392,5
23393,4
23394,4
23395,5
23396,6
23397,10
23398,1
23399,5
23400,7
23401,6
23402,7
23403,1
23404,5
23405,5
23406,4
23407,2
23408,9
23409,9
23410,10
23411,10
23412,10
23413,6
23414,10
23415,8
23416,10
23417,10
23418,10
23419,6
23420,6
23421,10
23422,10
23423,5
23424,4
23425,10
23426,4
23427,10
23428,10
23429,6
23430,10
23431,4
23432,10
23433,10
23434,4
23435,6
23436,4
23437,6
23438,3
23439,9
23440,3
23441,1
23442,1
23443,6
23444,10
23445,6
23446,1
23447,3
23448,8
23449,9
23450,9
23451,2
23452,2
23453,9
23454,7
23455,1
23456,7
23457,7
23458,1
23459,8
23460,1
23461,6
23462,7
23463,3
23464,5
23465,9
23466,1
23467,9
23468,7
23469,5
23470,10
23471,4
23472,8
23473,10
23474,7
23475,5
23476,6
23477,5
23478,10
23479,4
23480,5
23481,7
23482,6
23483,10
23484,7
23485,6
23486,5
23487,5
23488,3
23489,3
23490,2
23491,9
23492,9
23493,9
23494,9
23495,5
23496,5
23497,5
23498,5
23499,1
23500,1
23501,7
23502,9
23503,6
23504,10
23505,5
23506,10
23507,9
23508,8
23509,8
23510,1
23511,9
23512,1
23513,5
23514,1
23515,5
23516,4
23517,4
23518,1
23519,1
23520,9
23521,4
23522,9
23523,4
23524,9
23525,6
23526,5
23527,9
23528,1
23529,6
23530,3
23531,1
23532,1
23533,1
23534,5
23535,5
23536,7
23537,9
23538,7
23539,2
23540,6
23541,7
23542,5
23543,7
23544,5
23545,6
23546,5
23547,6
23548,7
23549,5
23550,5
23551,10
23552,5
23553,10
23554,9
23555,10
23556,5
23557,5
23558,10
23559,10
23560,4
23561,5
23562,4
23563,5
23564,5
23565,5
23566,4
23567,10
23568,10
23569,8
23570,9
23571,4
23572,5
23573,1
23574,5
23575,7
23576,7
23577,7
23578,10
23579,10
23580,10
23581,10
23582,5
23583,9
23584,5
23585,5
23586,9
23587,4
23588,4
23589,8
23590,8
23591,3
23592,1
23593,7
23594,9
23595,9
23596,5
23597,2
23598,4
23599,9
23600,7
23601,6
23602,2
23603,2
23604,8
23605,1
23606,1
23607,6
23608,10
23609,6
23610,6
23611,9
23612,9
23613,6
23614,9
23615,9
23616,9
23617,6
23618,5
23619,9
23620,7
23621,1
23622,6
23623,10
23624,10
23625,4
23626,4
23627,1
23628,6
23629,1
23630,10
23631,6
23632,3
23633,8
23634,6
23635,4
23636,7
23637,5
23638,7
23639,7
23640,1
23641,4
23642,9
23643,4
23644,4
23645,9
23646,7
23647,9
23648,1
23649,7
23650,7
23651,5
23652,9
23653,1
23654,7
23655,2
23656,7
23657,7
23658,9
23659,7
23660,7
23661,9
23662,3
23663,7
23664,1
23665,7
23666,6
23667,7
23668,4
23669,2
23670,6
23671,1
23672,1
23673,5
23674,9
23675,1
23676,3
23677,5
23678,5
23679,4
23680,8
23681,4
23682,9
23683,7
23684,8
23685,6
23686,2
23687,6
23688,9
23689,9
23690,8
23691,1
23692,7
23693,4
23694,7
23695,7
23696,1
23697,1
23698,3
23699,8
23700,6
23701,1
23702,7
23703,5
23704,5
23705,10
23706,5
23707,5
23708,4
23709,5
23710,2
23711,6
23712,1
23713,1
23714,5
23715,8
23716,7
23717,1
23718,1
23719,5
23720,3
23721,9
23722,5
23723,5
23724,6
23725,10
23726,4
23727,4
23728,6
23729,5
23730,1
23731,1
23732,3
23733,1
23734,7
23735,5
23736,10
23737,10
23738,4
23739,6
23740,1
23741,2
23742,3
23743,5
23744,1
23745,5
23746,5
23747,7
23748,5
23749,7
23750,5
23751,5
23752,10
23753,9
23754,5
23755,10
23756,9
23757,5
23758,1
23759,1
23760,9
23761,3
23762,6
23763,5
23764,5
23765,1
23766,4
23767,9
23768,3
23769,1
23770,5
23771,1
23772,5
23773,7
23774,7
23775,5
23776,7
23777,9
23778,7
23779,9
23780,7
23781,3
23782,5
23783,7
23784,7
23785,5
23786,5
23787,10
23788,5
23789,5
23790,10
23791,4
23792,4
23793,5
23794,5
23795,4
23796,7
23797,5
23798,5
23799,5
23800,5
23801,6
23802,5
23803,5
23804,6
23805,1
23806,1
23807,3
23808,6
23809,10
23810,4
23811,5
23812,4
23813,5
23814,4
23815,4
23816,10
23817,10
23818,10
23819,9
23820,7
23821,7
23822,7
23823,10
23824,9
23825,5
23826,1
23827,4
23828,9
23829,9
23830,2
23831,3
23832,9
23833,3
23834,9
23835,6
23836,2
23837,7
23838,6
23839,7
23840,2
23841,1
23842,4
23843,1
23844,1
23845,1
23846,1
23847,7
23848,9
23849,8
23850,4
23851,8
23852,1
23853,9
23854,6
23855,10
23856,7
23857,4
23858,4
23859,7
23860,4
23861,10
23862,10
23863,4
23864,10
23865,6
23866,1
23867,6
23868,7
23869,9
23870,2
23871,2
23872,7
23873,2
23874,2
23875,4
23876,7
23877,2
23878,7
23879,10
23880,8
23881,8
23882,8
23883,1
23884,5
23885,7
23886,10
23887,5
23888,10
23889,9
23890,4
23891,4
23892,9
23893,4
23894,7
23895,8
23896,4
23897,10
23898,4
23899,6
23900,1
23901,2
23902,6
23903,8
23904,10
23905,7
23906,7
23907,7
23908,9
23909,7
23910,7
23911,7
23912,7
23913,1
23914,5
23915,5
23916,9
23917,7
23918,5
23919,9
23920,2
23921,9
23922,6
23923,9
23924,10
23925,6
23926,9
23927,6
23928,5
23929,6
23930,1
23931,5
23932,1
23933,1
23934,5
23935,7
23936,4
23937,5
23938,7
23939,9
23940,10
23941,5
23942,5
23943,6
23944,4
23945,2
23946,2
23947,9
23948,4
23949,3
23950,6
23951,5
23952,1
23953,1
23954,9
23955,3
23956,9
23957,7
23958,9
23959,7
23960,7
23961,5
23962,5
23963,5
23964,4
23965,9
23966,7
23967,7
23968,7
23969,1
23970,1
23971,7
23972,7
23973,7
23974,6
23975,2
23976,2
23977,9
23978,2
23979,2
23980,9
23981,1
23982,2
23983,3
23984,5
23985,1
23986,1
23987,7
23988,5
23989,9
23990,5
23991,7
23992,5
23993,7
23994,7
23995,1
23996,5
23997,7
23998,5
23999,5
24000,5
24001,5
24002,10
24003,10
24004,5
24005,5
24006,9
24007,4
24008,4
24009,4
24010,5
24011,7
24012,2
24013,9
24014,10
24015,9
24016,8
24017,2
24018,2
24019,2
24020,9
24021,8
24022,1
24023,8
24024,8
24025,10
24026,6
24027,9
24028,6
24029,2
24030,9
24031,5
24032,1
24033,9
24034,5
24035,9
24036,9
24037,9
24038,4
24039,10
24040,10
24041,3
24042,7
24043,10
24044,2
24045,4
24046,10
24047,10
24048,6
24049,10
24050,6
24051,10
24052,4
24053,10
24054,10
24055,2
24056,4
24057,6
24058,10
24059,7
24060,9
24061,9
24062,9
24063,2
24064,7
24065,7
24066,7
24067,6
24068,7
24069,7
24070,5
24071,7
24072,6
24073,5
24074,10
24075,5
24076,4
24077,4
24078,7
24079,7
24080,7
24081,7
24082,6
24083,3
24084,5
24085,1
24086,1
24087,7
24088,5
24089,6
24090,7
24091,3
24092,10
24093,4
24094,6
24095,7
24096,2
24097,4
24098,1
24099,5
24100,1
24101,5
24102,1
24103,7
24104,10
24105,7
24106,8
24107,2
24108,2
24109,9
24110,2
24111,10
24112,4
24113,8
24114,1
24115,6
24116,5
24117,5
24118,10
24119,10
24120,9
24121,4
24122,4
24123,4
24124,5
24125,10
24126,9
24127,2
24128,2
24129,2
24130,9
24131,1
24132,5
24133,1
24134,9
24135,7
24136,1
24137,7
24138,5
24139,7
24140,7
24141,7
24142,7
24143,7
24144,5
24145,4
24146,10
24147,5
24148,10
24149,10
24150,6
24151,3
24152,4
24153,7
24154,2
24155,9
24156,7
24157,2
24158,7
24159,2
24160,6
24161,6
24162,2
24163,1
24164,1
24165,4
24166,6
24167,9
24168,10
24169,2
24170,4
24171,5
24172,5
24173,10
24174,4
24175,7
24176,10
24177,8
24178,8
24179,4
24180,5
24181,10
24182,6
24183,4
24184,9
24185,4
24186,6
24187,8
24188,4
24189,1
24190,10
24191,10
24192,10
24193,10
24194,5
24195,10
24196,10
24197,6
24198,3
24199,4
24200,1
24201,6
24202,7
24203,6
24204,10
24205,6
24206,5
24207,5
24208,7
24209,1
24210,10
24211,6
24212,1
24213,6
24214,1
24215,5
24216,1
24217,9
24218,10
24219,3
24220,6
24221,6
24222,5
24223,5
24224,3
24225,7
24226,10
24227,7
24228,1
24229,5
24230,1
24231,6
24232,10
24233,10
24234,10
24235,4
24236,2
24237,9
24238,4
24239,4
24240,1
24241,5
24242,1
24243,1
24244,5
24245,5
24246,8
24247,1
24248,10
24249,5
24250,5
24251,5
24252,6
24253,10
24254,10
24255,10
24256,5
24257,10
24258,5
24259,5
24260,4
24261,5
24262,4
24263,8
24264,4
24265,3
24266,4
24267,8
24268,4
24269,9
24270,8
24271,5
24272,8
24273,10
24274,6
24275,4
24276,4
24277,5
24278,8
24279,2
24280,10
24281,2
24282,2
24283,6
24284,8
24285,10
24286,10
24287,6
24288,10
24289,10
24290,10
24291,10
24292,6
24293,10
24294,10
24295,10
24296,10
24297,10
24298,10
24299,6
24300,10
24301,10
24302,8
24303,6
24304,3
24305,10
24306,5
24307,5
24308,4
24309,4
24310,7
24311,5
24312,5
24313,4
24314,6
24315,5
24316,5
24317,7
24318,9
24319,10
24320,10
24321,4
24322,4
24323,4
24324,6
24325,4
24326,8
24327,5
24328,7
24329,9
24330,8
24331,1
24332,6
24333,5
24334,10
24335,4
24336,4
24337,1
24338,8
24339,3
24340,1
24341,1
24342,7
24343,7
24344,5
24345,4
24346,5
24347,10
24348,10
24349,10
24350,10
24351,10
24352,10
24353,10
24354,4
24355,5
24356,4
24357,4
24358,5
24359,8
24360,10
24361,5
24362,5
24363,5
24364,5
24365,10
24366,5
24367,1
24368,10
24369,9
24370,9
24371,3
24372,9
24373,4
24374,4
24375,2
24376,9
24377,6
24378,10
24379,9
24380,3
24381,10
24382,7
24383,8
24384,9
24385,9
24386,4
24387,4
24388,9
24389,9
24390,4
24391,9
24392,9
24393,4
24394,4
24395,10
24396,10
24397,4
24398,4
24399,6
24400,4
24401,4
24402,4
24403,3
24404,6
24405,8
24406,10
24407,4
24408,5
24409,10
24410,10
24411,1
24412,6
24413,5
24414,5
24415,10
24416,10
24417,5
24418,4
24419,9
24420,2
24421,1
24422,10
24423,5
24424,4
24425,2
24426,8
24427,8
24428,8
24429,5
24430,6
24431,10
24432,8
24433,4
24434,10
24435,4
24436,10
24437,10
24438,10
24439,5
24440,4
24441,9
24442,4
24443,6
24444,5
24445,3
24446,5
24447,9
24448,7
24449,9
24450,6
24451,5
24452,5
24453,5
24454,10
24455,10
24456,5
24457,10
24458,6
24459,5
24460,10
24461,10
24462,4
24463,4
24464,9
24465,6
24466,5
24467,4
24468,5
24469,3
24470,10
24471,10
24472,4
24473,4
24474,6
24475,4
24476,4
24477,6
24478,10
24479,10
24480,10
24481,5
24482,10
24483,10
24484,10
24485,10
24486,10
24487,5
24488,4
24489,8
24490,10
24491,4
24492,9
24493,2
24494,9
24495,2
24496,5
24497,4
24498,2
24499,8
24500,4
24501,8
24502,4
24503,8
24504,3
24505,9
24506,8
24507,2
24508,2
24509,8
24510,9
24511,9
24512,10
24513,9
24514,5
24515,4
24516,5
24517,9
24518,6
24519,10
24520,6
24521,1
24522,6
24523,7
24524,5
24525,10
24526,10
24527,4
24528,8
24529,5
24530,2
24531,4
24532,10
24533,5
24534,5
24535,10
24536,10
24537,5
24538,10
24539,10
24540,10
24541,5
24542,6
24543,5
24544,10
24545,2
24546,4
24547,2
24548,2
24549,6
24550,1
24551,9
24552,9
24553,3
24554,5
24555,3
24556,9
24557,1
24558,5
24559,7
24560,6
24561,5
24562,5
24563,10
24564,5
24565,5
24566,5
24567,10
24568,3
24569,4
24570,6
24571,4
24572,4
24573,4
24574,8
24575,4
24576,4
24577,5
24578,5
24579,6
24580,10
24581,10
24582,6
24583,1
24584,1
24585,3
24586,1
24587,5
24588,4
24589,5
24590,10
24591,4
24592,4
24593,8
24594,1
24595,7
24596,10
24597,5
24598,10
24599,4
24600,10
24601,8
24602,4
24603,9
24604,10
24605,10
24606,9
24607,3
24608,4
24609,7
24610,4
24611,6
24612,4
24613,10
24614,10
24615,10
24616,10
24617,2
24618,2
24619,2
24620,2
24621,10
24622,9
24623,10
24624,10
24625,10
24626,1
24627,5
24628,10
24629,3
24630,4
24631,5
24632,5
24633,10
24634,10
24635,9
24636,9
24637,2
24638,2
24639,10
24640,6
24641,5
24642,10
24643,10
24644,4
24645,7
24646,7
24647,6
24648,2
24649,9
24650,4
24651,9
24652,4
24653,8
24654,6
24655,5
24656,10
24657,4
24658,9
24659,2
24660,2
24661,2
24662,2
24663,2
24664,2
24665,10
24666,5
24667,10
24668,4
24669,4
24670,2
24671,2
24672,2
24673,2
24674,2
24675,7
24676,7
24677,2
24678,2
24679,2
24680,4
24681,5
24682,9
24683,5
24684,7
24685,5
24686,7
24687,5
24688,10
24689,10
24690,4
24691,5
24692,4
24693,4
24694,4
24695,8
24696,8
24697,1
24698,1
24699,5
24700,4
24701,4
24702,7
24703,5
24704,10
24705,7
24706,10
24707,6
24708,7
24709,10
24710,10
24711,10
24712,10
24713,10
24714,10
24715,10
24716,10
24717,8
24718,8
24719,9
24720,6
24721,9
24722,4
24723,9
24724,6
24725,10
24726,10
24727,10
24728,6
24729,8
24730,9
24731,2
24732,8
24733,9
24734,2
24735,9
24736,9
24737,5
24738,8
24739,10
24740,10
24741,5
24742,4
24743,10
24744,4
24745,10
24746,5
24747,8
24748,4
24749,5
24750,2
24751,2
24752,2
24753,6
24754,1
24755,3
24756,10
24757,10
24758,10
24759,10
24760,5
24761,9
24762,4
24763,9
24764,3
24765,4
24766,4
24767,9
24768,8
24769,8
24770,3
24771,10
24772,4
24773,4
24774,5
24775,3
24776,1
24777,5
24778,10
24779,10
24780,5
24781,6
24782,8
24783,4
24784,4
24785,9
24786,2
24787,10
24788,9
24789,10
24790,10
24791,2
24792,2
24793,8
24794,1
24795,9
24796,1
24797,5
24798,5
24799,4
24800,4
24801,4
24802,9
24803,5
24804,8
24805,10
24806,5
24807,5
24808,9
24809,5
24810,10
24811,4
24812,5
24813,5
24814,8
24815,3
24816,7
24817,9
24818,5
24819,5
24820,10
24821,4
24822,3
24823,4
24824,5
24825,10
24826,10
24827,4
24828,9
24829,5
24830,5
24831,7
24832,7
24833,10
24834,10
24835,10
24836,4
24837,9
24838,5
24839,4
24840,5
24841,2
24842,6
24843,7
24844,10
24845,4
24846,2
24847,5
24848,6
24849,8
24850,3
24851,5
24852,10
24853,10
24854,5
24855,5
24856,5
24857,10
24858,5
24859,5
24860,10
24861,10
24862,10
24863,4
24864,4
24865,5
24866,10
24867,4
24868,2
24869,5
24870,10
24871,5
24872,5
24873,6
24874,4
24875,4
24876,9
24877,10
24878,5
24879,10
24880,10
24881,9
24882,4
24883,8
24884,3
24885,3
24886,4
24887,7
24888,10
24889,4
24890,10
24891,10
24892,10
24893,10
24894,4
24895,10
24896,10
24897,10
24898,10
24899,10
24900,10
24901,10
24902,10
24903,10
24904,4
24905,10
24906,10
24907,10
24908,10
24909,10
24910,10
24911,10
24912,10
24913,10
24914,10
24915,10
24916,10
24917,10
24918,6
24919,10
24920,10
24921,10
24922,10
24923,7
24924,5
24925,10
24926,7
24927,10
24928,10
24929,6
24930,6
24931,10
24932,6
24933,10
24934,10
24935,7
24936,3
24937,4
24938,9
24939,9
24940,9
24941,8
24942,8
24943,6
24944,8
24945,4
24946,4
24947,5
24948,2
24949,5
24950,5
24951,5
24952,5
24953,5
24954,5
24955,5
24956,9
24957,5
24958,4
24959,7
24960,10
24961,5
24962,9
24963,5
24964,5
24965,10
24966,10
24967,5
24968,10
24969,10
24970,8
24971,4
24972,4
24973,5
24974,5
24975,10
24976,10
24977,10
24978,6
24979,9
24980,10
24981,10
24982,10
24983,10
24984,6
24985,10
24986,5
24987,3
24988,1
24989,3
24990,6
24991,7
24992,10
24993,10
24994,5
24995,6
24996,5
24997,10
24998,10
24999,10
25000,5
25001,9
25002,4
25003,8
25004,4
25005,9
25006,4
25007,4
25008,4
25009,9
25010,9
25011,4
25012,4
25013,4
25014,4
25015,10
25016,4
25017,4
25018,9
25019,4
25020,9
25021,2
25022,2
25023,10
25024,4
25025,9
25026,7
25027,10
25028,5
25029,5
25030,6
25031,9
25032,3
25033,4
25034,9
25035,4
25036,4
25037,9
25038,4
25039,4
25040,10
25041,9
25042,9
25043,9
25044,9
25045,9
25046,9
25047,9
25048,4
25049,4
25050,9
25051,10
25052,5
25053,10
25054,9
25055,2
25056,6
25057,1
25058,5
25059,5
25060,4
25061,2
25062,10
25063,10
25064,10
25065,10
25066,10
25067,3
25068,4
25069,4
25070,10
25071,9
25072,5
25073,10
25074,4
25075,10
25076,3
25077,8
25078,2
25079,9
25080,5
25081,3
25082,1
25083,8
25084,8
25085,5
25086,5
25087,10
25088,5
25089,9
25090,4
25091,4
25092,4
25093,4
25094,10
25095,2
25096,2
25097,2
25098,2
25099,2
25100,9
25101,6
25102,9
25103,2
25104,2
25105,6
25106,2
25107,8
25108,8
25109,8
25110,9
25111,4
25112,4
25113,9
25114,3
25115,4
25116,10
25117,4
25118,7
25119,6
25120,7
25121,5
25122,10
25123,10
25124,9
25125,4
25126,5
25127,8
25128,3
25129,4
25130,10
25131,10
25132,4
25133,4
25134,7
25135,5
25136,9
25137,2
25138,3
25139,2
25140,2
25141,9
25142,10
25143,4
25144,6
25145,9
25146,10
25147,10
25148,9
25149,4
25150,10
25151,6
25152,10
25153,10
25154,5
25155,2
25156,2
25157,2
25158,2
25159,5
25160,9
25161,6
25162,5
25163,5
25164,4
25165,2
25166,2
25167,2
25168,4
25169,4
25170,5
25171,10
25172,5
25173,10
25174,5
25175,4
25176,7
25177,7
25178,6
25179,10
25180,4
25181,2
25182,2
25183,5
25184,9
25185,9
25186,5
25187,7
25188,7
25189,7
25190,7
25191,5
25192,9
25193,5
25194,4
25195,5
25196,5
25197,10
25198,5
25199,10
25200,5
25201,10
25202,5
25203,3
25204,8
25205,4
25206,5
25207,5
25208,4
25209,4
25210,5
25211,4
25212,9
25213,9
25214,8
25215,6
25216,5
25217,3
25218,1
25219,4
25220,9
25221,9
25222,4
25223,4
25224,5
25225,10
25226,10
25227,10
25228,10
25229,10
25230,4
25231,9
25232,5
25233,5
25234,1
25235,1
25236,10
25237,4
25238,1
25239,4
25240,4
25241,10
25242,4
25243,10
25244,10
25245,9
25246,9
25247,9
25248,5
25249,2
25250,2
25251,8
25252,9
25253,6
25254,2
25255,6
25256,6
25257,10
25258,1
25259,2
25260,9
25261,4
25262,6
25263,3
25264,10
25265,10
25266,10
25267,10
25268,5
25269,10
25270,10
25271,5
25272,5
25273,10
25274,9
25275,9
25276,10
25277,5
25278,6
25279,3
25280,4
25281,4
25282,9
25283,7
25284,4
25285,4
25286,5
25287,3
25288,2
25289,9
25290,9
25291,10
25292,10
25293,5
25294,3
25295,9
25296,8
25297,9
25298,6
25299,5
25300,3
25301,7
25302,10
25303,10
25304,10
25305,5
25306,10
25307,5
25308,4
25309,6
25310,4
25311,1
25312,3
25313,10
25314,5
25315,10
25316,10
25317,10
25318,10
25319,10
25320,10
25321,9
25322,4
25323,4
25324,2
25325,9
25326,7
25327,1
25328,5
25329,7
25330,10
25331,10
25332,10
25333,10
25334,10
25335,10
25336,10
25337,4
25338,9
25339,4
25340,4
25341,5
25342,5
25343,5
25344,5
25345,7
25346,6
25347,10
25348,10
25349,10
25350,10
25351,5
25352,10
25353,6
25354,5
25355,5
25356,3
25357,1
25358,9
25359,3
25360,8
25361,1
25362,4
25363,5
25364,4
25365,3
25366,3
25367,9
25368,4
25369,5
25370,4
25371,4
25372,4
25373,10
25374,10
25375,5
25376,9
25377,7
25378,10
25379,10
25380,4
25381,3
25382,9
25383,10
25384,4
25385,5
25386,9
25387,7
25388,10
25389,10
25390,10
25391,5
25392,5
25393,9
25394,9
25395,9
25396,7
25397,5
25398,5
25399,3
25400,7
25401,4
25402,4
25403,3
25404,10
25405,7
25406,6
25407,9
25408,2
25409,9
25410,9
25411,9
25412,9
25413,2
25414,1
25415,7
25416,3
25417,9
25418,7
25419,2
25420,9
25421,2
25422,2
25423,9
25424,2
25425,2
25426,4
25427,3
25428,2
25429,2
25430,8
25431,6
25432,6
25433,9
25434,10
25435,8
25436,8
25437,6
25438,9
25439,6
25440,10
25441,10
25442,10
25443,8
25444,1
25445,1
25446,7
25447,10
25448,10
25449,10
25450,10
25451,5
25452,10
25453,10
25454,7
25455,7
25456,4
25457,6
25458,7
25459,5
25460,8
25461,3
25462,5
25463,10
25464,7
25465,4
25466,1
25467,6
25468,7
25469,5
25470,3
25471,5
25472,5
25473,6
25474,5
25475,4
25476,4
25477,2
25478,4
25479,9
25480,1
25481,5
25482,5
25483,7
25484,7
25485,7
25486,7
25487,5
25488,10
25489,4
25490,1
25491,5
25492,5
25493,5
25494,5
25495,10
25496,5
25497,5
25498,4
25499,9
25500,4
25501,6
25502,6
25503,7
25504,1
25505,1
25506,5
25507,6
25508,5
25509,6
25510,5
25511,6
25512,5
25513,7
25514,5
25515,8
25516,6
25517,7
25518,9
25519,7
25520,7
25521,7
25522,1
25523,7
25524,7
25525,6
25526,5
25527,10
25528,5
25529,5
25530,5
25531,5
25532,4
25533,4
25534,4
25535,5
25536,4
25537,5
25538,5
25539,8
25540,9
25541,7
25542,4
25543,9
25544,9
25545,9
25546,8
25547,4
25548,10
25549,8
25550,8
25551,4
25552,10
25553,6
25554,6
25555,4
25556,4
25557,4
25558,9
25559,8
25560,4
25561,10
25562,9
25563,6
25564,4
25565,4
25566,10
25567,6
25568,5
25569,4
25570,5
25571,5
25572,1
25573,7
25574,10
25575,6
25576,6
25577,5
25578,5
25579,6
25580,8
25581,4
25582,1
25583,5
25584,10
25585,6
25586,10
25587,3
25588,5
25589,5
25590,5
25591,5
25592,10
25593,7
25594,7
25595,7
25596,7
25597,4
25598,10
25599,2
25600,2
25601,8
25602,10
25603,2
25604,2
25605,7
25606,9
25607,1
25608,9
25609,1
25610,10
25611,3
25612,5
25613,7
25614,1
25615,7
25616,8
25617,7
25618,9
25619,6
25620,6
25621,3
25622,1
25623,7
25624,10
25625,10
25626,10
25627,7
25628,10
25629,10
25630,6
25631,10
25632,10
25633,10
25634,10
25635,4
25636,10
25637,10
25638,10
25639,10
25640,10
25641,6
25642,10
25643,10
25644,7
25645,7
25646,7
25647,10
25648,5
25649,3
25650,7
25651,5
25652,4
25653,6
25654,4
25655,9
25656,9
25657,2
25658,5
25659,3
25660,5
25661,9
25662,1
25663,1
25664,5
25665,4
25666,5
25667,5
25668,7
25669,5
25670,4
25671,4
25672,7
25673,7
25674,5
25675,1
25676,9
25677,5
25678,6
25679,7
25680,9
25681,8
25682,9
25683,7
25684,6
25685,7
25686,5
25687,4
25688,5
25689,2
25690,4
25691,3
25692,2
25693,1
25694,3
25695,9
25696,5
25697,1
25698,5
25699,10
25700,10
25701,4
25702,5
25703,8
25704,9
25705,8
25706,6
25707,1
25708,7
25709,5
25710,6
25711,7
25712,5
25713,7
25714,7
25715,5
25716,3
25717,5
25718,5
25719,1
25720,7
25721,1
25722,1
25723,1
25724,6
25725,1
25726,1
25727,6
25728,5
25729,10
25730,10
25731,5
25732,10
25733,10
25734,10
25735,9
25736,4
25737,5
25738,4
25739,4
25740,9
25741,5
25742,4
25743,5
25744,5
25745,7
25746,7
25747,5
25748,7
25749,5
25750,7
25751,8
25752,8
25753,4
25754,4
25755,5
25756,9
25757,8
25758,8
25759,4
25760,9
25761,9
25762,4
25763,9
25764,9
25765,4
25766,4
25767,7
25768,6
25769,7
25770,9
25771,3
25772,6
25773,6
25774,8
25775,1
25776,10
25777,4
25778,6
25779,4
25780,4
25781,8
25782,4
25783,9
25784,4
25785,3
25786,6
25787,7
25788,1
25789,1
25790,7
25791,6
25792,1
25793,5
25794,9
25795,9
25796,1
25797,7
25798,5
25799,5
25800,10
25801,6
25802,5
25803,9
25804,2
25805,1
25806,9
25807,5
25808,7
25809,4
25810,4
25811,7
25812,7
25813,2
25814,9
25815,9
25816,8
25817,2
25818,3
25819,7
25820,7
25821,2
25822,9
25823,2
25824,1
25825,7
25826,6
25827,9
25828,9
25829,7
25830,6
25831,7
25832,7
25833,7
25834,7
25835,6
25836,3
25837,4
25838,7
25839,9
25840,7
25841,1
25842,1
25843,1
25844,10
25845,8
25846,6
25847,9
25848,2
25849,7
25850,7
25851,7
25852,7
25853,6
25854,7
25855,7
25856,1
25857,7
25858,7
25859,7
25860,7
25861,7
25862,6
25863,7
25864,4
25865,7
25866,3
25867,5
25868,2
25869,9
25870,2
25871,8
25872,1
25873,1
25874,1
25875,6
25876,5
25877,7
25878,1
25879,1
25880,5
25881,7
25882,7
25883,6
25884,5
25885,5
25886,4
25887,4
25888,1
25889,7
25890,7
25891,5
25892,5
25893,10
25894,10
25895,10
25896,10
25897,5
25898,5
25899,4
25900,8
25901,2
25902,2
25903,8
25904,6
25905,1
25906,7
25907,5
25908,7
25909,5
25910,7
25911,10
25912,5
25913,5
25914,5
25915,1
25916,5
25917,6
25918,10
25919,10
25920,4
25921,8
25922,4
25923,4
25924,7
25925,7
25926,3
25927,9
25928,4
25929,3
25930,9
25931,6
25932,9
25933,6
25934,9
25935,3
25936,2
25937,1
25938,5
25939,5
25940,5
25941,1
25942,1
25943,1
25944,6
25945,2
25946,2
25947,2
25948,7
25949,4
25950,7
25951,9
25952,1
25953,7
25954,7
25955,7
25956,7
25957,7
25958,7
25959,7
25960,7
25961,7
25962,7
25963,4
25964,10
25965,10
25966,4
25967,5
25968,10
25969,10
25970,7
25971,9
25972,8
25973,4
25974,4
25975,3
25976,10
25977,6
25978,9
25979,7
25980,7
25981,1
25982,10
25983,4
25984,10
25985,4
25986,5
25987,1
25988,1
25989,4
25990,1
25991,8
25992,10
25993,10
25994,7
25995,10
25996,8
25997,10
25998,1
25999,10
26000,9
26001,9
26002,7
26003,7
26004,7
26005,7
26006,1
26007,5
26008,1
26009,1
26010,1
26011,7
26012,5
26013,7
26014,5
26015,7
26016,5
26017,5
26018,5
26019,4
26020,8
26021,5
26022,4
26023,7
26024,7
26025,7
26026,7
26027,7
26028,7
26029,7
26030,7
26031,7
26032,7
26033,7
26034,9
26035,7
26036,7
26037,7
26038,9
26039,7
26040,2
26041,9
26042,7
26043,8
26044,2
26045,1
26046,8
26047,5
26048,5
26049,6
26050,10
26051,2
26052,7
26053,7
26054,7
26055,2
26056,10
26057,3
26058,6
26059,5
26060,7
26061,5
26062,5
26063,5
26064,7
26065,7
26066,5
26067,10
26068,5
26069,9
26070,4
26071,4
26072,5
26073,6
26074,7
26075,9
26076,8
26077,2
26078,2
26079,2
26080,6
26081,3
26082,7
26083,8
26084,6
26085,7
26086,1
26087,1
26088,1
26089,5
26090,5
26091,5
26092,4
26093,4
26094,4
26095,2
26096,4
26097,2
26098,7
26099,1
26100,5
26101,7
26102,5
26103,7
26104,7
26105,5
26106,10
26107,10
26108,3
26109,7
26110,7
26111,9
26112,7
26113,5
26114,5
26115,10
26116,10
26117,3
26118,9
26119,5
26120,4
26121,5
26122,4
26123,5
26124,4
26125,5
26126,7
26127,2
26128,9
26129,10
26130,9
26131,4
26132,6
26133,6
26134,5
26135,5
26136,5
26137,5
26138,7
26139,1
26140,7
26141,7
26142,7
26143,7
26144,5
26145,5
26146,6
26147,7
26148,7
26149,7
26150,5
26151,10
26152,10
26153,10
26154,10
26155,5
26156,5
26157,8
26158,5
26159,4
26160,4
26161,5
26162,7
26163,5
26164,5
26165,5
26166,10
26167,2
26168,5
26169,9
26170,1
26171,5
26172,7
26173,7
26174,7
26175,6
26176,7
26177,4
26178,6
26179,8
26180,6
26181,10
26182,4
26183,4
26184,6
26185,8
26186,4
26187,4
26188,7
26189,7
26190,6
26191,5
26192,5
26193,10
26194,1
26195,2
26196,9
26197,2
26198,9
26199,4
26200,2
26201,2
26202,2
26203,2
26204,2
26205,7
26206,7
26207,1
26208,7
26209,7
26210,1
26211,7
26212,7
26213,7
26214,7
26215,3
26216,9
26217,7
26218,9
26219,7
26220,9
26221,7
26222,6
26223,3
26224,2
26225,1
26226,5
26227,7
26228,5
26229,10
26230,6
26231,9
26232,8
26233,1
26234,3
26235,3
26236,5
26237,7
26238,7
26239,7
26240,9
26241,4
26242,4
26243,4
26244,2
26245,2
26246,9
26247,7
26248,5
26249,10
26250,2
26251,1
26252,5
26253,1
26254,1
26255,9
26256,8
26257,1
26258,3
26259,6
26260,5
26261,3
26262,9
26263,2
26264,1
26265,10
26266,6
26267,7
26268,2
26269,2
26270,2
26271,2
26272,2
26273,7
26274,7
26275,7
26276,1
26277,5
26278,7
26279,6
26280,5
26281,4
26282,5
26283,2
26284,9
26285,9
26286,7
26287,10
26288,10
26289,2
26290,9
26291,9
26292,4
26293,10
26294,10
26295,2
26296,9
26297,2
26298,2
26299,1
26300,9
26301,3
26302,1
26303,5
26304,1
26305,7
26306,7
26307,7
26308,7
26309,7
26310,7
26311,7
26312,5
26313,5
26314,10
26315,5
26316,10
26317,5
26318,10
26319,5
26320,10
26321,8
26322,5
26323,4
26324,5
26325,10
26326,2
26327,7
26328,1
26329,10
26330,9
26331,6
26332,9
26333,6
26334,1
26335,5
26336,7
26337,7
26338,6
26339,10
26340,7
26341,7
26342,5
26343,8
26344,2
26345,5
26346,7
26347,9
26348,9
26349,6
26350,8
26351,7
26352,6
26353,5
26354,10
26355,10
26356,10
26357,4
26358,5
26359,3
26360,5
26361,5
26362,10
26363,5
26364,8
26365,4
26366,2
26367,5
26368,2
26369,9
26370,7
26371,8
26372,7
26373,1
26374,7
26375,8
26376,6
26377,6
26378,5
26379,6
26380,3
26381,5
26382,7
26383,4
26384,5
26385,10
26386,6
26387,5
26388,4
26389,1
26390,1
26391,7
26392,7
26393,3
26394,9
26395,5
26396,1
26397,6
26398,5
26399,7
26400,10
26401,5
26402,10
26403,6
26404,5
26405,7
26406,8
26407,4
26408,4
26409,4
26410,4
26411,8
26412,8
26413,6
26414,6
26415,9
26416,9
26417,9
26418,10
26419,7
26420,9
26421,2
26422,2
26423,5
26424,6
26425,7
26426,7
26427,5
26428,10
26429,5
26430,8
26431,4
26432,4
26433,2
26434,2
26435,4
26436,10
26437,10
26438,10
26439,5
26440,4
26441,1
26442,4
26443,6
26444,4
26445,3
26446,10
26447,7
26448,7
26449,3
26450,10
26451,5
26452,5
26453,5
26454,8
26455,9
26456,6
26457,1
26458,9
26459,1
26460,1
26461,1
26462,9
26463,1
26464,7
26465,7
26466,5
26467,8
26468,9
26469,9
26470,10
26471,5
26472,1
26473,7
26474,6
26475,4
26476,10
26477,7
26478,3
26479,1
26480,10
26481,10
26482,5
26483,5
26484,5
26485,4
26486,9
26487,9
26488,9
26489,9
26490,9
26491,3
26492,4
26493,9
26494,4
26495,7
26496,7
26497,10
26498,1
26499,1
26500,5
26501,5
26502,4
26503,4
26504,4
26505,4
26506,9
26507,2
26508,7
26509,4
26510,9
26511,3
26512,6
26513,8
26514,10
26515,10
26516,5
26517,8
26518,4
26519,10
26520,8
26521,5
26522,5
26523,1
26524,3
26525,10
26526,1
26527,1
26528,5
26529,7
26530,1
26531,5
26532,7
26533,7
26534,7
26535,7
26536,7
26537,5
26538,6
26539,10
26540,10
26541,10
26542,5
26543,10
26544,9
26545,5
26546,3
26547,8
26548,5
26549,4
26550,5
26551,4
26552,4
26553,4
26554,5
26555,4
26556,9
26557,2
26558,9
26559,9
26560,8
26561,7
26562,7
26563,9
26564,7
26565,8
26566,8
26567,9
26568,5
26569,2
26570,1
26571,7
26572,4
26573,9
26574,10
26575,10
26576,6
26577,3
26578,10
26579,10
26580,10
26581,10
26582,10
26583,10
26584,10
26585,10
26586,6
26587,6
26588,10
26589,10
26590,6
26591,8
26592,1
26593,3
26594,10
26595,6
26596,8
26597,1
26598,1
26599,1
26600,6
26601,7
26602,1
26603,8
26604,3
26605,4
26606,4
26607,9
26608,4
26609,8
26610,4
26611,4
26612,4
26613,9
26614,3
26615,8
26616,5
26617,10
26618,5
26619,5
26620,9
26621,5
26622,8
26623,4
26624,7
26625,6
26626,5
26627,1
26628,6
26629,7
26630,7
26631,9
26632,5
26633,5
26634,10
26635,9
26636,4
26637,5
26638,5
26639,5
26640,9
26641,4
26642,9
26643,8
26644,4
26645,2
26646,6
26647,4
26648,4
26649,10
26650,1
26651,5
26652,10
26653,4
26654,9
26655,10
26656,5
26657,10
26658,5
26659,4
26660,4
26661,6
26662,6
26663,6
26664,10
26665,8
26666,9
26667,10
26668,6
26669,3
26670,1
26671,1
26672,8
26673,7
26674,6
26675,10
26676,5
26677,9
26678,5
26679,9
26680,9
26681,9
26682,9
26683,9
26684,8
26685,4
26686,4
26687,9
26688,1
26689,9
26690,9
26691,3
26692,7
26693,5
26694,7
26695,7
26696,10
26697,5
26698,9
26699,9
26700,2
26701,9
26702,9
26703,10
26704,3
26705,2
26706,9
26707,8
26708,7
26709,9
26710,6
26711,2
26712,9
26713,4
26714,2
26715,9
26716,2
26717,2
26718,9
26719,1
26720,2
26721,6
26722,3
26723,3
26724,9
26725,9
26726,6
26727,1
26728,9
26729,7
26730,4
26731,9
26732,4
26733,1
26734,5
26735,3
26736,10
26737,1
26738,6
26739,1
26740,5
26741,5
26742,1
26743,5
26744,6
26745,5
26746,3
26747,7
26748,1
26749,7
26750,7
26751,7
26752,7
26753,10
26754,10
26755,5
26756,5
26757,6
26758,10
26759,5
26760,5
26761,5
26762,5
26763,10
26764,5
26765,4
26766,5
26767,5
26768,5
26769,4
26770,5
26771,4
26772,4
26773,4
26774,4
26775,6
26776,7
26777,4
26778,4
26779,4
26780,9
26781,9
26782,4
26783,5
26784,7
26785,7
26786,7
26787,10
26788,4
26789,6
26790,3
26791,9
26792,9
26793,9
26794,1
26795,6
26796,6
26797,7
26798,4
26799,8
26800,4
26801,6
26802,6
26803,8
26804,5
26805,3
26806,5
26807,7
26808,5
26809,1
26810,7
26811,7
26812,7
26813,7
26814,5
26815,6
26816,5
26817,10
26818,8
26819,9
26820,1
26821,2
26822,6
26823,1
26824,1
26825,8
26826,3
26827,1
26828,1
26829,5
26830,7
26831,7
26832,7
26833,1
26834,7
26835,10
26836,9
26837,4
26838,6
26839,4
26840,10
26841,1
26842,3
26843,1
26844,1
26845,10
26846,1
26847,7
26848,5
26849,10
26850,4
26851,4
26852,7
26853,6
26854,10
26855,7
26856,7
26857,8
26858,3
26859,9
26860,9
26861,1
26862,9
26863,10
26864,10
26865,4
26866,5
26867,4
26868,5
26869,1
26870,1
26871,6
26872,3
26873,7
26874,10
26875,10
26876,10
26877,5
26878,9
26879,4
26880,9
26881,9
26882,9
26883,2
26884,2
26885,9
26886,2
26887,6
26888,6
26889,2
26890,2
26891,6
26892,9
26893,1
26894,1
26895,10
26896,5
26897,10
26898,4
26899,9
26900,5
26901,3
26902,9
26903,8
26904,1
26905,2
26906,9
26907,8
26908,1
26909,3
26910,1
26911,3
26912,8
26913,6
26914,6
26915,3
26916,1
26917,8
26918,5
26919,6
26920,4
26921,10
26922,1
26923,5
26924,1
26925,3
26926,3
26927,1
26928,1
26929,5
26930,7
26931,6
26932,5
26933,7
26934,7
26935,5
26936,5
26937,5
26938,6
26939,5
26940,4
26941,4
26942,6
26943,3
26944,7
26945,6
26946,5
26947,1
26948,7
26949,5
26950,10
26951,7
26952,2
26953,9
26954,7
26955,8
26956,4
26957,2
26958,3
26959,1
26960,1
26961,9
26962,8
26963,1
26964,6
26965,4
26966,4
26967,1
26968,3
26969,9
26970,8
26971,5
26972,5
26973,8
26974,7
26975,7
26976,7
26977,6
26978,1
26979,5
26980,10
26981,4
26982,4
26983,5
26984,9
26985,3
26986,3
26987,5
26988,7
26989,5
26990,7
26991,5
26992,10
26993,10
26994,6
26995,5
26996,4
26997,4
26998,4
26999,4
27000,4
27001,5
27002,9
27003,2
27004,2
27005,2
27006,9
27007,1
27008,9
27009,7
27010,9
27011,7
27012,5
27013,9
27014,4
27015,1
27016,5
27017,10
27018,5
27019,10
27020,7
27021,7
27022,6
27023,4
27024,10
27025,1
27026,9
27027,7
27028,7
27029,7
27030,5
27031,7
27032,5
27033,4
27034,4
27035,2
27036,7
27037,6
27038,5
27039,7
27040,9
27041,7
27042,7
27043,2
27044,3
27045,8
27046,9
27047,8
27048,1
27049,4
27050,3
27051,9
27052,7
27053,5
27054,10
27055,4
27056,4
27057,5
27058,6
27059,9
27060,3
27061,6
27062,10
27063,4
27064,7
27065,9
27066,3
27067,7
27068,7
27069,4
27070,8
27071,4
27072,7
27073,7
27074,3
27075,1
27076,7
27077,6
27078,10
27079,10
27080,5
27081,8
27082,2
27083,7
27084,10
27085,7
27086,6
27087,8
27088,9
27089,9
27090,3
27091,7
27092,7
27093,3
27094,4
27095,7
27096,7
27097,7
27098,5
27099,7
27100,5
27101,5
27102,5
27103,1
27104,3
27105,6
27106,7
27107,9
27108,4
27109,10
27110,7
27111,9
27112,8
27113,1
27114,8
27115,3
27116,9
27117,2
27118,8
27119,7
27120,3
27121,6
27122,9
27123,8
27124,1
27125,7
27126,8
27127,7
27128,7
27129,7
27130,1
27131,5
27132,5
27133,7
27134,10
27135,7
27136,7
27137,5
27138,7
27139,7
27140,5
27141,10
27142,9
27143,9
27144,6
27145,4
27146,4
27147,9
27148,5
27149,8
27150,3
27151,9
27152,1
27153,10
27154,4
27155,9
27156,4
27157,7
27158,7
27159,5
27160,5
27161,5
27162,10
27163,10
27164,7
27165,6
27166,6
27167,10
27168,10
27169,1
27170,4
27171,3
27172,6
27173,1
27174,5
27175,6
27176,7
27177,5
27178,7
27179,7
27180,10
27181,5
27182,5
27183,5
27184,7
27185,5
27186,1
27187,7
27188,7
27189,7
27190,1
27191,5
27192,10
27193,10
27194,5
27195,4
27196,1
27197,1
27198,6
27199,3
27200,7
27201,7
27202,5
27203,7
27204,7
27205,7
27206,10
27207,5
27208,6
27209,10
27210,9
27211,1
27212,7
27213,6
27214,7
27215,2
27216,2
27217,2
27218,1
27219,6
27220,6
27221,6
27222,5
27223,4
27224,1
27225,4
27226,2
27227,8
27228,8
27229,2
27230,2
27231,2
27232,9
27233,9
27234,8
27235,9
27236,4
27237,1
27238,8
27239,4
27240,6
27241,3
27242,4
27243,5
27244,5
27245,1
27246,1
27247,5
27248,5
27249,5
27250,7
27251,7
27252,10
27253,10
27254,10
27255,10
27256,4
27257,6
27258,10
27259,8
27260,3
27261,9
27262,10
27263,7
27264,7
27265,3
27266,7
27267,7
27268,1
27269,1
27270,6
27271,9
27272,8
27273,9
27274,2
27275,9
27276,3
27277,10
27278,8
27279,4
27280,9
27281,10
27282,7
27283,7
27284,5
27285,1
27286,5
27287,1
27288,7
27289,7
27290,5
27291,5
27292,10
27293,4
27294,4
27295,2
27296,9
27297,2
27298,10
27299,8
27300,4
27301,9
27302,9
27303,6
27304,6
27305,6
27306,9
27307,4
27308,7
27309,7
27310,7
27311,7
27312,7
27313,2
27314,2
27315,7
27316,7
27317,7
27318,7
27319,6
27320,9
27321,2
27322,2
27323,2
27324,2
27325,1
27326,5
27327,5
27328,5
27329,1
27330,5
27331,7
27332,7
27333,10
27334,9
27335,10
27336,9
27337,4
27338,5
27339,3
27340,3
27341,6
27342,1
27343,3
27344,6
27345,1
27346,5
27347,7
27348,7
27349,7
27350,6
27351,10
27352,9
27353,10
27354,5
27355,5
27356,5
27357,5
27358,3
27359,1
27360,7
27361,10
27362,7
27363,3
27364,4
27365,6
27366,7
27367,1
27368,10
27369,7
27370,7
27371,5
27372,9
27373,9
27374,7
27375,6
27376,3
27377,1
27378,7
27379,5
27380,7
27381,10
27382,4
27383,6
27384,7
27385,2
27386,2
27387,3
27388,9
27389,8
27390,2
27391,10
27392,3
27393,3
27394,9
27395,5
27396,5
27397,5
27398,7
27399,10
27400,10
27401,10
27402,4
27403,5
27404,4
27405,7
27406,7
27407,9
27408,7
27409,7
27410,6
27411,5
27412,8
27413,10
27414,10
27415,10
27416,4
27417,5
27418,4
27419,5
27420,9
27421,6
27422,7
27423,10
27424,1
27425,1
27426,5
27427,7
27428,9
27429,7
27430,2
27431,1
27432,8
27433,5
27434,2
27435,1
27436,9
27437,3
27438,3
27439,6
27440,10
27441,9
27442,9
27443,4
27444,4
27445,5
27446,7
27447,7
27448,7
27449,7
27450,5
27451,5
27452,10
27453,10
27454,7
27455,10
27456,4
27457,4
27458,8
27459,9
27460,4
27461,1
27462,5
27463,1
27464,1
27465,10
27466,7
27467,5
27468,5
27469,10
27470,4
27471,7
27472,6
27473,10
27474,7
27475,7
27476,5
27477,1
27478,7
27479,7
27480,1
27481,7
27482,5
27483,5
27484,7
27485,5
27486,10
27487,10
27488,4
27489,4
27490,6
27491,7
27492,2
27493,2
27494,2
27495,1
27496,8
27497,9
27498,7
27499,7
27500,5
27501,1
27502,7
27503,7
27504,10
27505,5
27506,5
27507,9
27508,4
27509,5
27510,4
27511,5
27512,10
27513,2
27514,9
27515,2
27516,2
27517,3
27518,10
27519,1
27520,10
27521,1
27522,5
27523,6
27524,5
27525,5
27526,4
27527,8
27528,4
27529,4
27530,2
27531,7
27532,10
27533,1
27534,7
27535,10
27536,2
27537,7
27538,7
27539,8
27540,9
27541,6
27542,8
27543,4
27544,1
27545,1
27546,1
27547,7
27548,5
27549,6
27550,4
27551,1
27552,10
27553,1
27554,6
27555,9
27556,9
27557,6
27558,3
27559,5
27560,7
27561,6
27562,5
27563,5
27564,7
27565,10
27566,6
27567,6
27568,4
27569,5
27570,4
27571,9
27572,7
27573,1
27574,5
27575,9
27576,10
27577,10
27578,2
27579,9
27580,10
27581,10
27582,2
27583,2
27584,2
27585,2
27586,6
27587,10
27588,1
27589,5
27590,7
27591,10
27592,9
27593,7
27594,7
27595,7
27596,2
27597,10
27598,10
27599,4
27600,2
27601,9
27602,1
27603,8
27604,5
27605,5
27606,5
27607,10
27608,10
27609,10
27610,9
27611,5
27612,10
27613,1
27614,9
27615,10
27616,9
27617,9
27618,2
27619,2
27620,9
27621,9
27622,9
27623,5
27624,9
27625,6
27626,4
27627,9
27628,3
27629,1
27630,7
27631,1
27632,5
27633,10
27634,5
27635,10
27636,5
27637,10
27638,9
27639,4
27640,5
27641,3
27642,1
27643,5
27644,7
27645,9
27646,8
27647,1
27648,7
27649,5
27650,2
27651,2
27652,5
27653,2
27654,2
27655,5
27656,2
27657,4
27658,5
27659,1
27660,5
27661,5
27662,7
27663,7
27664,1
27665,10
27666,10
27667,6
27668,4
27669,4
27670,3
27671,1
27672,7
27673,3
27674,9
27675,3
27676,6
27677,4
27678,1
27679,2
27680,2
27681,3
27682,5
27683,5
27684,7
27685,10
27686,5
27687,10
27688,3
27689,7
27690,2
27691,2
27692,6
27693,2
27694,8
27695,8
27696,8
27697,1
27698,5
27699,1
27700,1
27701,7
27702,4
27703,5
27704,4
27705,5
27706,5
27707,4
27708,2
27709,2
27710,9
27711,4
27712,9
27713,6
27714,1
27715,5
27716,5
27717,7
27718,7
27719,5
27720,5
27721,6
27722,10
27723,9
27724,10
27725,10
27726,10
27727,3
27728,5
27729,9
27730,5
27731,1
27732,7
27733,10
27734,9
27735,2
27736,2
27737,7
27738,6
27739,6
27740,5
27741,7
27742,7
27743,10
27744,10
27745,9
27746,5
27747,4
27748,7
27749,10
27750,5
27751,10
27752,2
27753,4
27754,9
27755,9
27756,1
27757,9
27758,1
27759,4
27760,8
27761,4
27762,1
27763,8
27764,10
27765,10
27766,10
27767,10
27768,1
27769,7
27770,9
27771,3
27772,8
27773,6
27774,3
27775,8
27776,7
27777,7
27778,10
27779,4
27780,1
27781,5
27782,10
27783,5
27784,4
27785,7
27786,1
27787,2
27788,8
27789,10
27790,9
27791,4
27792,9
27793,1
27794,8
27795,8
27796,2
27797,8
27798,1
27799,3
27800,9
27801,10
27802,10
27803,5
27804,5
27805,10
27806,5
27807,10
27808,8
27809,3
27810,9
27811,10
27812,10
27813,10
27814,7
27815,10
27816,10
27817,4
27818,6
27819,1
27820,6
27821,10
27822,9
27823,9
27824,3
27825,3
27826,10
27827,2
27828,6
27829,5
27830,6
27831,10
27832,5
27833,4
27834,6
27835,4
27836,6
27837,4
27838,4
27839,1
27840,6
27841,3
27842,5
27843,10
27844,4
27845,9
27846,10
27847,7
27848,3
27849,1
27850,7
27851,5
27852,5
27853,10
27854,4
27855,4
27856,9
27857,7
27858,8
27859,6
27860,5
27861,4
27862,7
27863,10
27864,5
27865,5
27866,9
27867,5
27868,2
27869,9
27870,5
27871,1
27872,5
27873,5
27874,5
27875,6
27876,9
27877,2
27878,5
27879,1
27880,5
27881,1
27882,10
27883,7
27884,1
27885,7
27886,7
27887,8
27888,7
27889,5
27890,10
27891,6
27892,4
27893,10
27894,10
27895,3
27896,4
27897,4
27898,4
27899,5
27900,6
27901,9
27902,6
27903,1
27904,5
27905,5
27906,4
27907,3
27908,2
27909,4
27910,1
27911,10
27912,10
27913,10
27914,10
27915,2
27916,2
27917,2
27918,8
27919,9
27920,4
27921,1
27922,7
27923,7
27924,5
27925,7
27926,1
27927,5
27928,5
27929,5
27930,10
27931,2
27932,8
27933,9
27934,9
27935,4
27936,10
27937,5
27938,9
27939,7
27940,7
27941,10
27942,5
27943,10
27944,10
27945,9
27946,4
27947,4
27948,4
27949,3
27950,8
27951,4
27952,9
27953,1
27954,1
27955,5
27956,7
27957,7
27958,7
27959,5
27960,10
27961,10
27962,9
27963,7
27964,10
27965,4
27966,10
27967,7
27968,2
27969,2
27970,3
27971,5
27972,1
27973,10
27974,7
27975,10
27976,5
27977,10
27978,10
27979,5
27980,5
27981,5
27982,9
27983,9
27984,8
27985,4
27986,3
27987,10
27988,10
27989,10
27990,10
27991,10
27992,6
27993,10
27994,9
27995,10
27996,10
27997,10
27998,10
27999,10
28000,10
28001,4
28002,1
28003,5
28004,7
28005,8
28006,10
28007,10
28008,5
28009,5
28010,5
28011,9
28012,9
28013,9
28014,1
28015,1
28016,10
28017,7
28018,10
28019,8
28020,3
28021,4
28022,1
28023,10
28024,10
28025,1
28026,7
28027,9
28028,9
28029,7
28030,8
28031,7
28032,10
28033,5
28034,9
28035,9
28036,8
28037,8
28038,2
28039,6
28040,4
28041,1
28042,5
28043,10
28044,4
28045,6
28046,10
28047,5
28048,8
28049,2
28050,8
28051,9
28052,9
28053,6
28054,1
28055,1
28056,5
28057,1
28058,1
28059,5
28060,1
28061,5
28062,7
28063,5
28064,10
28065,10
28066,10
28067,4
28068,8
28069,4
28070,3
28071,4
28072,9
28073,9
28074,6
28075,1
28076,8
28077,7
28078,5
28079,5
28080,5
28081,5
28082,9
28083,2
28084,1
28085,3
28086,7
28087,9
28088,10
28089,6
28090,4
28091,7
28092,8
28093,8
28094,5
28095,3
28096,9
28097,5
28098,7
28099,5
28100,7
28101,10
28102,5
28103,10
28104,5
28105,10
28106,9
28107,2
28108,3
28109,6
28110,4
28111,4
28112,5
28113,1
28114,7
28115,5
28116,9
28117,6
28118,8
28119,9
28120,4
28121,9
28122,4
28123,4
28124,4
28125,1
28126,5
28127,7
28128,1
28129,7
28130,10
28131,10
28132,1
28133,7
28134,5
28135,5
28136,1
28137,5
28138,6
28139,7
28140,10
28141,2
28142,10
28143,10
28144,5
28145,4
28146,5
28147,4
28148,4
28149,4
28150,6
28151,6
28152,6
28153,1
28154,5
28155,7
28156,5
28157,5
28158,10
28159,5
28160,4
28161,5
28162,8
28163,9
28164,9
28165,7
28166,5
28167,2
28168,10
28169,7
28170,7
28171,8
28172,5
28173,8
28174,9
28175,9
28176,7
28177,3
28178,2
28179,7
28180,1
28181,6
28182,9
28183,5
28184,1
28185,7
28186,5
28187,7
28188,7
28189,10
28190,10
28191,10
28192,10
28193,4
28194,4
28195,7
28196,9
28197,7
28198,7
28199,7
28200,4
28201,9
28202,9
28203,2
28204,9
28205,1
28206,3
28207,1
28208,5
28209,4
28210,1
28211,6
28212,1
28213,5
28214,7
28215,7
28216,1
28217,7
28218,4
28219,2
28220,2
28221,3
28222,9
28223,2
28224,1
28225,10
28226,8
28227,8
28228,6
28229,6
28230,7
28231,7
28232,1
28233,6
28234,7
28235,7
28236,2
28237,2
28238,2
28239,7
28240,5
28241,4
28242,9
28243,7
28244,1
28245,9
28246,6
28247,2
28248,4
28249,9
28250,4
28251,8
28252,10
28253,10
28254,6
28255,4
28256,4
28257,6
28258,1
28259,5
28260,6
28261,6
28262,6
28263,5
28264,7
28265,7
28266,10
28267,10
28268,5
28269,10
28270,10
28271,5
28272,4
28273,9
28274,9
28275,9
28276,1
28277,3
28278,2
28279,2
28280,1
28281,2
28282,6
28283,10
28284,9
28285,3
28286,9
28287,1
28288,4
28289,2
28290,2
28291,1
28292,8
28293,10
28294,1
28295,5
28296,9
28297,1
28298,1
28299,7
28300,8
28301,10
28302,9
28303,5
28304,4
28305,7
28306,1
28307,6
28308,5
28309,6
28310,2
28311,7
28312,7
28313,8
28314,4
28315,9
28316,9
28317,3
28318,8
28319,2
28320,5
28321,6
28322,7
28323,10
28324,10
28325,4
28326,4
28327,4
28328,6
28329,5
28330,5
28331,7
28332,7
28333,10
28334,6
28335,10
28336,4
28337,4
28338,1
28339,2
28340,9
28341,9
28342,6
28343,4
28344,9
28345,5
28346,4
28347,7
28348,5
28349,3
28350,1
28351,5
28352,9
28353,10
28354,7
28355,7
28356,7
28357,2
28358,1
28359,3
28360,9
28361,6
28362,10
28363,5
28364,6
28365,6
28366,5
28367,7
28368,7
28369,10
28370,10
28371,5
28372,10
28373,10
28374,10
28375,9
28376,8
28377,3
28378,7
28379,7
28380,7
28381,5
28382,10
28383,5
28384,5
28385,5
28386,10
28387,5
28388,4
28389,10
28390,4
28391,9
28392,7
28393,7
28394,8
28395,2
28396,8
28397,8
28398,7
28399,7
28400,9
28401,5
28402,6
28403,7
28404,5
28405,7
28406,5
28407,4
28408,4
28409,7
28410,9
28411,9
28412,2
28413,9
28414,3
28415,9
28416,9
28417,9
28418,6
28419,6
28420,9
28421,7
28422,10
28423,7
28424,3
28425,9
28426,5
28427,6
28428,5
28429,5
28430,10
28431,6
28432,9
28433,9
28434,5
28435,3
28436,7
28437,6
28438,5
28439,10
28440,2
28441,3
28442,8
28443,5
28444,1
28445,5
28446,6
28447,10
28448,5
28449,10
28450,10
28451,9
28452,5
28453,4
28454,10
28455,1
28456,7
28457,6
28458,3
28459,7
28460,8
28461,6
28462,8
28463,2
28464,9
28465,1
28466,7
28467,9
28468,9
28469,9
28470,9
28471,6
28472,6
28473,1
28474,5
28475,1
28476,5
28477,3
28478,5
28479,5
28480,7
28481,7
28482,7
28483,10
28484,10
28485,10
28486,6
28487,9
28488,5
28489,9
28490,9
28491,5
28492,7
28493,9
28494,1
28495,2
28496,8
28497,5
28498,7
28499,2
28500,5
28501,1
28502,2
28503,6
28504,9
28505,6
28506,9
28507,8
28508,9
28509,4
28510,8
28511,4
28512,1
28513,5
28514,7
28515,3
28516,4
28517,7
28518,1
28519,6
28520,8
28521,5
28522,4
28523,5
28524,5
28525,10
28526,4
28527,7
28528,2
28529,8
28530,6
28531,9
28532,7
28533,1
28534,1
28535,1
28536,1
28537,7
28538,5
28539,10
28540,10
28541,8
28542,4
28543,7
28544,7
28545,2
28546,7
28547,6
28548,2
28549,8
28550,10
28551,7
28552,5
28553,9
28554,1
28555,9
28556,7
28557,7
28558,7
28559,5
28560,10
28561,5
28562,5
28563,5
28564,5
28565,4
28566,5
28567,10
28568,1
28569,3
28570,7
28571,5
28572,5
28573,4
28574,9
28575,1
28576,4
28577,6
28578,6
28579,9
28580,1
28581,6
28582,7
28583,4
28584,10
28585,10
28586,4
28587,5
28588,5
28589,1
28590,1
28591,1
28592,5
28593,5
28594,6
28595,7
28596,10
28597,10
28598,10
28599,10
28600,4
28601,8
28602,4
28603,1
28604,5
28605,7
28606,8
28607,2
28608,7
28609,2
28610,8
28611,3
28612,8
28613,2
28614,9
28615,9
28616,6
28617,9
28618,9
28619,6
28620,3
28621,6
28622,6
28623,6
28624,4
28625,7
28626,5
28627,5
28628,1
28629,6
28630,6
28631,6
28632,3
28633,1
28634,7
28635,1
28636,5
28637,10
28638,5
28639,4
28640,7
28641,4
28642,9
28643,2
28644,9
28645,7
28646,7
28647,5
28648,8
28649,7
28650,7
28651,5
28652,6
28653,10
28654,10
28655,4
28656,3
28657,7
28658,8
28659,2
28660,6
28661,9
28662,9
28663,9
28664,7
28665,7
28666,1
28667,1
28668,6
28669,5
28670,9
28671,5
28672,9
28673,8
28674,2
28675,2
28676,2
28677,7
28678,7
28679,2
28680,1
28681,7
28682,9
28683,9
28684,4
28685,8
28686,8
28687,5
28688,5
28689,3
28690,1
28691,9
28692,4
28693,7
28694,6
28695,4
28696,5
28697,4
28698,4
28699,8
28700,4
28701,4
28702,4
28703,2
28704,8
28705,8
28706,6
28707,8
28708,6
28709,6
28710,2
28711,9
28712,6
28713,4
28714,9
28715,1
28716,5
28717,7
28718,7
28719,7
28720,9
28721,5
28722,5
28723,10
28724,5
28725,10
28726,5
28727,9
28728,4
28729,5
28730,3
28731,5
28732,9
28733,10
28734,9
28735,9
28736,1
28737,9
28738,9
28739,9
28740,9
28741,6
28742,1
28743,4
28744,10
28745,10
28746,5
28747,5
28748,9
28749,2
28750,7
28751,7
28752,1
28753,7
28754,1
28755,7
28756,7
28757,6
28758,10
28759,4
28760,8
28761,2
28762,8
28763,2
28764,6
28765,2
28766,9
28767,8
28768,5
28769,6
28770,7
28771,6
28772,9
28773,7
28774,2
28775,2
28776,5
28777,3
28778,10
28779,4
28780,4
28781,10
28782,9
28783,9
28784,6
28785,5
28786,10
28787,8
28788,1
28789,5
28790,7
28791,5
28792,1
28793,5
28794,5
28795,6
28796,6
28797,5
28798,6
28799,10
28800,10
28801,8
28802,5
28803,2
28804,5
28805,4
28806,9
28807,8
28808,9
28809,9
28810,9
28811,3
28812,4
28813,3
28814,3
28815,1
28816,10
28817,10
28818,10
28819,5
28820,3
28821,6
28822,4
28823,1
28824,7
28825,7
28826,1
28827,7
28828,1
28829,4
28830,7
28831,5
28832,2
28833,2
28834,8
28835,4
28836,10
28837,9
28838,10
28839,6
28840,10
28841,10
28842,6
28843,6
28844,3
28845,5
28846,6
28847,9
28848,7
28849,9
28850,5
28851,5
28852,6
28853,7
28854,5
28855,6
28856,5
28857,4
28858,5
28859,9
28860,2
28861,8
28862,9
28863,9
28864,9
28865,6
28866,1
28867,5
28868,7
28869,7
28870,7
28871,7
28872,10
28873,10
28874,10
28875,5
28876,5
28877,5
28878,8
28879,4
28880,1
28881,1
28882,7
28883,7
28884,9
28885,7
28886,5
28887,5
28888,10
28889,4
28890,5
28891,7
28892,9
28893,9
28894,4
28895,3
28896,5
28897,5
28898,4
28899,1
28900,6
28901,7
28902,5
28903,10
28904,5
28905,4
28906,4
28907,4
28908,6
28909,5
28910,6
28911,5
28912,7
28913,9
28914,3
28915,5
28916,10
28917,5
28918,4
28919,2
28920,6
28921,7
28922,7
28923,7
28924,7
28925,1
28926,6
28927,7
28928,7
28929,7
28930,1
28931,5
28932,5
28933,1
28934,7
28935,10
28936,6
28937,5
28938,4
28939,4
28940,2
28941,2
28942,2
28943,10
28944,3
28945,7
28946,9
28947,7
28948,6
28949,9
28950,9
28951,8
28952,6
28953,10
28954,9
28955,3
28956,1
28957,9
28958,1
28959,5
28960,7
28961,5
28962,7
28963,4
28964,10
28965,5
28966,6
28967,4
28968,7
28969,7
28970,5
28971,7
28972,3
28973,1
28974,5
28975,7
28976,5
28977,10
28978,10
28979,10
28980,10
28981,8
28982,9
28983,8
28984,8
28985,9
28986,9
28987,4
28988,1
28989,6
28990,4
28991,10
28992,4
28993,5
28994,6
28995,5
28996,7
28997,10
28998,5
28999,9
29000,7
29001,7
29002,3
29003,5
29004,1
29005,10
29006,5
29007,6
29008,10
29009,4
29010,4
29011,2
29012,3
29013,2
29014,2
29015,8
29016,7
29017,1
29018,5
29019,10
29020,6
29021,7
29022,7
29023,9
29024,9
29025,1
29026,4
29027,9
29028,7
29029,5
29030,10
29031,9
29032,5
29033,4
29034,10
29035,10
29036,5
29037,9
29038,2
29039,2
29040,2
29041,9
29042,9
29043,4
29044,9
29045,9
29046,2
29047,6
29048,4
29049,7
29050,10
29051,6
29052,5
29053,5
29054,10
29055,9
29056,9
29057,10
29058,10
29059,10
29060,10
29061,10
29062,10
29063,6
29064,1
29065,1
29066,5
29067,10
29068,2
29069,7
29070,9
29071,9
29072,9
29073,1
29074,6
29075,8
29076,8
29077,4
29078,6
29079,4
29080,9
29081,10
29082,8
29083,5
29084,4
29085,5
29086,2
29087,5
29088,9
29089,4
29090,10
29091,5
29092,3
29093,3
29094,1
29095,9
29096,10
29097,9
29098,4
29099,5
29100,8
29101,8
29102,6
29103,5
29104,5
29105,4
29106,8
29107,2
29108,3
29109,2
29110,6
29111,9
29112,9
29113,10
29114,4
29115,6
29116,7
29117,9
29118,5
29119,4
29120,8
29121,2
29122,2
29123,8
29124,10
29125,10
29126,10
29127,5
29128,1
29129,3
29130,5
29131,7
29132,10
29133,10
29134,10
29135,10
29136,10
29137,4
29138,8
29139,8
29140,8
29141,10
29142,3
29143,4
29144,5
29145,5
29146,6
29147,10
29148,4
29149,10
29150,6
29151,3
29152,4
29153,8
29154,10
29155,2
29156,10
29157,6
29158,1
29159,6
29160,10
29161,10
29162,5
29163,4
29164,5
29165,3
29166,1
29167,6
29168,1
29169,9
29170,4
29171,5
29172,1
29173,1
29174,7
29175,5
29176,10
29177,10
29178,9
29179,4
29180,2
29181,2
29182,3
29183,3
29184,5
29185,3
29186,9
29187,8
29188,5
29189,5
29190,8
29191,4
29192,4
29193,3
29194,4
29195,3
29196,2
29197,2
29198,9
29199,2
29200,8
29201,9
29202,2
29203,1
29204,10
29205,9
29206,10
29207,8
29208,5
29209,8
29210,5
29211,5
29212,8
29213,4
29214,5
29215,4
29216,3
29217,6
29218,2
29219,8
29220,10
29221,8
29222,3
29223,5
29224,10
29225,7
29226,7
29227,7
29228,5
29229,5
29230,4
29231,5
29232,6
29233,7
29234,2
29235,8
29236,3
29237,1
29238,5
29239,5
29240,5
29241,6
29242,10
29243,5
29244,9
29245,2
29246,2
29247,7
29248,4
29249,9
29250,10
29251,10
29252,10
29253,10
29254,10
29255,10
29256,10
29257,10
29258,10
29259,10
29260,10
29261,4
29262,10
29263,10
29264,10
29265,1
29266,3
29267,3
29268,9
29269,1
29270,1
29271,1
29272,1
29273,7
29274,10
29275,4
29276,9
29277,4
29278,8
29279,4
29280,9
29281,8
29282,8
29283,1
29284,7
29285,3
29286,4
29287,1
29288,5
29289,8
29290,1
29291,10
29292,10
29293,10
29294,5
29295,10
29296,5
29297,10
29298,5
29299,6
29300,4
29301,4
29302,8
29303,5
29304,3
29305,8
29306,9
29307,7
29308,8
29309,4
29310,9
29311,5
29312,5
29313,1
29314,1
29315,5
29316,7
29317,10
29318,10
29319,5
29320,5
29321,5
29322,9
29323,4
29324,4
29325,3
29326,10
29327,10
29328,2
29329,10
29330,10
29331,10
29332,10
29333,10
29334,10
29335,10
29336,6
29337,10
29338,5
29339,5
29340,1
29341,10
29342,10
29343,4
29344,4
29345,5
29346,5
29347,6
29348,5
29349,10
29350,5
29351,4
29352,9
29353,1
29354,9
29355,7
29356,5
29357,9
29358,4
29359,8
29360,8
29361,7
29362,9
29363,5
29364,3
29365,5
29366,10
29367,5
29368,5
29369,4
29370,5
29371,1
29372,1
29373,7
29374,7
29375,6
29376,5
29377,5
29378,4
29379,9
29380,7
29381,1
29382,6
29383,1
29384,6
29385,7
29386,5
29387,10
29388,10
29389,5
29390,6
29391,5
29392,4
29393,5
29394,9
29395,5
29396,8
29397,4
29398,9
29399,1
29400,9
29401,4
29402,9
29403,2
29404,3
29405,10
29406,9
29407,9
29408,9
29409,9
29410,8
29411,2
29412,4
29413,6
29414,9
29415,10
29416,4
29417,1
29418,3
29419,4
29420,5
29421,5
29422,9
29423,5
29424,6
29425,1
29426,1
29427,5
29428,5
29429,5
29430,10
29431,10
29432,7
29433,7
29434,5
29435,4
29436,8
29437,9
29438,7
29439,7
29440,6
29441,8
29442,9
29443,10
29444,7
29445,1
29446,7
29447,9
29448,3
29449,6
29450,9
29451,9
29452,8
29453,10
29454,8
29455,1
29456,1
29457,10
29458,7
29459,7
29460,10
29461,8
29462,8
29463,9
29464,9
29465,2
29466,4
29467,4
29468,6
29469,7
29470,5
29471,10
29472,5
29473,10
29474,4
29475,4
29476,9
29477,9
29478,3
29479,9
29480,9
29481,1
29482,9
29483,9
29484,5
29485,9
29486,6
29487,1
29488,7
29489,4
29490,7
29491,10
29492,5
29493,5
29494,7
29495,6
29496,8
29497,3
29498,1
29499,5
29500,4
29501,6
29502,7
29503,6
29504,9
29505,7
29506,1
29507,8
29508,1
29509,6
29510,7
29511,9
29512,2
29513,7
29514,7
29515,1
29516,6
29517,6
29518,10
29519,10
29520,5
29521,10
29522,4
29523,8
29524,6
29525,1
29526,1
29527,1
29528,4
29529,4
29530,9
29531,9
29532,8
29533,3
29534,6
29535,4
29536,4
29537,1
29538,9
29539,5
29540,10
29541,10
29542,4
29543,5
29544,7
29545,3
29546,6
29547,7
29548,6
29549,2
29550,10
29551,9
29552,3
29553,9
29554,2
29555,2
29556,9
29557,3
29558,2
29559,7
29560,1
29561,5
29562,3
29563,6
29564,5
29565,1
29566,1
29567,8
29568,7
29569,4
29570,9
29571,4
29572,7
29573,3
29574,6
29575,1
29576,3
29577,7
29578,7
29579,10
29580,9
29581,7
29582,10
29583,6
29584,10
29585,4
29586,5
29587,3
29588,3
29589,8
29590,3
29591,7
29592,10
29593,3
29594,4
29595,4
29596,6
29597,5
29598,5
29599,7
29600,5
29601,10
29602,6
29603,10
29604,7
29605,3
29606,4
29607,4
29608,4
29609,6
29610,4
29611,6
29612,9
29613,2
29614,9
29615,4
29616,2
29617,2
29618,9
29619,5
29620,7
29621,7
29622,10
29623,6
29624,1
29625,5
29626,10
29627,9
29628,4
29629,9
29630,7
29631,6
29632,9
29633,9
29634,9
29635,6
29636,3
29637,9
29638,5
29639,6
29640,7
29641,6
29642,10
29643,10
29644,8
29645,5
29646,9
29647,3
29648,2
29649,8
29650,9
29651,2
29652,7
29653,6
29654,2
29655,4
29656,3
29657,1
29658,1
29659,5
29660,5
29661,5
29662,5
29663,9
29664,4
29665,6
29666,5
29667,5
29668,3
29669,7
29670,5
29671,5
29672,4
29673,5
29674,9
29675,2
29676,1
29677,9
29678,8
29679,9
29680,4
29681,9
29682,5
29683,4
29684,9
29685,7
29686,5
29687,1
29688,1
29689,3
29690,1
29691,7
29692,7
29693,10
29694,5
29695,8
29696,8
29697,4
29698,1
29699,5
29700,8
29701,7
29702,5
29703,3
29704,10
29705,5
29706,4
29707,5
29708,10
29709,5
29710,4
29711,5
29712,8
29713,7
29714,2
29715,7
29716,9
29717,8
29718,1
29719,5
29720,6
29721,5
29722,1
29723,10
29724,1
29725,7
29726,1
29727,1
29728,1
29729,7
29730,5
29731,7
29732,10
29733,10
29734,4
29735,4
29736,4
29737,2
29738,8
29739,8
29740,4
29741,10
29742,7
29743,5
29744,1
29745,6
29746,5
29747,10
29748,10
29749,4
29750,7
29751,2
29752,2
29753,8
29754,7
29755,1
29756,7
29757,10
29758,4
29759,6
29760,2
29761,2
29762,5
29763,1
29764,5
29765,7
29766,7
29767,5
29768,7
29769,7
29770,10
29771,10
29772,4
29773,4
29774,9
29775,4
29776,5
29777,6
29778,5
29779,1
29780,5
29781,8
29782,6
29783,7
29784,6
29785,5
29786,5
29787,10
29788,10
29789,5
29790,5
29791,4
29792,4
29793,2
29794,8
29795,9
29796,3
29797,7
29798,1
29799,2
29800,9
29801,6
29802,4
29803,3
29804,7
29805,3
29806,10
29807,6
29808,3
29809,9
29810,4
29811,1
29812,3
29813,7
29814,7
29815,5
29816,7
29817,6
29818,5
29819,5
29820,7
29821,6
29822,7
29823,7
29824,6
29825,10
29826,8
29827,10
29828,5
29829,10
29830,4
29831,8
29832,2
29833,2
29834,6
29835,7
29836,5
29837,5
29838,5
29839,5
29840,5
29841,7
29842,10
29843,4
29844,4
29845,5
29846,4
29847,7
29848,7
29849,6
29850,7
29851,2
29852,7
29853,2
29854,2
29855,9
29856,2
29857,4
29858,10
29859,10
29860,6
29861,6
29862,9
29863,5
29864,1
29865,9
29866,5
29867,5
29868,4
29869,9
29870,2
29871,4
29872,9
29873,2
29874,6
29875,9
29876,7
29877,1
29878,1
29879,7
29880,3
29881,3
29882,5
29883,7
29884,7
29885,1
29886,7
29887,5
29888,8
29889,10
29890,4
29891,4
29892,5
29893,10
29894,9
29895,8
29896,10
29897,9
29898,6
29899,6
29900,3
29901,2
29902,7
29903,2
29904,1
29905,5
29906,7
29907,10
29908,10
29909,8
29910,2
29911,9
29912,9
29913,8
29914,7
29915,8
29916,5
29917,3
29918,5
29919,9
29920,5
29921,5
29922,6
29923,5
29924,5
29925,5
29926,10
29927,2
29928,7
29929,2
29930,8
29931,6
29932,9
29933,1
29934,1
29935,5
29936,2
29937,2
29938,7
29939,7
29940,1
29941,6
29942,7
29943,9
29944,7
29945,7
29946,5
29947,7
29948,5
29949,10
29950,5
29951,10
29952,10
29953,3
29954,5
29955,5
29956,1
29957,1
29958,6
29959,6
29960,7
29961,10
29962,5
29963,4
29964,4
29965,7
29966,8
29967,9
29968,2
29969,7
29970,2
29971,6
29972,9
29973,9
29974,7
29975,10
29976,8
29977,4
29978,3
29979,7
29980,7
29981,6
29982,7
29983,7
29984,5
29985,9
29986,2
29987,1
29988,4
29989,3
29990,3
29991,1
29992,1
29993,7
29994,7
29995,4
29996,2
29997,3
29998,1
29999,7
30000,8
30001,6
30002,4
30003,6
30004,7
30005,6
30006,6
30007,10
30008,6
30009,6
30010,8
30011,3
30012,7
30013,5
30014,10
30015,8
30016,9
30017,2
30018,2
30019,8
30020,6
30021,9
30022,7
30023,3
30024,4
30025,3
30026,6
30027,5
30028,9
30029,1
30030,9
30031,5
30032,1
30033,6
30034,7
30035,7
30036,9
30037,10
30038,5
30039,10
30040,9
30041,4
30042,7
30043,2
30044,9
30045,10
30046,9
30047,6
30048,9
30049,4
30050,4
30051,9
30052,1
30053,9
30054,7
30055,7
30056,5
30057,7
30058,5
30059,10
30060,2
30061,9
30062,3
30063,5
30064,5
30065,7
30066,7
30067,6
30068,7
30069,7
30070,1
30071,7
30072,7
30073,1
30074,7
30075,1
30076,7
30077,1
30078,7
30079,6
30080,9
30081,7
30082,1
30083,1
30084,5
30085,5
30086,5
30087,4
30088,7
30089,9
30090,2
30091,10
30092,7
30093,6
30094,1
30095,7
30096,10
30097,5
30098,5
30099,9
30100,8
30101,7
30102,5
30103,5
30104,4
30105,9
30106,1
30107,1
30108,10
30109,5
30110,6
30111,9
30112,4
30113,5
30114,5
30115,3
30116,5
30117,6
30118,7
30119,10
30120,9
30121,5
30122,4
30123,7
30124,6
30125,9
30126,9
30127,10
30128,4
30129,9
30130,7
30131,7
30132,1
30133,7
30134,7
30135,7
30136,6
30137,7
30138,9
30139,7
30140,3
30141,6
30142,1
30143,10
30144,9
30145,8
30146,2
30147,8
30148,8
30149,4
30150,10
30151,9
30152,7
30153,3
30154,5
30155,5
30156,4
30157,5
30158,1
30159,7
30160,5
30161,10
30162,4
30163,5
30164,8
30165,7
30166,9
30167,8
30168,3
30169,4
30170,7
30171,5
30172,10
30173,10
30174,1
30175,7
30176,7
30177,10
30178,6
30179,5
30180,2
30181,9
30182,2
30183,2
30184,2
30185,2
30186,3
30187,1
30188,1
30189,3
30190,5
30191,6
30192,7
30193,7
30194,10
30195,5
30196,9
30197,4
30198,5
30199,5
30200,6
30201,2
30202,8
30203,6
30204,9
30205,10
30206,1
30207,5
30208,6
30209,10
30210,4
30211,8
30212,4
30213,5
30214,5
30215,5
30216,4
30217,5
30218,7
30219,7
30220,5
30221,4
30222,2
30223,2
30224,2
30225,7
30226,10
30227,10
30228,7
30229,3
30230,3
30231,3
30232,3
30233,3
30234,7
30235,7
30236,5
30237,1
30238,9
30239,2
30240,5
30241,4
30242,5
30243,10
30244,2
30245,2
30246,9
30247,9
30248,10
30249,4
30250,3
30251,10
30252,4
30253,7
30254,9
30255,5
30256,10
30257,5
30258,5
30259,1
30260,5
30261,5
30262,5
30263,9
30264,5
30265,5
30266,8
30267,9
30268,7
30269,10
30270,10
30271,6
30272,6
30273,5
30274,9
30275,2
30276,2
30277,9
30278,10
30279,10
30280,9
30281,4
30282,3
30283,5
30284,10
30285,10
30286,5
30287,4
30288,4
30289,10
30290,8
30291,8
30292,2
30293,9
30294,9
30295,9
30296,10
30297,3
30298,5
30299,8
30300,4
30301,1
30302,10
30303,1
30304,10
30305,9
30306,3
30307,3
30308,5
30309,3
30310,6
30311,5
30312,7
30313,10
30314,5
30315,4
30316,5
30317,9
30318,6
30319,7
30320,5
30321,5
30322,5
30323,6
30324,5
30325,5
30326,10
30327,5
30328,5
30329,9
30330,10
30331,9
30332,3
30333,7
30334,5
30335,6
30336,10
30337,10
30338,10
30339,4
30340,10
30341,7
30342,10
30343,10
30344,3
30345,6
30346,4
30347,8
30348,3
30349,4
30350,7
30351,8
30352,2
30353,7
30354,10
30355,1
30356,1
30357,10
30358,2
30359,8
30360,4
30361,9
30362,10
30363,4
30364,1
30365,9
30366,3
30367,10
30368,1
30369,6
30370,5
30371,1
30372,5
30373,10
30374,10
30375,2
30376,7
30377,4
30378,3
30379,9
30380,9
30381,1
30382,9
30383,10
30384,6
30385,10
30386,4
30387,3
30388,3
30389,5
30390,10
30391,5
30392,4
30393,4
30394,8
30395,2
30396,10
30397,9
30398,9
30399,9
30400,8
30401,1
30402,4
30403,10
30404,10
30405,9
30406,5
30407,9
30408,3
30409,4
30410,1
30411,7
30412,7
30413,8
30414,5
30415,3
30416,1
30417,8
30418,4
30419,9
30420,4
30421,3
30422,7
30423,7
30424,5
30425,5
30426,6
30427,6
30428,9
30429,5
30430,1
30431,9
30432,7
30433,5
30434,6
30435,5
30436,10
30437,10
30438,10
30439,4
30440,8
30441,4
30442,5
30443,4
30444,10
30445,1
30446,1
30447,10
30448,4
30449,5
30450,9
30451,8
30452,2
30453,7
30454,1
30455,8
30456,7
30457,2
30458,3
30459,4
30460,9
30461,4
30462,10
30463,10
30464,10
30465,10
30466,10
30467,10
30468,10
30469,7
30470,10
30471,6
30472,10
30473,10
30474,5
30475,6
30476,10
30477,10
30478,10
30479,3
30480,10
30481,10
30482,10
30483,1
30484,10
30485,10
30486,10
30487,10
30488,10
30489,6
30490,7
30491,4
30492,6
30493,7
30494,9
30495,4
30496,4
30497,4
30498,1
30499,7
30500,3
30501,2
30502,7
30503,5
30504,10
30505,10
30506,7
30507,5
30508,5
30509,10
30510,5
30511,9
30512,7
30513,8
30514,9
30515,6
30516,4
30517,8
30518,10
30519,6
30520,6
30521,6
30522,6
30523,1
30524,5
30525,9
30526,6
30527,5
30528,3
30529,4
30530,9
30531,5
30532,5
30533,5
30534,9
30535,4
30536,6
30537,4
30538,2
30539,4
30540,9
30541,3
30542,5
30543,5
30544,7
30545,4
30546,7
30547,10
30548,5
30549,10
30550,10
30551,10
30552,5
30553,4
30554,9
30555,4
30556,9
30557,4
30558,4
30559,8
30560,9
30561,3
30562,9
30563,9
30564,9
30565,10
30566,5
30567,4
30568,6
30569,10
30570,9
30571,9
30572,9
30573,8
30574,9
30575,4
30576,9
30577,9
30578,9
30579,10
30580,4
30581,4
30582,1
30583,10
30584,7
30585,4
30586,1
30587,1
30588,5
30589,5
30590,10
30591,10
30592,9
30593,3
30594,1
30595,7
30596,5
30597,8
30598,10
30599,7
30600,5
30601,3
30602,7
30603,8
30604,7
30605,9
30606,4
30607,4
30608,4
30609,4
30610,4
30611,5
30612,5
30613,6
30614,3
30615,8
30616,5
30617,10
30618,6
30619,8
30620,4
30621,3
30622,9
30623,9
30624,6
30625,1
30626,1
30627,1
30628,5
30629,5
30630,5
30631,7
30632,7
30633,7
30634,10
30635,5
30636,5
30637,4
30638,1
30639,10
30640,4
30641,1
30642,5
30643,1
30644,7
30645,7
30646,7
30647,7
30648,10
30649,7
30650,9
30651,9
30652,9
30653,9
30654,7
30655,1
30656,7
30657,10
30658,6
30659,9
30660,7
30661,7
30662,7
30663,7
30664,7
30665,1
30666,7
30667,6
30668,5
30669,5
30670,5
30671,4
30672,9
30673,7
30674,2
30675,9
30676,9
30677,10
30678,4
30679,1
30680,5
30681,1
30682,1
30683,5
30684,1
30685,7
30686,6
30687,9
30688,9
30689,5
30690,4
30691,9
30692,4
30693,4
30694,8
30695,9
30696,7
30697,6
30698,6
30699,9
30700,9
30701,2
30702,2
30703,4
30704,9
30705,8
30706,7
30707,5
30708,7
30709,5
30710,10
30711,5
30712,5
30713,6
30714,6
30715,2
30716,2
30717,7
30718,7
30719,1
30720,7
30721,10
30722,7
30723,2
30724,7
30725,2
30726,2
30727,7
30728,10
30729,5
30730,9
30731,6
30732,8
30733,9
30734,10
30735,10
30736,4
30737,3
30738,9
30739,1
30740,9
30741,1
30742,1
30743,3
30744,7
30745,6
30746,7
30747,10
30748,5
30749,4
30750,4
30751,8
30752,4
30753,5
30754,7
30755,1
30756,3
30757,6
30758,6
30759,10
30760,4
30761,10
30762,4
30763,1
30764,10
30765,5
30766,4
30767,5
30768,10
30769,7
30770,7
30771,10
30772,8
30773,7
30774,7
30775,1
30776,9
30777,5
30778,10
30779,5
30780,5
30781,4
30782,9
30783,2
30784,9
30785,2
30786,6
30787,7
30788,1
30789,5
30790,1
30791,7
30792,1
30793,5
30794,10
30795,10
30796,9
30797,6
30798,6
30799,6
30800,4
30801,4
30802,1
30803,1
30804,9
30805,5
30806,1
30807,5
30808,7
30809,1
30810,7
30811,7
30812,7
30813,7
30814,7
30815,6
30816,10
30817,6
30818,5
30819,5
30820,5
30821,5
30822,10
30823,2
30824,2
30825,1
30826,3
30827,7
30828,5
30829,1
30830,9
30831,10
30832,7
30833,1
30834,1
30835,4
30836,7
30837,10
30838,5
30839,4
30840,2
30841,2
30842,2
30843,7
30844,6
30845,6
30846,8
30847,2
30848,8
30849,4
30850,6
30851,1
30852,7
30853,5
30854,10
30855,4
30856,7
30857,9
30858,7
30859,6
30860,5
30861,6
30862,7
30863,1
30864,7
30865,7
30866,7
30867,7
30868,7
30869,7
30870,1
30871,1
30872,1
30873,9
30874,7
30875,7
30876,7
30877,7
30878,7
30879,6
30880,10
30881,6
30882,5
30883,7
30884,7
30885,9
30886,8
30887,4
30888,7
30889,2
30890,9
30891,10
30892,5
30893,5
30894,3
30895,9
30896,9
30897,9
30898,2
30899,9
30900,6
30901,9
30902,4
30903,1
30904,1
30905,3
30906,6
30907,7
30908,6
30909,5
30910,4
30911,6
30912,10
30913,10
30914,4
30915,5
30916,1
30917,9
30918,7
30919,6
30920,7
30921,7
30922,4
30923,10
30924,10
30925,10
30926,9
30927,4
30928,5
30929,7
30930,9
30931,4
30932,10
30933,4
30934,2
30935,9
30936,1
30937,4
30938,6
30939,9
30940,1
30941,7
30942,7
30943,1
30944,1
30945,3
30946,7
30947,1
30948,10
30949,10
30950,4
30951,5
30952,4
30953,4
30954,8
30955,4
30956,7
30957,2
30958,2
30959,2
30960,2
30961,4
30962,4
30963,1
30964,10
30965,9
30966,1
30967,1
30968,5
30969,6
30970,4
30971,10
30972,8
30973,5
30974,4
30975,2
30976,2
30977,9
30978,2
30979,6
30980,9
30981,6
30982,9
30983,5
30984,9
30985,1
30986,5
30987,5
30988,9
30989,5
30990,7
30991,5
30992,4
30993,4
30994,1
30995,3
30996,1
30997,1
30998,5
30999,5
31000,7
31001,5
31002,4
31003,5
31004,9
31005,2
31006,2
31007,7
31008,9
31009,4
31010,1
31011,1
31012,5
31013,1
31014,7
31015,9
31016,5
31017,8
31018,2
31019,8
31020,9
31021,3
31022,9
31023,6
31024,9
31025,8
31026,6
31027,4
31028,9
31029,1
31030,5
31031,7
31032,7
31033,4
31034,8
31035,9
31036,4
31037,1
31038,7
31039,1
31040,7
31041,10
31042,10
31043,10
31044,10
31045,9
31046,10
31047,5
31048,8
31049,7
31050,7
31051,1
31052,5
31053,8
31054,9
31055,5
31056,7
31057,9
31058,7
31059,6
31060,5
31061,5
31062,10
31063,5
31064,10
31065,9
31066,9
31067,4
31068,2
31069,1
31070,6
31071,2
31072,9
31073,9
31074,6
31075,5
31076,5
31077,4
31078,7
31079,8
31080,2
31081,7
31082,4
31083,7
31084,6
31085,9
31086,3
31087,3
31088,9
31089,6
31090,7
31091,7
31092,1
31093,7
31094,7
31095,10
31096,5
31097,10
31098,5
31099,6
31100,4
31101,10
31102,8
31103,3
31104,10
31105,2
31106,2
31107,7
31108,4
31109,4
31110,9
31111,9
31112,8
31113,7
31114,5
31115,8
31116,4
31117,8
31118,6
31119,9
31120,1
31121,7
31122,7
31123,10
31124,10
31125,5
31126,9
31127,9
31128,2
31129,4
31130,1
31131,6
31132,6
31133,9
31134,9
31135,1
31136,10
31137,4
31138,7
31139,4
31140,6
31141,1
31142,5
31143,5
31144,10
31145,9
31146,5
31147,7
31148,7
31149,7
31150,7
31151,7
31152,7
31153,7
31154,1
31155,7
31156,4
31157,6
31158,7
31159,9
31160,7
31161,9
31162,7
31163,4
31164,3
31165,9
31166,6
31167,6
31168,1
31169,9
31170,9
31171,8
31172,7
31173,7
31174,7
31175,6
31176,7
31177,10
31178,5
31179,9
31180,4
31181,5
31182,9
31183,2
31184,7
31185,2
31186,2
31187,9
31188,8
31189,3
31190,9
31191,9
31192,3
31193,1
31194,10
31195,4
31196,6
31197,4
31198,9
31199,7
31200,1
31201,1
31202,6
31203,3
31204,8
31205,5
31206,7
31207,7
31208,7
31209,10
31210,4
31211,6
31212,7
31213,9
31214,5
31215,5
31216,9
31217,9
31218,9
31219,9
31220,1
31221,7
31222,4
31223,7
31224,5
31225,5
31226,5
31227,5
31228,5
31229,4
31230,2
31231,3
31232,3
31233,5
31234,1
31235,10
31236,5
31237,8
31238,1
31239,6
31240,10
31241,4
31242,10
31243,9
31244,9
31245,2
31246,6
31247,3
31248,5
31249,4
31250,6
31251,7
31252,5
31253,10
31254,10
31255,10
31256,5
31257,10
31258,5
31259,6
31260,9
31261,4
31262,6
31263,4
31264,2
31265,2
31266,2
31267,2
31268,8
31269,9
31270,2
31271,9
31272,4
31273,10
31274,9
31275,5
31276,10
31277,4
31278,5
31279,5
31280,10
31281,10
31282,9
31283,5
31284,7
31285,6
31286,9
31287,5
31288,3
31289,5
31290,7
31291,5
31292,7
31293,10
31294,4
31295,7
31296,2
31297,8
31298,5
31299,4
31300,2
31301,2
31302,2
31303,9
31304,1
31305,1
31306,7
31307,4
31308,5
31309,10
31310,4
31311,2
31312,7
31313,1
31314,2
31315,2
31316,9
31317,8
31318,9
31319,10
31320,9
31321,5
31322,5
31323,5
31324,5
31325,4
31326,5
31327,5
31328,5
31329,5
31330,7
31331,7
31332,10
31333,5
31334,5
31335,6
31336,7
31337,9
31338,1
31339,2
31340,2
31341,9
31342,7
31343,9
31344,8
31345,2
31346,9
31347,3
31348,9
31349,4
31350,10
31351,10
31352,10
31353,4
31354,9
31355,7
31356,10
31357,10
31358,10
31359,9
31360,5
31361,1
31362,7
31363,3
31364,4
31365,10
31366,7
31367,8
31368,10
31369,10
31370,7
31371,5
31372,10
31373,10
31374,2
31375,9
31376,2
31377,1
31378,4
31379,5
31380,10
31381,10
31382,2
31383,9
31384,9
31385,2
31386,9
31387,9
31388,8
31389,9
31390,4
31391,9
31392,8
31393,2
31394,2
31395,2
31396,7
31397,8
31398,10
31399,6
31400,8
31401,9
31402,9
31403,7
31404,5
31405,10
31406,10
31407,5
31408,10
31409,5
31410,10
31411,8
31412,5
31413,8
31414,9
31415,1
31416,7
31417,10
31418,1
31419,10
31420,10
31421,10
31422,10
31423,5
31424,10
31425,5
31426,10
31427,1
31428,3
31429,1
31430,5
31431,5
31432,9
31433,1
31434,6
31435,7
31436,5
31437,9
31438,2
31439,6
31440,10
31441,9
31442,10
31443,10
31444,4
31445,5
31446,1
31447,4
31448,5
31449,5
31450,8
31451,7
31452,1
31453,2
31454,8
31455,10
31456,5
31457,9
31458,10
31459,10
31460,10
31461,9
31462,5
31463,7
31464,3
31465,6
31466,8
31467,8
31468,8
31469,1
31470,8
31471,5
31472,7
31473,5
31474,5
31475,1
31476,10
31477,10
31478,10
31479,10
31480,9
31481,10
31482,8
31483,10
31484,7
31485,5
31486,6
31487,10
31488,4
31489,2
31490,8
31491,10
31492,3
31493,6
31494,8
31495,5
31496,9
31497,5
31498,1
31499,6
31500,4
31501,1
31502,8
31503,8
31504,7
31505,9
31506,10
31507,9
31508,6
31509,6
31510,4
31511,7
31512,5
31513,7
31514,5
31515,10
31516,10
31517,5
31518,10
31519,5
31520,4
31521,8
31522,8
31523,4
31524,3
31525,5
31526,4
31527,9
31528,2
31529,10
31530,10
31531,10
31532,8
31533,5
31534,3
31535,10
31536,9
31537,8
31538,6
31539,9
31540,5
31541,10
31542,5
31543,9
31544,5
31545,5
31546,7
31547,3
31548,4
31549,5
31550,9
31551,4
31552,1
31553,4
31554,7
31555,5
31556,5
31557,5
31558,10
31559,5
31560,10
31561,5
31562,10
31563,10
31564,5
31565,4
31566,5
31567,7
31568,5
31569,5
31570,1
31571,10
31572,5
31573,4
31574,5
31575,9
31576,5
31577,10
31578,9
31579,4
31580,3
31581,5
31582,9
31583,4
31584,7
31585,1
31586,7
31587,6
31588,10
31589,10
31590,10
31591,4
31592,10
31593,5
31594,10
31595,9
31596,7
31597,10
31598,3
31599,5
31600,10
31601,6
31602,5
31603,7
31604,9
31605,9
31606,4
31607,5
31608,5
31609,10
31610,5
31611,10
31612,4
31613,8
31614,3
31615,1
31616,1
31617,7
31618,5
31619,2
31620,6
31621,6
31622,4
31623,6
31624,10
31625,10
31626,10
31627,10
31628,10
31629,10
31630,10
31631,10
31632,10
31633,5
31634,10
31635,5
31636,9
31637,4
31638,1
31639,1
31640,7
31641,10
31642,5
31643,10
31644,5
31645,4
31646,5
31647,3
31648,10
31649,10
31650,10
31651,4
31652,4
31653,2
31654,10
31655,8
31656,2
31657,7
31658,5
31659,6
31660,10
31661,5
31662,10
31663,7
31664,7
31665,2
31666,7
31667,10
31668,10
31669,10
31670,5
31671,9
31672,10
31673,5
31674,4
31675,5
31676,7
31677,10
31678,4
31679,1
31680,9
31681,7
31682,10
31683,10
31684,5
31685,5
31686,4
31687,4
31688,5
31689,10
31690,5
31691,8
31692,7
31693,1
31694,1
31695,1
31696,5
31697,7
31698,10
31699,5
31700,5
31701,10
31702,10
31703,10
31704,10
31705,9
31706,9
31707,5
31708,2
31709,4
31710,7
31711,6
31712,6
31713,4
31714,9
31715,10
31716,1
31717,5
31718,5
31719,10
31720,4
31721,7
31722,9
31723,1
31724,5
31725,5
31726,9
31727,6
31728,9
31729,9
31730,9
31731,7
31732,9
31733,10
31734,5
31735,4
31736,4
31737,4
31738,5
31739,9
31740,7
31741,4
31742,9
31743,5
31744,1
31745,5
31746,7
31747,6
31748,10
31749,5
31750,5
31751,5
31752,8
31753,4
31754,9
31755,9
31756,4
31757,7
31758,9
31759,9
31760,7
31761,8
31762,9
31763,7
31764,7
31765,6
31766,4
31767,2
31768,1
31769,7
31770,5
31771,10
31772,6
31773,4
31774,8
31775,10
31776,4
31777,5
31778,1
31779,9
31780,5
31781,7
31782,2
31783,1
31784,4
31785,4
31786,9
31787,10
31788,10
31789,10
31790,6
31791,4
31792,9
31793,4
31794,9
31795,10
31796,5
31797,5
31798,4
31799,4
31800,5
31801,9
31802,2
31803,9
31804,9
31805,4
31806,3
31807,6
31808,5
31809,10
31810,5
31811,10
31812,5
31813,9
31814,4
31815,5
31816,10
31817,5
31818,10
31819,9
31820,5
31821,5
31822,7
31823,8
31824,5
31825,10
31826,10
31827,5
31828,4
31829,5
31830,8
31831,9
31832,4
31833,10
31834,10
31835,9
31836,7
31837,4
31838,5
31839,5
31840,9
31841,2
31842,10
31843,10
31844,2
31845,2
31846,6
31847,7
31848,7
31849,10
31850,5
31851,5
31852,4
31853,4
31854,5
31855,10
31856,10
31857,10
31858,4
31859,4
31860,4
31861,8
31862,5
31863,9
31864,2
31865,4
31866,4
31867,6
31868,5
31869,8
31870,4
31871,8
31872,4
31873,8
31874,8
31875,10
31876,4
31877,5
31878,5
31879,8
31880,8
31881,9
31882,8
31883,1
31884,2
31885,2
31886,9
31887,1
31888,1
31889,7
31890,5
31891,10
31892,4
31893,4
31894,4
31895,7
31896,6
31897,3
31898,5
31899,5
31900,4
31901,4
31902,2
31903,9
31904,10
31905,7
31906,9
31907,1
31908,5
31909,7
31910,8
31911,5
31912,10
31913,9
31914,4
31915,8
31916,2
31917,9
31918,2
31919,9
31920,10
31921,9
31922,4
31923,9
31924,2
31925,10
31926,8
31927,10
31928,1
31929,7
31930,10
31931,4
31932,4
31933,4
31934,2
31935,8
31936,10
31937,4
31938,10
31939,1
31940,10
31941,5
31942,8
31943,2
31944,9
31945,10
31946,9
31947,10
31948,10
31949,5
31950,5
31951,7
31952,7
31953,10
31954,5
31955,5
31956,10
31957,5
31958,4
31959,10
31960,1
31961,5
31962,10
31963,5
31964,3
31965,4
31966,4
31967,1
31968,2
31969,2
31970,9
31971,4
31972,3
31973,9
31974,10
31975,2
31976,9
31977,8
31978,4
31979,5
31980,10
31981,10
31982,5
31983,10
31984,5
31985,4
31986,6
31987,2
31988,2
31989,5
31990,10
31991,10
31992,6
31993,5
31994,10
31995,2
31996,9
31997,10
31998,10
31999,4
32000,10
32001,4
32002,1
32003,10
32004,10
32005,8
32006,4
32007,4
32008,2
32009,7
32010,5
32011,10
32012,3
32013,8
32014,5
32015,10
32016,10
32017,5
32018,5
32019,5
32020,2
32021,3
32022,5
32023,4
32024,4
32025,2
32026,2
32027,10
32028,10
32029,10
32030,10
32031,9
32032,2
32033,6
32034,2
32035,4
32036,7
32037,2
32038,9
32039,10
32040,10
32041,10
32042,10
32043,10
32044,10
32045,10
32046,4
32047,9
32048,7
32049,10
32050,5
32051,7
32052,10
32053,4
32054,10
32055,5
32056,10
32057,4
32058,2
32059,5
32060,10
32061,4
32062,2
32063,8
32064,2
32065,2
32066,8
32067,5
32068,8
32069,10
32070,4
32071,9
32072,1
32073,6
32074,9
32075,5
32076,2
32077,2
32078,2
32079,9
32080,9
32081,4
32082,10
32083,7
32084,2
32085,2
32086,4
32087,10
32088,4
32089,4
32090,4
32091,9
32092,10
32093,10
32094,4
32095,8
32096,4
32097,9
32098,4
32099,5
32100,1
32101,10
32102,5
32103,5
32104,10
32105,5
32106,9
32107,4
32108,4
32109,10
32110,4
32111,6
32112,8
32113,7
32114,3
32115,7
32116,7
32117,2
32118,8
32119,2
32120,10
32121,10
32122,2
32123,10
32124,3
32125,5
32126,4
32127,4
32128,2
32129,2
32130,9
32131,10
32132,10
32133,10
32134,10
32135,5
32136,4
32137,5
32138,2
32139,9
32140,1
32141,10
32142,9
32143,5
32144,1
32145,7
32146,7
32147,10
32148,10
32149,5
32150,4
32151,2
32152,10
32153,10
32154,1
32155,8
32156,4
32157,4
32158,4
32159,4
32160,9
32161,9
32162,7
32163,4
32164,2
32165,7
32166,10
32167,4
32168,5
32169,10
32170,6
32171,9
32172,5
32173,3
32174,5
32175,10
32176,10
32177,5
32178,4
32179,8
32180,2
32181,9
32182,6
32183,6
32184,5
32185,5
32186,6
32187,10
32188,10
32189,10
32190,8
32191,5
32192,5
32193,9
32194,7
32195,10
32196,10
32197,10
32198,10
32199,10
32200,10
32201,8
32202,10
32203,7
32204,10
32205,7
32206,10
32207,10
32208,1
32209,10
32210,1
32211,10
32212,1
32213,10
32214,10
32215,6
32216,10
32217,1
32218,10
32219,10
32220,10
32221,4
32222,4
32223,8
32224,10
32225,4
32226,4
32227,8
32228,4
32229,4
32230,7
32231,5
32232,7
32233,10
32234,10
32235,5
32236,9
32237,4
32238,6
32239,8
32240,6
32241,4
32242,4
32243,9
32244,2
32245,10
32246,10
32247,6
32248,6
32249,10
32250,10
32251,10
32252,10
32253,10
32254,5
32255,10
32256,5
32257,5
32258,10
32259,5
32260,5
32261,8
32262,5
32263,7
32264,9
32265,10
32266,9
32267,4
32268,8
32269,8
32270,5
32271,6
32272,5
32273,4
32274,4
32275,9
32276,4
32277,9
32278,10
32279,5
32280,10
32281,8
32282,4
32283,4
32284,2
32285,5
32286,5
32287,1
32288,1
32289,10
32290,5
32291,3
32292,10
32293,5
32294,9
32295,8
32296,4
32297,8
32298,5
32299,8
32300,2
32301,7
32302,6
32303,7
32304,9
32305,2
32306,9
32307,5
32308,4
32309,3
32310,4
32311,5
32312,9
32313,10
32314,9
32315,9
32316,4
32317,10
32318,10
32319,8
32320,10
32321,5
32322,10
32323,10
32324,10
32325,9
32326,4
32327,10
32328,4
32329,5
32330,5
32331,5
32332,4
32333,8
32334,10
32335,10
32336,8
32337,9
32338,4
32339,8
32340,9
32341,9
32342,4
32343,8
32344,5
32345,4
32346,5
32347,1
32348,5
32349,9
32350,6
32351,6
32352,4
32353,2
32354,8
32355,2
32356,2
32357,8
32358,4
32359,3
32360,8
32361,5
32362,4
32363,4
32364,4
32365,5
32366,5
32367,4
32368,8
32369,5
32370,10
32371,4
32372,2
32373,9
32374,5
32375,10
32376,3
32377,6
32378,9
32379,10
32380,5
32381,3
32382,5
32383,5
32384,10
32385,10
32386,10
32387,5
32388,5
32389,6
32390,4
32391,4
32392,8
32393,10
32394,10
32395,5
32396,9
32397,4
32398,5
32399,8
32400,9
32401,4
32402,3
32403,5
32404,4
32405,2
32406,2
32407,4
32408,8
32409,4
32410,6
32411,8
32412,5
32413,10
32414,5
32415,10
32416,5
32417,4
32418,3
32419,10
32420,6
32421,7
32422,4
32423,6
32424,3
32425,9
32426,4
32427,4
32428,10
32429,8
32430,4
32431,10
32432,5
32433,7
32434,9
32435,2
32436,10
32437,8
32438,2
32439,9
32440,10
32441,1
32442,4
32443,10
32444,10
32445,4
32446,5
32447,9
32448,4
32449,2
32450,4
32451,7
32452,1
32453,5
32454,8
32455,9
32456,10
32457,6
32458,4
32459,7
32460,7
32461,6
32462,4
32463,10
32464,10
32465,4
32466,9
32467,9
32468,4
32469,9
32470,2
32471,4
32472,8
32473,2
32474,9
32475,2
32476,8
32477,8
32478,4
32479,4
32480,8
32481,4
32482,8
32483,4
32484,10
32485,4
32486,10
32487,5
32488,9
32489,5
32490,4
32491,9
32492,2
32493,1
32494,4
32495,7
32496,5
32497,4
32498,4
32499,4
32500,2
32501,4
32502,10
32503,10
32504,9
32505,5
32506,7
32507,7
32508,8
32509,4
32510,5
32511,5
32512,8
32513,2
32514,2
32515,4
32516,6
32517,2
32518,2
32519,2
32520,5
32521,5
32522,10
32523,2
32524,4
32525,4
32526,8
32527,9
32528,10
32529,3
32530,7
32531,10
32532,10
32533,10
32534,10
32535,10
32536,3
32537,10
32538,7
32539,2
32540,4
32541,4
32542,8
32543,10
32544,10
32545,6
32546,6
32547,4
32548,5
32549,10
32550,5
32551,5
32552,9
32553,9
32554,2
32555,2
32556,6
32557,4
32558,3
32559,10
32560,1
32561,5
32562,7
32563,10
32564,10
32565,10
32566,9
32567,5
32568,8
32569,4
32570,5
32571,4
32572,5
32573,10
32574,7
32575,10
32576,10
32577,10
32578,10
32579,5
32580,5
32581,7
32582,4
32583,7
32584,9
32585,10
32586,5
32587,4
32588,6
32589,1
32590,10
32591,4
32592,3
32593,7
32594,10
32595,5
32596,4
32597,4
32598,4
32599,8
32600,10
32601,10
32602,4
32603,4
32604,8
32605,6
32606,2
32607,8
32608,4
32609,7
32610,7
32611,7
32612,10
32613,5
32614,4
32615,2
32616,8
32617,4
32618,10
32619,1
32620,4
32621,1
32622,10
32623,9
32624,8
32625,7
32626,2
32627,4
32628,3
32629,7
32630,5
32631,5
32632,5
32633,4
32634,9
32635,3
32636,7
32637,7
32638,6
32639,5
32640,10
32641,10
32642,9
32643,4
32644,2
32645,2
32646,2
32647,9
32648,8
32649,10
32650,10
32651,10
32652,5
32653,5
32654,10
32655,5
32656,7
32657,7
32658,10
32659,10
32660,10
32661,9
32662,5
32663,5
32664,4
32665,5
32666,4
32667,7
32668,10
32669,5
32670,6
32671,8
32672,5
32673,9
32674,8
32675,8
32676,6
32677,4
32678,7
32679,3
32680,4
32681,5
32682,10
32683,5
32684,10
32685,8
32686,5
32687,4
32688,6
32689,5
32690,2
32691,9
32692,2
32693,9
32694,2
32695,9
32696,9
32697,10
32698,6
32699,7
32700,4
32701,8
32702,4
32703,10
32704,7
32705,7
32706,2
32707,9
32708,9
32709,2
32710,8
32711,4
32712,5
32713,5
32714,10
32715,2
32716,7
32717,9
32718,2
32719,9
32720,8
32721,10
32722,7
32723,1
32724,10
32725,6
32726,6
32727,4
32728,6
32729,5
32730,10
32731,5
32732,8
32733,5
32734,4
32735,7
32736,5
32737,7
32738,10
32739,10
32740,10
32741,10
32742,5
32743,4
32744,4
32745,3
32746,4
32747,5
32748,9
32749,6
32750,5
32751,4
32752,1
32753,5
32754,5
32755,5
32756,4
32757,5
32758,5
32759,2
32760,2
32761,2
32762,9
32763,5
32764,8
32765,4
32766,8
32767,8
32768,10
32769,10
32770,3
32771,1
32772,10
32773,10
32774,5
32775,6
32776,1
32777,3
32778,10
32779,5
32780,10
32781,5
32782,2
32783,9
32784,7
32785,5
32786,1
32787,6
32788,4
32789,4
32790,6
32791,2
32792,9
32793,7
32794,7
32795,4
32796,5
32797,4
32798,4
32799,4
32800,4
32801,8
32802,6
32803,1
32804,5
32805,6
32806,5
32807,5
32808,4
32809,5
32810,10
32811,5
32812,4
32813,4
32814,2
32815,8
32816,9
32817,6
32818,3
32819,5
32820,5
32821,10
32822,4
32823,9
32824,8
32825,8
32826,4
32827,4
32828,6
32829,5
32830,7
32831,1
32832,5
32833,5
32834,5
32835,9
32836,3
32837,2
32838,10
32839,10
32840,8
32841,5
32842,7
32843,4
32844,10
32845,10
32846,4
32847,5
32848,6
32849,4
32850,7
32851,7
32852,7
32853,4
32854,10
32855,10
32856,10
32857,6
32858,5
32859,7
32860,9
32861,7
32862,6
32863,6
32864,6
32865,1
32866,1
32867,5
32868,7
32869,4
32870,7
32871,10
32872,10
32873,10
32874,4
32875,5
32876,4
32877,7
32878,1
32879,3
32880,1
32881,9
32882,10
32883,5
32884,10
32885,10
32886,5
32887,4
32888,7
32889,6
32890,5
32891,4
32892,8
32893,5
32894,4
32895,8
32896,7
32897,5
32898,10
32899,8
32900,8
32901,6
32902,1
32903,7
32904,7
32905,7
32906,5
32907,10
32908,6
32909,10
32910,5
32911,6
32912,4
32913,10
32914,3
32915,10
32916,8
32917,1
32918,3
32919,3
32920,4
32921,6
32922,1
32923,7
32924,6
32925,10
32926,9
32927,6
32928,1
32929,1
32930,1
32931,7
32932,5
32933,5
32934,7
32935,7
32936,5
32937,5
32938,10
32939,9
32940,5
32941,8
32942,4
32943,9
32944,2
32945,2
32946,6
32947,4
32948,5
32949,7
32950,5
32951,5
32952,7
32953,5
32954,8
32955,5
32956,5
32957,5
32958,10
32959,5
32960,5
32961,9
32962,6
32963,5
32964,5
32965,6
32966,5
32967,5
32968,10
32969,5
32970,5
32971,4
32972,4
32973,1
32974,6
32975,5
32976,5
32977,8
32978,4
32979,4
32980,4
32981,10
32982,7
32983,3
32984,5
32985,1
32986,3
32987,3
32988,6
32989,5
32990,4
32991,9
32992,1
32993,5
32994,10
32995,3
32996,6
32997,3
32998,7
32999,5
33000,7
33001,7
33002,5
33003,10
33004,10
33005,5
33006,10
33007,4
33008,3
33009,4
33010,4
33011,4
33012,1
33013,5
33014,1
33015,1
33016,1
33017,5
33018,7
33019,4
33020,5
33021,10
33022,5
33023,10
33024,5
33025,4
33026,7
33027,5
33028,4
33029,6
33030,5
33031,1
33032,9
33033,6
33034,5
33035,5
33036,10
33037,10
33038,9
33039,5
33040,4
33041,7
33042,9
33043,9
33044,6
33045,1
33046,3
33047,4
33048,5
33049,3
33050,1
33051,5
33052,5
33053,5
33054,5
33055,4
33056,3
33057,7
33058,1
33059,6
33060,10
33061,9
33062,9
33063,2
33064,5
33065,1
33066,5
33067,7
33068,5
33069,5
33070,2
33071,10
33072,3
33073,5
33074,5
33075,1
33076,5
33077,9
33078,4
33079,4
33080,2
33081,3
33082,8
33083,1
33084,1
33085,1
33086,5
33087,7
33088,7
33089,7
33090,7
33091,5
33092,5
33093,1
33094,5
33095,5
33096,10
33097,4
33098,4
33099,4
33100,10
33101,4
33102,4
33103,9
33104,8
33105,4
33106,10
33107,8
33108,4
33109,8
33110,8
33111,7
33112,4
33113,3
33114,4
33115,9
33116,2
33117,2
33118,2
33119,3
33120,9
33121,9
33122,4
33123,10
33124,6
33125,10
33126,1
33127,6
33128,10
33129,10
33130,8
33131,10
33132,10
33133,10
33134,5
33135,10
33136,10
33137,10
33138,10
33139,10
33140,1
33141,3
33142,7
33143,7
33144,7
33145,10
33146,10
33147,10
33148,10
33149,5
33150,9
33151,6
33152,5
33153,4
33154,9
33155,3
33156,6
33157,3
33158,10
33159,6
33160,6
33161,5
33162,9
33163,5
33164,1
33165,10
33166,5
33167,8
33168,4
33169,8
33170,4
33171,10
33172,7
33173,4
33174,1
33175,6
33176,7
33177,5
33178,5
33179,10
33180,5
33181,5
33182,5
33183,9
33184,9
33185,6
33186,10
33187,8
33188,7
33189,7
33190,6
33191,9
33192,6
33193,7
33194,5
33195,7
33196,7
33197,4
33198,8
33199,10
33200,7
33201,7
33202,7
33203,7
33204,3
33205,1
33206,1
33207,10
33208,5
33209,7
33210,5
33211,10
33212,8
33213,9
33214,2
33215,4
33216,3
33217,6
33218,3
33219,5
33220,1
33221,7
33222,5
33223,5
33224,5
33225,5
33226,8
33227,4
33228,3
33229,1
33230,9
33231,7
33232,7
33233,7
33234,4
33235,4
33236,6
33237,9
33238,8
33239,1
33240,6
33241,1
33242,4
33243,4
33244,9
33245,5
33246,1
33247,6
33248,7
33249,6
33250,1
33251,7
33252,5
33253,10
33254,4
33255,7
33256,7
33257,7
33258,7
33259,10
33260,9
33261,9
33262,7
33263,9
33264,7
33265,2
33266,8
33267,7
33268,7
33269,7
33270,1
33271,7
33272,2
33273,7
33274,7
33275,2
33276,2
33277,1
33278,7
33279,10
33280,1
33281,7
33282,10
33283,10
33284,9
33285,1
33286,10
33287,1
33288,1
33289,5
33290,7
33291,5
33292,5
33293,4
33294,1
33295,7
33296,1
33297,1
33298,7
33299,1
33300,10
33301,10
33302,5
33303,5
33304,5
33305,5
33306,4
33307,5
33308,7
33309,9
33310,1
33311,3
33312,1
33313,6
33314,1
33315,4
33316,5
33317,1
33318,5
33319,4
33320,10
33321,5
33322,9
33323,3
33324,9
33325,1
33326,8
33327,1
33328,5
33329,7
33330,5
33331,5
33332,7
33333,10
33334,10
33335,5
33336,8
33337,4
33338,5
33339,1
33340,6
33341,1
33342,5
33343,1
33344,10
33345,10
33346,4
33347,4
33348,6
33349,4
33350,8
33351,1
33352,5
33353,4
33354,10
33355,8
33356,3
33357,2
33358,1
33359,6
33360,8
33361,7
33362,1
33363,4
33364,1
33365,2
33366,9
33367,10
33368,7
33369,1
33370,1
33371,7
33372,1
33373,7
33374,7
33375,7
33376,7
33377,6
33378,1
33379,5
33380,1
33381,5
33382,10
33383,4
33384,8
33385,8
33386,9
33387,8
33388,1
33389,5
33390,7
33391,5
33392,1
33393,1
33394,1
33395,5
33396,4
33397,8
33398,9
33399,8
33400,1
33401,4
33402,5
33403,7
33404,7
33405,5
33406,10
33407,10
33408,5
33409,4
33410,6
33411,7
33412,7
33413,5
33414,7
33415,5
33416,10
33417,10
33418,4
33419,4
33420,2
33421,1
33422,3
33423,7
33424,9
33425,6
33426,7
33427,1
33428,1
33429,1
33430,3
33431,7
33432,9
33433,3
33434,7
33435,7
33436,7
33437,5
33438,5
33439,5
33440,5
33441,5
33442,5
33443,4
33444,4
33445,8
33446,9
33447,5
33448,9
33449,3
33450,7
33451,10
33452,10
33453,10
33454,5
33455,7
33456,6
33457,9
33458,3
33459,3
33460,9
33461,4
33462,6
33463,9
33464,1
33465,10
33466,9
33467,10
33468,8
33469,3
33470,10
33471,1
33472,7
33473,5
33474,7
33475,7
33476,10
33477,8
33478,9
33479,8
33480,6
33481,7
33482,1
33483,10
33484,7
33485,7
33486,7
33487,4
33488,8
33489,1
33490,9
33491,6
33492,2
33493,7
33494,7
33495,2
33496,7
33497,1
33498,3
33499,4
33500,1
33501,1
33502,7
33503,5
33504,5
33505,7
33506,5
33507,10
33508,5
33509,5
33510,8
33511,4
33512,4
33513,4
33514,2
33515,2
33516,7
33517,8
33518,5
33519,1
33520,6
33521,1
33522,5
33523,2
33524,8
33525,2
33526,8
33527,7
33528,8
33529,8
33530,5
33531,1
33532,1
33533,5
33534,6
33535,7
33536,5
33537,7
33538,10
33539,5
33540,8
33541,4
33542,7
33543,7
33544,6
33545,5
33546,1
33547,5
33548,6
33549,10
33550,9
33551,4
33552,5
33553,5
33554,1
33555,1
33556,4
33557,1
33558,7
33559,7
33560,7
33561,4
33562,10
33563,10
33564,5
33565,9
33566,8
33567,4
33568,4
33569,5
33570,1
33571,2
33572,7
33573,6
33574,9
33575,9
33576,4
33577,2
33578,2
33579,9
33580,9
33581,2
33582,4
33583,8
33584,4
33585,8
33586,9
33587,1
33588,1
33589,9
33590,4
33591,7
33592,7
33593,7
33594,8
33595,10
33596,10
33597,5
33598,1
33599,7
33600,7
33601,1
33602,1
33603,8
33604,1
33605,5
33606,7
33607,1
33608,5
33609,10
33610,8
33611,6
33612,10
33613,4
33614,9
33615,2
33616,7
33617,7
33618,1
33619,10
33620,9
33621,1
33622,8
33623,3
33624,1
33625,6
33626,6
33627,6
33628,10
33629,5
33630,5
33631,10
33632,5
33633,2
33634,1
33635,6
33636,2
33637,9
33638,9
33639,1
33640,1
33641,4
33642,4
33643,4
33644,6
33645,1
33646,5
33647,7
33648,1
33649,5
33650,5
33651,8
33652,7
33653,8
33654,6
33655,1
33656,2
33657,2
33658,2
33659,8
33660,8
33661,9
33662,3
33663,3
33664,6
33665,9
33666,4
33667,4
33668,9
33669,5
33670,5
33671,5
33672,10
33673,10
33674,8
33675,5
33676,4
33677,5
33678,7
33679,10
33680,6
33681,5
33682,5
33683,9
33684,2
33685,2
33686,6
33687,1
33688,9
33689,1
33690,7
33691,10
33692,4
33693,1
33694,1
33695,7
33696,7
33697,10
33698,7
33699,6
33700,7
33701,7
33702,5
33703,1
33704,6
33705,7
33706,7
33707,7
33708,7
33709,5
33710,9
33711,1
33712,7
33713,5
33714,9
33715,2
33716,7
33717,2
33718,9
33719,9
33720,7
33721,2
33722,4
33723,4
33724,7
33725,1
33726,5
33727,6
33728,1
33729,6
33730,10
33731,5
33732,4
33733,5
33734,4
33735,2
33736,8
33737,6
33738,7
33739,1
33740,7
33741,5
33742,8
33743,9
33744,1
33745,6
33746,7
33747,10
33748,9
33749,2
33750,9
33751,6
33752,6
33753,3
33754,6
33755,1
33756,7
33757,1
33758,3
33759,4
33760,6
33761,10
33762,10
33763,6
33764,1
33765,7
33766,5
33767,1
33768,1
33769,7
33770,7
33771,6
33772,5
33773,10
33774,10
33775,5
33776,6
33777,5
33778,5
33779,4
33780,5
33781,7
33782,5
33783,6
33784,1
33785,5
33786,4
33787,2
33788,2
33789,2
33790,9
33791,8
33792,9
33793,2
33794,8
33795,2
33796,10
33797,9
33798,4
33799,4
33800,4
33801,4
33802,10
33803,7
33804,3
33805,5
33806,5
33807,5
33808,8
33809,5
33810,5
33811,7
33812,4
33813,5
33814,8
33815,10
33816,10
33817,10
33818,5
33819,5
33820,5
33821,5
33822,5
33823,9
33824,1
33825,7
33826,7
33827,7
33828,6
33829,1
33830,7
33831,7
33832,8
33833,6
33834,7
33835,8
33836,7
33837,7
33838,6
33839,7
33840,7
33841,7
33842,7
33843,7
33844,7
33845,8
33846,8
33847,5
33848,5
33849,1
33850,1
33851,6
33852,7
33853,6
33854,5
33855,5
33856,10
33857,8
33858,2
33859,6
33860,7
33861,7
33862,9
33863,1
33864,5
33865,7
33866,10
33867,8
33868,2
33869,2
33870,4
33871,1
33872,5
33873,7
33874,7
33875,7
33876,10
33877,10
33878,8
33879,8
33880,5
33881,5
33882,5
33883,4
33884,3
33885,7
33886,2
33887,9
33888,4
33889,10
33890,6
33891,1
33892,5
33893,1
33894,7
33895,4
33896,7
33897,7
33898,10
33899,5
33900,5
33901,8
33902,4
33903,9
33904,10
33905,9
33906,7
33907,9
33908,5
33909,1
33910,8
33911,1
33912,7
33913,7
33914,1
33915,5
33916,5
33917,5
33918,5
33919,5
33920,5
33921,5
33922,10
33923,8
33924,8
33925,6
33926,2
33927,9
33928,2
33929,9
33930,9
33931,2
33932,2
33933,8
33934,8
33935,4
33936,6
33937,9
33938,10
33939,8
33940,4
33941,4
33942,4
33943,3
33944,7
33945,7
33946,7
33947,5
33948,10
33949,9
33950,7
33951,1
33952,1
33953,1
33954,7
33955,7
33956,7
33957,7
33958,7
33959,6
33960,3
33961,6
33962,1
33963,5
33964,7
33965,6
33966,10
33967,9
33968,9
33969,4
33970,2
33971,2
33972,8
33973,9
33974,7
33975,1
33976,9
33977,3
33978,1
33979,1
33980,9
33981,3
33982,5
33983,10
33984,4
33985,5
33986,6
33987,8
33988,2
33989,4
33990,2
33991,1
33992,5
33993,10
33994,4
33995,3
33996,9
33997,8
33998,9
33999,8
34000,4
34001,7
34002,10
34003,3
34004,6
34005,7
34006,5
34007,4
34008,5
34009,1
34010,5
34011,10
34012,10
34013,4
34014,5
34015,5
34016,8
34017,2
34018,9
34019,9
34020,2
34021,9
34022,9
34023,1
34024,6
34025,5
34026,6
34027,8
34028,4
34029,10
34030,4
34031,7
34032,10
34033,10
34034,4
34035,7
34036,8
34037,6
34038,1
34039,10
34040,5
34041,9
34042,10
34043,10
34044,4
34045,7
34046,4
34047,1
34048,2
34049,10
34050,2
34051,4
34052,8
34053,1
34054,10
34055,1
34056,5
34057,10
34058,5
34059,4
34060,4
34061,9
34062,2
34063,2
34064,10
34065,9
34066,5
34067,1
34068,7
34069,5
34070,10
34071,9
34072,4
34073,2
34074,9
34075,5
34076,9
34077,7
34078,4
34079,9
34080,9
34081,10
34082,8
34083,5
34084,1
34085,6
34086,1
34087,6
34088,9
34089,10
34090,10
34091,10
34092,10
34093,5
34094,10
34095,10
34096,8
34097,4
34098,3
34099,5
34100,5
34101,5
34102,7
34103,5
34104,10
34105,10
34106,5
34107,7
34108,9
34109,5
34110,2
34111,10
34112,10
34113,8
34114,7
34115,1
34116,6
34117,1
34118,1
34119,8
34120,10
34121,1
34122,9
34123,6
34124,9
34125,5
34126,10
34127,9
34128,5
34129,3
34130,9
34131,10
34132,5
34133,5
34134,5
34135,9
34136,4
34137,9
34138,10
34139,1
34140,4
34141,8
34142,6
34143,5
34144,7
34145,6
34146,1
34147,8
34148,1
34149,5
34150,6
34151,7
34152,5
34153,1
34154,3
34155,5
34156,1
34157,10
34158,10
34159,10
34160,5
34161,7
34162,3
34163,2
34164,3
34165,10
34166,5
34167,6
34168,6
34169,4
34170,4
34171,10
34172,10
34173,10
34174,10
34175,10
34176,1
34177,5
34178,6
34179,10
34180,10
34181,5
34182,9
34183,4
34184,9
34185,9
34186,8
34187,9
34188,9
34189,5
34190,7
34191,10
34192,1
34193,1
34194,7
34195,5
34196,8
34197,7
34198,5
34199,7
34200,5
34201,10
34202,10
34203,5
34204,10
34205,5
34206,5
34207,8
34208,10
34209,3
34210,10
34211,9
34212,6
34213,8
34214,10
34215,6
34216,6
34217,1
34218,5
34219,4
34220,4
34221,9
34222,2
34223,2
34224,5
34225,10
34226,6
34227,10
34228,5
34229,5
34230,9
34231,5
34232,5
34233,6
34234,5
34235,4
34236,9
34237,4
34238,6
34239,6
34240,4
34241,5
34242,3
34243,7
34244,10
34245,10
34246,10
34247,5
34248,5
34249,4
34250,5
34251,7
34252,7
34253,5
34254,10
34255,5
34256,5
34257,5
34258,5
34259,5
34260,1
34261,9
34262,3
34263,8
34264,8
34265,7
34266,4
34267,7
34268,1
34269,5
34270,5
34271,5
34272,9
34273,4
34274,3
34275,5
34276,7
34277,1
34278,7
34279,10
34280,4
34281,7
34282,5
34283,10
34284,10
34285,5
34286,10
34287,5
34288,10
34289,5
34290,5
34291,10
34292,5
34293,5
34294,9
34295,9
34296,4
34297,5
34298,4
34299,2
34300,4
34301,9
34302,9
34303,2
34304,7
34305,9
34306,1
34307,7
34308,7
34309,7
34310,5
34311,10
34312,10
34313,4
34314,9
34315,4
34316,10
34317,8
34318,9
34319,9
34320,8
34321,3
34322,7
34323,10
34324,9
34325,9
34326,9
34327,9
34328,4
34329,10
34330,1
34331,10
34332,10
34333,10
34334,10
34335,10
34336,10
34337,10
34338,10
34339,10
34340,7
34341,4
34342,10
34343,7
34344,8
34345,1
34346,3
34347,4
34348,1
34349,6
34350,10
34351,4
34352,8
34353,9
34354,4
34355,4
34356,10
34357,8
34358,4
34359,1
34360,9
34361,5
34362,5
34363,6
34364,8
34365,1
34366,5
34367,6
34368,7
34369,10
34370,10
34371,9
34372,4
34373,9
34374,2
34375,2
34376,9
34377,9
34378,9
34379,2
34380,2
34381,9
34382,9
34383,9
34384,2
34385,7
34386,9
34387,7
34388,2
34389,9
34390,9
34391,3
34392,9
34393,1
34394,9
34395,4
34396,9
34397,9
34398,9
34399,9
34400,9
34401,1
34402,4
34403,7
34404,1
34405,4
34406,9
34407,4
34408,4
34409,1
34410,1
34411,3
34412,8
34413,8
34414,9
34415,8
34416,6
34417,4
34418,6
34419,9
34420,9
34421,4
34422,5
34423,8
34424,1
34425,5
34426,1
34427,7
34428,6
34429,7
34430,7
34431,6
34432,6
34433,5
34434,7
34435,7
34436,5
34437,7
34438,7
34439,5
34440,10
34441,7
34442,10
34443,10
34444,10
34445,5
34446,5
34447,5
34448,10
34449,10
34450,5
34451,5
34452,8
34453,5
34454,4
34455,9
34456,8
34457,4
34458,4
34459,3
34460,1
34461,9
34462,9
34463,10
34464,7
34465,7
34466,7
34467,1
34468,7
34469,7
34470,5
34471,6
34472,2
34473,4
34474,2
34475,1
34476,7
34477,7
34478,7
34479,6
34480,7
34481,7
34482,7
34483,1
34484,1
34485,1
34486,7
34487,6
34488,6
34489,7
34490,7
34491,7
34492,10
34493,10
34494,10
34495,5
34496,5
34497,5
34498,5
34499,5
34500,8
34501,7
34502,6
34503,7
34504,2
34505,7
34506,7
34507,7
34508,2
34509,2
34510,10
34511,8
34512,8
34513,9
34514,10
34515,3
34516,10
34517,9
34518,2
34519,9
34520,9
34521,9
34522,9
34523,9
34524,9
34525,9
34526,3
34527,8
34528,4
34529,10
34530,1
34531,1
34532,3
34533,10
34534,1
34535,3
34536,10
34537,8
34538,6
34539,1
34540,9
34541,1
34542,6
34543,1
34544,8
34545,3
34546,5
34547,5
34548,6
34549,10
34550,5
34551,7
34552,4
34553,5
34554,7
34555,7
34556,5
34557,5
34558,7
34559,4
34560,10
34561,5
34562,5
34563,10
34564,5
34565,10
34566,4
34567,10
34568,10
34569,10
34570,8
34571,9
34572,4
34573,4
34574,5
34575,2
34576,8
34577,1
34578,6
34579,1
34580,6
34581,5
34582,5
34583,1
34584,7
34585,7
34586,5
34587,5
34588,4
34589,5
34590,10
34591,5
34592,6
34593,10
34594,5
34595,5
34596,4
34597,6
34598,2
34599,9
34600,8
34601,1
34602,6
34603,1
34604,7
34605,7
34606,5
34607,1
34608,5
34609,7
34610,9
34611,7
34612,10
34613,8
34614,9
34615,1
34616,1
34617,7
34618,1
34619,1
34620,1
34621,5
34622,5
34623,7
34624,7
34625,7
34626,10
34627,6
34628,2
34629,7
34630,2
34631,1
34632,5
34633,1
34634,4
34635,4
34636,7
34637,8
34638,6
34639,5
34640,5
34641,5
34642,7
34643,5
34644,1
34645,5
34646,6
34647,5
34648,4
34649,6
34650,3
34651,1
34652,7
34653,7
34654,6
34655,6
34656,7
34657,7
34658,1
34659,7
34660,7
34661,7
34662,3
34663,5
34664,5
34665,1
34666,5
34667,7
34668,1
34669,5
34670,1
34671,7
34672,5
34673,5
34674,8
34675,8
34676,4
34677,7
34678,7
34679,7
34680,8
34681,10
34682,10
34683,5
34684,5
34685,6
34686,1
34687,2
34688,4
34689,2
34690,3
34691,9
34692,6
34693,7
34694,7
34695,6
34696,5
34697,3
34698,5
34699,7
34700,7
34701,7
34702,10
34703,4
34704,7
34705,1
34706,6
34707,9
34708,4
34709,5
34710,5
34711,5
34712,1
34713,5
34714,3
34715,6
34716,1
34717,6
34718,5
34719,6
34720,4
34721,4
34722,9
34723,2
34724,9
34725,6
34726,7
34727,4
34728,9
34729,6
34730,8
34731,7
34732,10
34733,6
34734,1
34735,9
34736,1
34737,7
34738,7
34739,9
34740,5
34741,5
34742,5
34743,5
34744,5
34745,10
34746,10
34747,5
34748,8
34749,5
34750,2
34751,8
34752,2
34753,9
34754,9
34755,9
34756,6
34757,10
34758,9
34759,5
34760,2
34761,9
34762,9
34763,6
34764,8
34765,6
34766,3
34767,3
34768,4
34769,9
34770,5
34771,4
34772,4
34773,1
34774,1
34775,1
34776,5
34777,10
34778,10
34779,8
34780,6
34781,9
34782,9
34783,4
34784,6
34785,5
34786,9
34787,1
34788,5
34789,6
34790,1
34791,4
34792,1
34793,10
34794,7
34795,7
34796,6
34797,3
34798,4
34799,7
34800,10
34801,9
34802,2
34803,7
34804,2
34805,2
34806,8
34807,2
34808,2
34809,9
34810,2
34811,10
34812,7
34813,5
34814,5
34815,5
34816,4
34817,4
34818,9
34819,10
34820,6
34821,9
34822,5
34823,7
34824,5
34825,5
34826,10
34827,4
34828,2
34829,9
34830,2
34831,8
34832,10
34833,7
34834,7
34835,1
34836,7
34837,6
34838,7
34839,7
34840,7
34841,7
34842,7
34843,6
34844,6
34845,1
34846,6
34847,1
34848,7
34849,5
34850,1
34851,10
34852,10
34853,10
34854,8
34855,8
34856,7
34857,2
34858,2
34859,2
34860,6
34861,4
34862,4
34863,4
34864,9
34865,5
34866,4
34867,1
34868,9
34869,5
34870,7
34871,1
34872,10
34873,1
34874,10
34875,10
34876,5
34877,6
34878,7
34879,10
34880,4
34881,5
34882,9
34883,6
34884,9
34885,9
34886,6
34887,1
34888,6
34889,1
34890,6
34891,1
34892,1
34893,7
34894,5
34895,6
34896,5
34897,10
34898,10
34899,10
34900,5
34901,10
34902,8
34903,4
34904,4
34905,4
34906,5
34907,3
34908,5
34909,10
34910,5
34911,9
34912,7
34913,2
34914,4
34915,8
34916,7
34917,5
34918,1
34919,10
34920,4
34921,7
34922,6
34923,10
34924,10
34925,10
34926,9
34927,4
34928,8
34929,7
34930,1
34931,6
34932,7
34933,7
34934,7
34935,8
34936,1
34937,1
34938,9
34939,7
34940,5
34941,5
34942,5
34943,10
34944,4
34945,9
34946,4
34947,6
34948,10
34949,7
34950,8
34951,7
34952,5
34953,10
34954,5
34955,4
34956,4
34957,6
34958,7
34959,7
34960,10
34961,9
34962,2
34963,9
34964,8
34965,9
34966,2
34967,9
34968,1
34969,4
34970,4
34971,4
34972,8
34973,5
34974,2
34975,2
34976,2
34977,7
34978,7
34979,7
34980,1
34981,1
34982,10
34983,7
34984,2
34985,1
34986,7
34987,10
34988,9
34989,6
34990,10
34991,8
34992,9
34993,2
34994,1
34995,4
34996,7
34997,2
34998,6
34999,1
35000,7
35001,7
35002,5
35003,10
35004,10
35005,9
35006,7
35007,1
35008,2
35009,4
35010,1
35011,2
35012,2
35013,2
35014,1
35015,5
35016,5
35017,7
35018,7
35019,7
35020,7
35021,10
35022,9
35023,4
35024,4
35025,10
35026,9
35027,4
35028,2
35029,6
35030,8
35031,10
35032,4
35033,1
35034,10
35035,7
35036,7
35037,10
35038,8
35039,9
35040,10
35041,10
35042,9
35043,4
35044,4
35045,9
35046,2
35047,7
35048,6
35049,7
35050,10
35051,6
35052,5
35053,10
35054,5
35055,10
35056,10
35057,5
35058,8
35059,8
35060,4
35061,1
35062,5
35063,6
35064,9
35065,5
35066,10
35067,10
35068,3
35069,5
35070,7
35071,9
35072,9
35073,4
35074,7
35075,9
35076,9
35077,9
35078,1
35079,1
35080,1
35081,8
35082,5
35083,10
35084,6
35085,2
35086,7
35087,4
35088,4
35089,9
35090,6
35091,9
35092,8
35093,7
35094,8
35095,4
35096,10
35097,4
35098,7
35099,9
35100,2
35101,10
35102,10
35103,10
35104,10
35105,4
35106,10
35107,10
35108,5
35109,1
35110,5
35111,6
35112,10
35113,10
35114,6
35115,1
35116,2
35117,8
35118,2
35119,8
35120,9
35121,10
35122,9
35123,6
35124,1
35125,8
35126,4
35127,9
35128,1
35129,1
35130,8
35131,10
35132,5
35133,10
35134,5
35135,10
35136,10
35137,8
35138,4
35139,4
35140,2
35141,9
35142,8
35143,6
35144,2
35145,9
35146,6
35147,5
35148,9
35149,5
35150,5
35151,1
35152,10
35153,5
35154,9
35155,4
35156,9
35157,6
35158,10
35159,1
35160,9
35161,6
35162,1
35163,5
35164,10
35165,10
35166,8
35167,4
35168,9
35169,2
35170,8
35171,5
35172,10
35173,9
35174,7
35175,5
35176,10
35177,6
35178,7
35179,7
35180,1
35181,5
35182,10
35183,5
35184,10
35185,9
35186,4
35187,6
35188,4
35189,5
35190,8
35191,5
35192,10
35193,8
35194,1
35195,7
35196,5
35197,5
35198,5
35199,5
35200,1
35201,10
35202,10
35203,6
35204,4
35205,2
35206,2
35207,3
35208,3
35209,9
35210,10
35211,10
35212,10
35213,5
35214,10
35215,6
35216,1
35217,7
35218,10
35219,7
35220,1
35221,1
35222,10
35223,9
35224,10
35225,5
35226,10
35227,4
35228,10
35229,1
35230,10
35231,8
35232,2
35233,9
35234,8
35235,1
35236,1
35237,5
35238,6
35239,10
35240,7
35241,7
35242,5
35243,2
35244,4
35245,4
35246,5
35247,10
35248,8
35249,4
35250,6
35251,9
35252,3
35253,4
35254,5
35255,5
35256,4
35257,1
35258,6
35259,5
35260,1
35261,6
35262,6
35263,7
35264,7
35265,10
35266,10
35267,8
35268,5
35269,4
35270,4
35271,5
35272,1
35273,5
35274,9
35275,2
35276,3
35277,2
35278,8
35279,9
35280,9
35281,4
35282,2
35283,10
35284,9
35285,1
35286,10
35287,4
35288,4
35289,8
35290,4
35291,9
35292,4
35293,9
35294,6
35295,8
35296,5
35297,7
35298,5
35299,10
35300,6
35301,8
35302,3
35303,10
35304,1
35305,5
35306,5
35307,7
35308,7
35309,5
35310,10
35311,10
35312,4
35313,5
35314,5
35315,10
35316,8
35317,4
35318,4
35319,4
35320,8
35321,10
35322,8
35323,7
35324,7
35325,10
35326,6
35327,6
35328,10
35329,6
35330,10
35331,6
35332,10
35333,10
35334,10
35335,6
35336,10
35337,1
35338,1
35339,1
35340,1
35341,7
35342,3
35343,1
35344,10
35345,1
35346,1
35347,10
35348,1
35349,7
35350,4
35351,8
35352,8
35353,1
35354,9
35355,7
35356,6
35357,1
35358,5
35359,1
35360,5
35361,10
35362,5
35363,8
35364,9
35365,5
35366,6
35367,5
35368,2
35369,8
35370,8
35371,5
35372,9
35373,7
35374,7
35375,8
35376,1
35377,3
35378,6
35379,1
35380,1
35381,6
35382,5
35383,9
35384,7
35385,5
35386,10
35387,10
35388,8
35389,9
35390,5
35391,3
35392,3
35393,10
35394,10
35395,7
35396,5
35397,6
35398,7
35399,9
35400,9
35401,9
35402,9
35403,4
35404,6
35405,2
35406,7
35407,9
35408,4
35409,6
35410,9
35411,10
35412,10
35413,5
35414,7
35415,7
35416,7
35417,6
35418,5
35419,5
35420,4
35421,4
35422,4
35423,4
35424,7
35425,1
35426,2
35427,7
35428,9
35429,4
35430,5
35431,5
35432,7
35433,3
35434,4
35435,4
35436,9
35437,6
35438,7
35439,1
35440,10
35441,5
35442,4
35443,5
35444,8
35445,7
35446,6
35447,4
35448,5
35449,7
35450,7
35451,9
35452,8
35453,9
35454,8
35455,1
35456,1
35457,5
35458,5
35459,6
35460,5
35461,10
35462,8
35463,4
35464,7
35465,4
35466,9
35467,2
35468,8
35469,8
35470,2
35471,9
35472,9
35473,5
35474,5
35475,3
35476,5
35477,5
35478,8
35479,4
35480,7
35481,10
35482,10
35483,4
35484,10
35485,9
35486,5
35487,10
35488,5
35489,8
35490,4
35491,1
35492,9
35493,9
35494,1
35495,3
35496,5
35497,10
35498,5
35499,4
35500,7
35501,7
35502,1
35503,5
35504,9
35505,9
35506,6
35507,3
35508,6
35509,9
35510,4
35511,1
35512,5
35513,5
35514,3
35515,10
35516,5
35517,5
35518,4
35519,9
35520,4
35521,7
35522,6
35523,3
35524,3
35525,5
35526,6
35527,7
35528,1
35529,5
35530,9
35531,4
35532,8
35533,5
35534,7
35535,3
35536,6
35537,6
35538,6
35539,8
35540,4
35541,1
35542,1
35543,1
35544,5
35545,4
35546,9
35547,9
35548,4
35549,9
35550,5
35551,7
35552,9
35553,9
35554,5
35555,10
35556,10
35557,9
35558,4
35559,4
35560,6
35561,4
35562,5
35563,8
35564,9
35565,8
35566,6
35567,8
35568,9
35569,1
35570,6
35571,3
35572,4
35573,9
35574,1
35575,9
35576,4
35577,10
35578,10
35579,6
35580,4
35581,4
35582,4
35583,3
35584,1
35585,6
35586,3
35587,5
35588,1
35589,7
35590,5
35591,5
35592,7
35593,1
35594,1
35595,1
35596,1
35597,7
35598,6
35599,7
35600,7
35601,1
35602,5
35603,7
35604,7
35605,5
35606,2
35607,2
35608,3
35609,8
35610,4
35611,9
35612,6
35613,4
35614,9
35615,3
35616,1
35617,7
35618,10
35619,5
35620,9
35621,4
35622,6
35623,6
35624,6
35625,4
35626,9
35627,3
35628,3
35629,1
35630,1
35631,3
35632,7
35633,5
35634,9
35635,4
35636,7
35637,9
35638,6
35639,3
35640,4
35641,1
35642,5
35643,5
35644,5
35645,4
35646,8
35647,3
35648,5
35649,7
35650,5
35651,7
35652,5
35653,10
35654,4
35655,1
35656,3
35657,1
35658,1
35659,5
35660,5
35661,5
35662,10
35663,9
35664,10
35665,10
35666,10
35667,9
35668,4
35669,9
35670,5
35671,10
35672,1
35673,9
35674,9
35675,2
35676,8
35677,8
35678,6
35679,6
35680,8
35681,9
35682,6
35683,1
35684,3
35685,1
35686,1
35687,4
35688,9
35689,1
35690,7
35691,1
35692,4
35693,4
35694,10
35695,5
35696,5
35697,5
35698,5
35699,5
35700,10
35701,1
35702,7
35703,3
35704,10
35705,9
35706,1
35707,5
35708,6
35709,5
35710,5
35711,10
35712,10
35713,7
35714,5
35715,4
35716,7
35717,4
35718,9
35719,2
35720,9
35721,1
35722,1
35723,7
35724,5
35725,1
35726,5
35727,5
35728,7
35729,4
35730,9
35731,4
35732,9
35733,4
35734,8
35735,2
35736,8
35737,10
35738,2
35739,9
35740,3
35741,8
35742,4
35743,1
35744,10
35745,5
35746,9
35747,4
35748,1
35749,8
35750,7
35751,7
35752,5
35753,6
35754,5
35755,9
35756,7
35757,6
35758,9
35759,9
35760,6
35761,9
35762,10
35763,10
35764,9
35765,1
35766,5
35767,5
35768,9
35769,5
35770,5
35771,7
35772,6
35773,5
35774,10
35775,10
35776,10
35777,4
35778,5
35779,4
35780,5
35781,1
35782,5
35783,1
35784,5
35785,7
35786,5
35787,5
35788,1
35789,7
35790,10
35791,5
35792,4
35793,9
35794,4
35795,7
35796,2
35797,2
35798,3
35799,9
35800,7
35801,7
35802,9
35803,6
35804,6
35805,8
35806,7
35807,1
35808,8
35809,5
35810,1
35811,1
35812,9
35813,5
35814,1
35815,5
35816,5
35817,6
35818,5
35819,8
35820,3
35821,6
35822,9
35823,4
35824,9
35825,5
35826,5
35827,9
35828,6
35829,5
35830,10
35831,4
35832,10
35833,9
35834,5
35835,7
35836,7
35837,7
35838,7
35839,1
35840,10
35841,4
35842,4
35843,4
35844,4
35845,7
35846,6
35847,1
35848,1
35849,9
35850,4
35851,8
35852,1
35853,3
35854,5
35855,1
35856,7
35857,1
35858,1
35859,7
35860,7
35861,5
35862,6
35863,10
35864,4
35865,4
35866,2
35867,9
35868,2
35869,3
35870,8
35871,9
35872,4
35873,9
35874,10
35875,8
35876,4
35877,3
35878,1
35879,1
35880,5
35881,7
35882,5
35883,10
35884,5
35885,5
35886,10
35887,4
35888,4
35889,9
35890,9
35891,7
35892,1
35893,1
35894,7
35895,3
35896,7
35897,9
35898,5
35899,5
35900,8
35901,6
35902,9
35903,5
35904,10
35905,6
35906,10
35907,10
35908,4
35909,4
35910,4
35911,4
35912,8
35913,7
35914,3
35915,1
35916,4
35917,9
35918,9
35919,9
35920,9
35921,6
35922,3
35923,1
35924,1
35925,7
35926,3
35927,5
35928,5
35929,6
35930,4
35931,5
35932,9
35933,9
35934,3
35935,6
35936,3
35937,8
35938,3
35939,4
35940,3
35941,5
35942,5
35943,1
35944,6
35945,7
35946,7
35947,10
35948,4
35949,9
35950,6
35951,7
35952,10
35953,1
35954,7
35955,1
35956,1
35957,1
35958,1
35959,5
35960,6
35961,1
35962,8
35963,10
35964,5
35965,4
35966,9
35967,7
35968,5
35969,1
35970,1
35971,1
35972,3
35973,5
35974,5
35975,2
35976,2
35977,1
35978,7
35979,2
35980,7
35981,6
35982,2
35983,3
35984,2
35985,9
35986,9
35987,6
35988,1
35989,9
35990,10
35991,3
35992,7
35993,5
35994,10
35995,5
35996,8
35997,7
35998,6
35999,10
36000,7
36001,7
36002,10
36003,4
36004,2
36005,3
36006,4
36007,5
36008,3
36009,3
36010,5
36011,1
36012,5
36013,7
36014,7
36015,7
36016,5
36017,4
36018,5
36019,4
36020,1
36021,9
36022,2
36023,2
36024,8
36025,7
36026,3
36027,9
36028,4
36029,3
36030,3
36031,7
36032,4
36033,3
36034,7
36035,1
36036,5
36037,5
36038,7
36039,7
36040,1
36041,3
36042,6
36043,7
36044,9
36045,1
36046,5
36047,5
36048,7
36049,7
36050,5
36051,7
36052,7
36053,10
36054,9
36055,10
36056,8
36057,4
36058,3
36059,8
36060,4
36061,4
36062,4
36063,3
36064,6
36065,1
36066,8
36067,5
36068,3
36069,2
36070,7
36071,2
36072,9
36073,10
36074,8
36075,5
36076,5
36077,8
36078,8
36079,4
36080,2
36081,10
36082,5
36083,1
36084,10
36085,9
36086,2
36087,9
36088,7
36089,9
36090,6
36091,7
36092,6
36093,5
36094,5
36095,1
36096,5
36097,9
36098,5
36099,5
36100,5
36101,9
36102,8
36103,8
36104,6
36105,7
36106,6
36107,3
36108,8
36109,7
36110,1
36111,7
36112,1
36113,7
36114,1
36115,7
36116,6
36117,7
36118,1
36119,7
36120,5
36121,7
36122,7
36123,7
36124,5
36125,5
36126,3
36127,9
36128,9
36129,5
36130,10
36131,5
36132,8
36133,1
36134,9
36135,5
36136,4
36137,5
36138,5
36139,5
36140,7
36141,9
36142,10
36143,8
36144,10
36145,4
36146,8
36147,8
36148,4
36149,9
36150,2
36151,6
36152,7
36153,8
36154,8
36155,7
36156,2
36157,4
36158,2
36159,2
36160,7
36161,2
36162,5
36163,3
36164,9
36165,10
36166,10
36167,2
36168,4
36169,5
36170,5
36171,1
36172,1
36173,8
36174,10
36175,10
36176,10
36177,4
36178,7
36179,6
36180,9
36181,6
36182,7
36183,4
36184,5
36185,1
36186,5
36187,10
36188,10
36189,10
36190,5
36191,4
36192,8
36193,9
36194,4
36195,8
36196,10
36197,3
36198,6
36199,1
36200,6
36201,5
36202,6
36203,5
36204,1
36205,10
36206,7
36207,1
36208,7
36209,1
36210,5
36211,10
36212,10
36213,10
36214,4
36215,5
36216,4
36217,9
36218,2
36219,8
36220,7
36221,9
36222,4
36223,8
36224,2
36225,10
36226,10
36227,10
36228,4
36229,4
36230,10
36231,4
36232,3
36233,2
36234,6
36235,8
36236,7
36237,7
36238,1
36239,3
36240,6
36241,10
36242,10
36243,10
36244,5
36245,6
36246,2
36247,4
36248,1
36249,4
36250,7
36251,2
36252,9
36253,9
36254,2
36255,8
36256,8
36257,10
36258,10
36259,10
36260,9
36261,1
36262,5
36263,7
36264,5
36265,10
36266,5
36267,10
36268,9
36269,4
36270,4
36271,7
36272,2
36273,1
36274,8
36275,8
36276,9
36277,1
36278,6
36279,7
36280,10
36281,10
36282,6
36283,9
36284,9
36285,2
36286,2
36287,9
36288,2
36289,8
36290,10
36291,2
36292,9
36293,8
36294,10
36295,10
36296,10
36297,9
36298,4
36299,10
36300,6
36301,10
36302,3
36303,1
36304,9
36305,5
36306,10
36307,5
36308,5
36309,5
36310,10
36311,10
36312,4
36313,4
36314,4
36315,9
36316,4
36317,1
36318,7
36319,1
36320,10
36321,5
36322,10
36323,10
36324,4
36325,8
36326,4
36327,5
36328,2
36329,2
36330,6
36331,9
36332,4
36333,10
36334,7
36335,1
36336,6
36337,1
36338,1
36339,7
36340,5
36341,8
36342,5
36343,8
36344,4
36345,4
36346,5
36347,7
36348,7
36349,6
36350,7
36351,7
36352,5
36353,6
36354,7
36355,10
36356,7
36357,4
36358,6
36359,4
36360,9
36361,3
36362,10
36363,3
36364,9
36365,7
36366,7
36367,6
36368,10
36369,10
36370,5
36371,2
36372,4
36373,9
36374,4
36375,5
36376,10
36377,10
36378,7
36379,10
36380,10
36381,10
36382,10
36383,4
36384,9
36385,6
36386,10
36387,4
36388,9
36389,4
36390,1
36391,8
36392,9
36393,5
36394,7
36395,10
36396,5
36397,7
36398,10
36399,4
36400,9
36401,2
36402,9
36403,2
36404,2
36405,7
36406,9
36407,10
36408,6
36409,10
36410,5
36411,10
36412,4
36413,4
36414,2
36415,4
36416,10
36417,4
36418,6
36419,7
36420,6
36421,10
36422,8
36423,1
36424,6
36425,7
36426,5
36427,5
36428,10
36429,5
36430,10
36431,4
36432,5
36433,4
36434,4
36435,8
36436,5
36437,1
36438,10
36439,8
36440,6
36441,5
36442,7
36443,10
36444,6
36445,2
36446,4
36447,4
36448,3
36449,6
36450,5
36451,2
36452,8
36453,7
36454,9
36455,8
36456,9
36457,4
36458,4
36459,8
36460,5
36461,6
36462,8
36463,10
36464,5
36465,10
36466,4
36467,9
36468,5
36469,5
36470,5
36471,5
36472,9
36473,10
36474,5
36475,6
36476,6
36477,10
36478,5
36479,9
36480,2
36481,1
36482,5
36483,5
36484,10
36485,4
36486,4
36487,5
36488,4
36489,10
36490,2
36491,4
36492,9
36493,10
36494,5
36495,5
36496,4
36497,4
36498,10
36499,9
36500,10
36501,8
36502,3
36503,9
36504,1
36505,1
36506,9
36507,5
36508,8
36509,3
36510,7
36511,4
36512,3
36513,5
36514,1
36515,5
36516,5
36517,3
36518,8
36519,5
36520,7
36521,5
36522,5
36523,10
36524,4
36525,4
36526,4
36527,1
36528,10
36529,9
36530,9
36531,1
36532,10
36533,4
36534,3
36535,1
36536,1
36537,7
36538,10
36539,5
36540,6
36541,5
36542,9
36543,6
36544,5
36545,4
36546,8
36547,8
36548,3
36549,9
36550,5
36551,9
36552,7
36553,6
36554,9
36555,4
36556,6
36557,1
36558,4
36559,10
36560,8
36561,4
36562,4
36563,4
36564,7
36565,10
36566,4
36567,10
36568,4
36569,8
36570,8
36571,2
36572,2
36573,6
36574,5
36575,6
36576,10
36577,5
36578,10
36579,4
36580,8
36581,4
36582,5
36583,3
36584,5
36585,7
36586,5
36587,5
36588,10
36589,10
36590,4
36591,4
36592,5
36593,1
36594,5
36595,9
36596,5
36597,7
36598,5
36599,7
36600,6
36601,9
36602,10
36603,5
36604,5
36605,4
36606,3
36607,1
36608,6
36609,6
36610,4
36611,6
36612,1
36613,3
36614,7
36615,1
36616,7
36617,6
36618,1
36619,10
36620,7
36621,6
36622,5
36623,10
36624,4
36625,4
36626,8
36627,4
36628,1
36629,7
36630,6
36631,7
36632,2
36633,5
36634,5
36635,5
36636,7
36637,5
36638,4
36639,5
36640,1
36641,7
36642,8
36643,7
36644,5
36645,5
36646,10
36647,5
36648,1
36649,8
36650,10
36651,10
36652,10
36653,7
36654,5
36655,5
36656,8
36657,4
36658,4
36659,9
36660,1
36661,7
36662,5
36663,10
36664,10
36665,10
36666,5
36667,4
36668,4
36669,9
36670,4
36671,4
36672,7
36673,7
36674,7
36675,2
36676,1
36677,7
36678,7
36679,7
36680,8
36681,7
36682,1
36683,6
36684,1
36685,7
36686,10
36687,7
36688,8
36689,9
36690,9
36691,9
36692,1
36693,4
36694,9
36695,4
36696,7
36697,10
36698,6
36699,4
36700,4
36701,7
36702,8
36703,4
36704,4
36705,4
36706,4
36707,4
36708,4
36709,4
36710,7
36711,4
36712,10
36713,10
36714,8
36715,4
36716,7
36717,6
36718,1
36719,5
36720,7
36721,10
36722,7
36723,1
36724,7
36725,6
36726,6
36727,2
36728,5
36729,10
36730,2
36731,2
36732,10
36733,10
36734,10
36735,10
36736,10
36737,10
36738,10
36739,10
36740,10
36741,6
36742,10
36743,10
36744,10
36745,10
36746,10
36747,5
36748,5
36749,5
36750,1
36751,7
36752,10
36753,9
36754,8
36755,4
36756,4
36757,4
36758,4
36759,4
36760,4
36761,4
36762,5
36763,1
36764,8
36765,5
36766,5
36767,10
36768,7
36769,1
36770,4
36771,4
36772,5
36773,1
36774,9
36775,4
36776,7
36777,7
36778,7
36779,9
36780,8
36781,1
36782,5
36783,10
36784,6
36785,6
36786,8
36787,5
36788,7
36789,7
36790,7
36791,7
36792,10
36793,10
36794,4
36795,4
36796,7
36797,5
36798,5
36799,4
36800,9
36801,5
36802,9
36803,6
36804,8
36805,6
36806,4
36807,8
36808,6
36809,3
36810,6
36811,9
36812,7
36813,7
36814,5
36815,9
36816,6
36817,6
36818,6
36819,4
36820,4
36821,4
36822,4
36823,4
36824,4
36825,10
36826,9
36827,8
36828,6
36829,8
36830,9
36831,1
36832,1
36833,1
36834,9
36835,6
36836,1
36837,5
36838,10
36839,10
36840,4
36841,5
36842,4
36843,8
36844,4
36845,4
36846,5
36847,5
36848,5
36849,8
36850,6
36851,9
36852,9
36853,9
36854,9
36855,9
36856,9
36857,8
36858,9
36859,9
36860,6
36861,6
36862,3
36863,6
36864,2
36865,6
36866,10
36867,7
36868,1
36869,1
36870,6
36871,7
36872,2
36873,2
36874,8
36875,2
36876,7
36877,10
36878,4
36879,5
36880,7
36881,8
36882,4
36883,9
36884,9
36885,9
36886,4
36887,5
36888,7
36889,7
36890,10
36891,10
36892,6
36893,9
36894,9
36895,9
36896,9
36897,7
36898,2
36899,3
36900,3
36901,6
36902,1
36903,6
36904,6
36905,6
36906,3
36907,9
36908,2
36909,5
36910,4
36911,1
36912,7
36913,1
36914,10
36915,4
36916,5
36917,4
36918,4
36919,5
36920,10
36921,4
36922,4
36923,9
36924,5
36925,1
36926,6
36927,7
36928,6
36929,7
36930,5
36931,6
36932,6
36933,1
36934,9
36935,6
36936,3
36937,7
36938,2
36939,10
36940,1
36941,2
36942,2
36943,4
36944,4
36945,4
36946,4
36947,6
36948,7
36949,1
36950,3
36951,4
36952,8
36953,7
36954,6
36955,3
36956,1
36957,1
36958,1
36959,6
36960,5
36961,6
36962,5
36963,5
36964,10
36965,5
36966,10
36967,7
36968,5
36969,9
36970,4
36971,4
36972,7
36973,7
36974,9
36975,9
36976,2
36977,9
36978,5
36979,5
36980,1
36981,1
36982,7
36983,5
36984,5
36985,10
36986,9
36987,4
36988,5
36989,5
36990,9
36991,9
36992,7
36993,4
36994,9
36995,6
36996,1
36997,1
36998,1
36999,1
37000,1
37001,1
37002,7
37003,7
37004,6
37005,10
37006,6
37007,9
37008,7
37009,6
37010,5
37011,5
37012,10
37013,4
37014,8
37015,4
37016,4
37017,4
37018,5
37019,4
37020,9
37021,6
37022,3
37023,8
37024,1
37025,1
37026,5
37027,5
37028,5
37029,4
37030,3
37031,6
37032,8
37033,4
37034,3
37035,3
37036,1
37037,5
37038,1
37039,7
37040,10
37041,4
37042,1
37043,5
37044,1
37045,5
37046,7
37047,7
37048,10
37049,7
37050,10
37051,10
37052,9
37053,9
37054,9
37055,1
37056,1
37057,1
37058,5
37059,10
37060,4
37061,9
37062,9
37063,9
37064,9
37065,6
37066,7
37067,9
37068,9
37069,8
37070,8
37071,2
37072,4
37073,8
37074,4
37075,8
37076,3
37077,9
37078,9
37079,6
37080,5
37081,1
37082,8
37083,7
37084,5
37085,10
37086,2
37087,4
37088,6
37089,9
37090,7
37091,7
37092,6
37093,7
37094,7
37095,7
37096,1
37097,7
37098,5
37099,10
37100,7
37101,7
37102,10
37103,7
37104,6
37105,5
37106,5
37107,5
37108,5
37109,5
37110,10
37111,10
37112,4
37113,8
37114,4
37115,5
37116,2
37117,2
37118,1
37119,3
37120,6
37121,5
37122,5
37123,8
37124,1
37125,2
37126,6
37127,4
37128,2
37129,7
37130,1
37131,3
37132,3
37133,6
37134,10
37135,5
37136,4
37137,9
37138,4
37139,9
37140,9
37141,6
37142,1
37143,1
37144,1
37145,7
37146,7
37147,7
37148,7
37149,6
37150,6
37151,7
37152,5
37153,1
37154,1
37155,1
37156,7
37157,7
37158,7
37159,10
37160,10
37161,5
37162,5
37163,5
37164,9
37165,9
37166,3
37167,8
37168,8
37169,10
37170,10
37171,5
37172,5
37173,5
37174,9
37175,4
37176,2
37177,7
37178,8
37179,9
37180,7
37181,9
37182,7
37183,9
37184,2
37185,2
37186,8
37187,2
37188,4
37189,4
37190,9
37191,7
37192,6
37193,6
37194,5
37195,8
37196,6
37197,1
37198,5
37199,10
37200,2
37201,9
37202,2
37203,9
37204,6
37205,7
37206,7
37207,10
37208,10
37209,10
37210,7
37211,9
37212,4
37213,7
37214,2
37215,5
37216,7
37217,4
37218,9
37219,3
37220,3
37221,3
37222,6
37223,7
37224,1
37225,1
37226,10
37227,10
37228,5
37229,1
37230,7
37231,7
37232,7
37233,7
37234,7
37235,3
37236,4
37237,9
37238,6
37239,6
37240,10
37241,7
37242,7
37243,2
37244,8
37245,2
37246,9
37247,8
37248,4
37249,8
37250,2
37251,8
37252,8
37253,9
37254,9
37255,4
37256,3
37257,7
37258,9
37259,5
37260,6
37261,6
37262,3
37263,2
37264,2
37265,5
37266,5
37267,10
37268,2
37269,4
37270,5
37271,4
37272,2
37273,2
37274,10
37275,9
37276,9
37277,7
37278,6
37279,3
37280,2
37281,10
37282,6
37283,5
37284,10
37285,4
37286,4
37287,2
37288,2
37289,1
37290,1
37291,9
37292,5
37293,2
37294,9
37295,7
37296,10
37297,5
37298,10
37299,9
37300,9
37301,3
37302,3
37303,6
37304,9
37305,9
37306,5
37307,6
37308,7
37309,5
37310,7
37311,10
37312,5
37313,6
37314,7
37315,10
37316,2
37317,6
37318,9
37319,2
37320,10
37321,6
37322,1
37323,7
37324,3
37325,5
37326,10
37327,5
37328,7
37329,7
37330,7
37331,6
37332,2
37333,3
37334,1
37335,7
37336,5
37337,7
37338,7
37339,7
37340,5
37341,7
37342,5
37343,9
37344,5
37345,7
37346,8
37347,5
37348,7
37349,10
37350,2
37351,9
37352,9
37353,6
37354,3
37355,1
37356,3
37357,1
37358,5
37359,6
37360,4
37361,8
37362,10
37363,7
37364,7
37365,7
37366,8
37367,7
37368,7
37369,5
37370,6
37371,9
37372,5
37373,5
37374,10
37375,9
37376,9
37377,7
37378,7
37379,2
37380,4
37381,2
37382,9
37383,4
37384,9
37385,7
37386,9
37387,6
37388,4
37389,9
37390,4
37391,4
37392,4
37393,5
37394,8
37395,6
37396,8
37397,3
37398,6
37399,7
37400,2
37401,7
37402,1
37403,4
37404,5
37405,1
37406,8
37407,1
37408,7
37409,7
37410,7
37411,7
37412,7
37413,10
37414,4
37415,4
37416,4
37417,2
37418,9
37419,9
37420,3
37421,5
37422,5
37423,5
37424,4
37425,10
37426,4
37427,5
37428,5
37429,4
37430,7
37431,7
37432,7
37433,6
37434,9
37435,9
37436,3
37437,7
37438,3
37439,1
37440,1
37441,7
37442,7
37443,5
37444,10
37445,10
37446,5
37447,6
37448,10
37449,4
37450,1
37451,9
37452,1
37453,7
37454,8
37455,2
37456,9
37457,8
37458,8
37459,4
37460,7
37461,6
37462,4
37463,8
37464,8
37465,1
37466,5
37467,2
37468,5
37469,7
37470,1
37471,8
37472,7
37473,5
37474,2
37475,2
37476,2
37477,2
37478,2
37479,4
37480,6
37481,3
37482,3
37483,7
37484,5
37485,4
37486,4
37487,4
37488,5
37489,5
37490,5
37491,1
37492,7
37493,10
37494,10
37495,10
37496,8
37497,5
37498,10
37499,5
37500,4
37501,8
37502,6
37503,4
37504,9
37505,4
37506,5
37507,4
37508,9
37509,9
37510,4
37511,9
37512,2
37513,6
37514,2
37515,9
37516,9
37517,9
37518,2
37519,6
37520,6
37521,3
37522,9
37523,6
37524,5
37525,7
37526,7
37527,7
37528,10
37529,7
37530,7
37531,7
37532,7
37533,7
37534,10
37535,5
37536,10
37537,4
37538,6
37539,8
37540,7
37541,5
37542,5
37543,8
37544,9
37545,2
37546,8
37547,9
37548,7
37549,1
37550,7
37551,2
37552,6
37553,5
37554,4
37555,1
37556,7
37557,10
37558,8
37559,4
37560,9
37561,2
37562,7
37563,1
37564,4
37565,1
37566,7
37567,5
37568,5
37569,9
37570,9
37571,7
37572,5
37573,9
37574,5
37575,9
37576,8
37577,7
37578,7
37579,5
37580,1
37581,7
37582,7
37583,1
37584,5
37585,10
37586,5
37587,5
37588,10
37589,4
37590,9
37591,5
37592,9
37593,9
37594,6
37595,3
37596,1
37597,7
37598,1
37599,5
37600,5
37601,5
37602,10
37603,4
37604,8
37605,7
37606,5
37607,2
37608,9
37609,9
37610,2
37611,2
37612,3
37613,7
37614,8
37615,2
37616,4
37617,4
37618,9
37619,7
37620,4
37621,8
37622,8
37623,4
37624,1
37625,5
37626,6
37627,5
37628,2
37629,7
37630,5
37631,7
37632,9
37633,7
37634,10
37635,10
37636,10
37637,4
37638,9
37639,5
37640,10
37641,10
37642,9
37643,10
37644,3
37645,3
37646,7
37647,8
37648,7
37649,6
37650,5
37651,1
37652,1
37653,1
37654,7
37655,5
37656,5
37657,7
37658,10
37659,5
37660,10
37661,4
37662,6
37663,9
37664,7
37665,2
37666,5
37667,1
37668,5
37669,5
37670,7
37671,6
37672,7
37673,1
37674,5
37675,6
37676,5
37677,9
37678,8
37679,4
37680,5
37681,10
37682,10
37683,5
37684,4
37685,10
37686,10
37687,5
37688,10
37689,10
37690,5
37691,2
37692,10
37693,10
37694,10
37695,6
37696,7
37697,4
37698,2
37699,3
37700,4
37701,6
37702,9
37703,7
37704,5
37705,10
37706,4
37707,1
37708,4
37709,8
37710,4
37711,9
37712,9
37713,1
37714,3
37715,1
37716,5
37717,7
37718,5
37719,6
37720,10
37721,5
37722,10
37723,4
37724,5
37725,4
37726,2
37727,9
37728,6
37729,9
37730,5
37731,4
37732,8
37733,5
37734,5
37735,2
37736,2
37737,5
37738,3
37739,10
37740,2
37741,2
37742,5
37743,4
37744,2
37745,2
37746,10
37747,3
37748,3
37749,3
37750,5
37751,4
37752,1
37753,7
37754,5
37755,10
37756,8
37757,10
37758,10
37759,10
37760,10
37761,6
37762,3
37763,1
37764,1
37765,1
37766,7
37767,4
37768,7
37769,8
37770,2
37771,2
37772,8
37773,6
37774,1
37775,6
37776,7
37777,5
37778,7
37779,10
37780,2
37781,9
37782,4
37783,10
37784,10
37785,7
37786,6
37787,10
37788,5
37789,5
37790,5
37791,8
37792,1
37793,9
37794,10
37795,5
37796,4
37797,9
37798,1
37799,5
37800,1
37801,10
37802,10
37803,5
37804,5
37805,7
37806,7
37807,5
37808,7
37809,10
37810,10
37811,10
37812,5
37813,10
37814,5
37815,4
37816,3
37817,6
37818,5
37819,5
37820,8
37821,9
37822,6
37823,6
37824,1
37825,6
37826,5
37827,7
37828,7
37829,9
37830,10
37831,10
37832,6
37833,5
37834,5
37835,6
37836,5
37837,5
37838,4
37839,5
37840,5
37841,10
37842,6
37843,1
37844,7
37845,5
37846,10
37847,10
37848,5
37849,5
37850,6
37851,2
37852,9
37853,1
37854,3
37855,9
37856,4
37857,5
37858,6
37859,7
37860,5
37861,10
37862,5
37863,6
37864,4
37865,5
37866,1
37867,10
37868,9
37869,1
37870,2
37871,8
37872,9
37873,4
37874,6
37875,4
37876,4
37877,9
37878,9
37879,4
37880,8
37881,8
37882,10
37883,2
37884,2
37885,6
37886,9
37887,2
37888,9
37889,10
37890,9
37891,9
37892,3
37893,6
37894,7
37895,1
37896,5
37897,1
37898,9
37899,5
37900,5
37901,10
37902,1
37903,5
37904,9
37905,3
37906,5
37907,1
37908,5
37909,1
37910,5
37911,7
37912,9
37913,10
37914,4
37915,4
37916,9
37917,7
37918,8
37919,8
37920,6
37921,9
37922,9
37923,5
37924,4
37925,9
37926,4
37927,4
37928,4
37929,1
37930,5
37931,7
37932,5
37933,5
37934,5
37935,5
37936,7
37937,7
37938,7
37939,7
37940,2
37941,5
37942,6
37943,10
37944,4
37945,10
37946,10
37947,10
37948,10
37949,10
37950,10
37951,6
37952,10
37953,8
37954,10
37955,10
37956,10
37957,10
37958,10
37959,10
37960,10
37961,10
37962,9
37963,8
37964,6
37965,1
37966,10
37967,3
37968,1
37969,1
37970,9
37971,1
37972,1
37973,9
37974,9
37975,7
37976,9
37977,9
37978,4
37979,6
37980,6
37981,6
37982,1
37983,1
37984,9
37985,5
37986,10
37987,5
37988,10
37989,10
37990,9
37991,9
37992,7
37993,9
37994,5
37995,5
37996,7
37997,6
37998,10
37999,10
38000,10
38001,5
38002,4
38003,4
38004,3
38005,1
38006,5
38007,1
38008,5
38009,1
38010,7
38011,5
38012,5
38013,9
38014,7
38015,7
38016,5
38017,5
38018,4
38019,9
38020,1
38021,10
38022,3
38023,8
38024,8
38025,8
38026,6
38027,5
38028,1
38029,6
38030,7
38031,8
38032,9
38033,7
38034,10
38035,8
38036,10
38037,4
38038,4
38039,9
38040,4
38041,5
38042,4
38043,4
38044,1
38045,10
38046,5
38047,7
38048,7
38049,10
38050,9
38051,10
38052,10
38053,10
38054,10
38055,7
38056,6
38057,9
38058,3
38059,6
38060,7
38061,7
38062,7
38063,10
38064,1
38065,5
38066,4
38067,8
38068,1
38069,1
38070,5
38071,5
38072,5
38073,5
38074,5
38075,4
38076,4
38077,5
38078,5
38079,9
38080,7
38081,1
38082,5
38083,5
38084,7
38085,6
38086,5
38087,5
38088,6
38089,7
38090,4
38091,4
38092,9
38093,4
38094,1
38095,3
38096,5
38097,7
38098,5
38099,10
38100,5
38101,5
38102,1
38103,5
38104,4
38105,9
38106,5
38107,5
38108,7
38109,8
38110,9
38111,3
38112,5
38113,7
38114,4
38115,8
38116,5
38117,4
38118,9
38119,5
38120,7
38121,6
38122,6
38123,9
38124,9
38125,9
38126,4
38127,3
38128,3
38129,4
38130,6
38131,3
38132,4
38133,5
38134,5
38135,10
38136,5
38137,5
38138,9
38139,5
38140,9
38141,1
38142,3
38143,1
38144,3
38145,1
38146,1
38147,1
38148,3
38149,4
38150,9
38151,1
38152,3
38153,7
38154,7
38155,1
38156,10
38157,4
38158,5
38159,4
38160,4
38161,8
38162,9
38163,2
38164,4
38165,7
38166,4
38167,9
38168,5
38169,5
38170,10
38171,5
38172,5
38173,10
38174,9
38175,8
38176,5
38177,1
38178,5
38179,1
38180,4
38181,5
38182,7
38183,5
38184,5
38185,10
38186,5
38187,10
38188,4
38189,5
38190,6
38191,4
38192,9
38193,2
38194,9
38195,9
38196,3
38197,1
38198,8
38199,1
38200,5
38201,1
38202,5
38203,7
38204,7
38205,7
38206,4
38207,10
38208,6
38209,4
38210,8
38211,4
38212,2
38213,5
38214,2
38215,2
38216,8
38217,8
38218,7
38219,5
38220,5
38221,5
38222,4
38223,9
38224,1
38225,7
38226,9
38227,6
38228,6
38229,7
38230,9
38231,6
38232,1
38233,5
38234,1
38235,1
38236,6
38237,5
38238,7
38239,7
38240,7
38241,9
38242,7
38243,6
38244,9
38245,9
38246,3
38247,9
38248,6
38249,6
38250,9
38251,9
38252,6
38253,9
38254,1
38255,1
38256,5
38257,1
38258,1
38259,7
38260,5
38261,10
38262,7
38263,10
38264,10
38265,10
38266,4
38267,3
38268,4
38269,7
38270,5
38271,1
38272,1
38273,6
38274,9
38275,7
38276,5
38277,10
38278,5
38279,10
38280,5
38281,8
38282,9
38283,6
38284,4
38285,8
38286,4
38287,3
38288,6
38289,7
38290,7
38291,9
38292,4
38293,5
38294,7
38295,5
38296,1
38297,7
38298,5
38299,9
38300,7
38301,7
38302,10
38303,6
38304,10
38305,5
38306,4
38307,3
38308,7
38309,5
38310,7
38311,9
38312,7
38313,8
38314,1
38315,1
38316,7
38317,7
38318,1
38319,7
38320,9
38321,6
38322,2
38323,8
38324,8
38325,8
38326,4
38327,4
38328,4
38329,8
38330,6
38331,3
38332,5
38333,8
38334,9
38335,5
38336,4
38337,10
38338,5
38339,4
38340,2
38341,9
38342,9
38343,3
38344,6
38345,7
38346,5
38347,9
38348,1
38349,1
38350,7
38351,7
38352,5
38353,5
38354,10
38355,10
38356,10
38357,4
38358,4
38359,8
38360,9
38361,1
38362,7
38363,5
38364,7
38365,7
38366,10
38367,5
38368,4
38369,4
38370,9
38371,3
38372,5
38373,8
38374,6
38375,2
38376,9
38377,2
38378,9
38379,9
38380,5
38381,9
38382,10
38383,4
38384,5
38385,8
38386,3
38387,7
38388,5
38389,10
38390,9
38391,5
38392,8
38393,2
38394,2
38395,9
38396,6
38397,9
38398,7
38399,10
38400,6
38401,8
38402,9
38403,5
38404,1
38405,7
38406,10
38407,7
38408,10
38409,6
38410,10
38411,4
38412,9
38413,1
38414,10
38415,1
38416,5
38417,5
38418,10
38419,10
38420,4
38421,5
38422,3
38423,9
38424,7
38425,10
38426,10
38427,6
38428,9
38429,10
38430,7
38431,9
38432,8
38433,5
38434,6
38435,7
38436,9
38437,7
38438,5
38439,7
38440,7
38441,7
38442,10
38443,6
38444,10
38445,10
38446,4
38447,6
38448,1
38449,5
38450,9
38451,6
38452,3
38453,1
38454,5
38455,5
38456,5
38457,10
38458,10
38459,2
38460,7
38461,1
38462,2
38463,4
38464,4
38465,8
38466,2
38467,2
38468,4
38469,8
38470,4
38471,3
38472,9
38473,8
38474,4
38475,3
38476,4
38477,7
38478,7
38479,3
38480,1
38481,9
38482,5
38483,10
38484,5
38485,5
38486,10
38487,10
38488,5
38489,4
38490,10
38491,9
38492,9
38493,9
38494,6
38495,3
38496,7
38497,9
38498,4
38499,6
38500,3
38501,10
38502,5
38503,4
38504,5
38505,1
38506,3
38507,7
38508,10
38509,5
38510,10
38511,10
38512,5
38513,4
38514,5
38515,2
38516,6
38517,7
38518,1
38519,1
38520,9
38521,7
38522,10
38523,9
38524,10
38525,5
38526,5
38527,8
38528,4
38529,4
38530,9
38531,3
38532,1
38533,1
38534,10
38535,1
38536,7
38537,1
38538,5
38539,10
38540,5
38541,7
38542,7
38543,5
38544,3
38545,7
38546,5
38547,7
38548,6
38549,5
38550,10
38551,7
38552,7
38553,7
38554,7
38555,7
38556,9
38557,9
38558,3
38559,6
38560,4
38561,5
38562,6
38563,7
38564,7
38565,6
38566,1
38567,10
38568,9
38569,7
38570,9
38571,9
38572,9
38573,2
38574,2
38575,4
38576,4
38577,6
38578,9
38579,5
38580,3
38581,1
38582,7
38583,5
38584,5
38585,10
38586,7
38587,5
38588,10
38589,7
38590,5
38591,5
38592,10
38593,10
38594,5
38595,4
38596,5
38597,10
38598,9
38599,9
38600,9
38601,3
38602,2
38603,10
38604,6
38605,1
38606,10
38607,10
38608,5
38609,9
38610,5
38611,2
38612,6
38613,8
38614,4
38615,4
38616,8
38617,9
38618,3
38619,4
38620,7
38621,7
38622,2
38623,7
38624,10
38625,5
38626,10
38627,9
38628,2
38629,9
38630,10
38631,10
38632,6
38633,4
38634,7
38635,7
38636,1
38637,7
38638,1
38639,7
38640,7
38641,1
38642,1
38643,10
38644,7
38645,7
38646,6
38647,10
38648,7
38649,4
38650,5
38651,6
38652,7
38653,2
38654,10
38655,10
38656,7
38657,9
38658,9
38659,9
38660,6
38661,1
38662,5
38663,1
38664,7
38665,10
38666,6
38667,7
38668,6
38669,5
38670,10
38671,10
38672,10
38673,10
38674,5
38675,4
38676,4
38677,4
38678,8
38679,5
38680,5
38681,4
38682,3
38683,1
38684,8
38685,3
38686,9
38687,5
38688,5
38689,10
38690,5
38691,7
38692,7
38693,10
38694,10
38695,4
38696,5
38697,4
38698,4
38699,2
38700,5
38701,9
38702,3
38703,1
38704,7
38705,3
38706,7
38707,10
38708,10
38709,4
38710,7
38711,7
38712,8
38713,5
38714,7
38715,2
38716,2
38717,4
38718,9
38719,4
38720,8
38721,4
38722,2
38723,2
38724,9
38725,9
38726,4
38727,3
38728,1
38729,4
38730,10
38731,6
38732,5
38733,7
38734,7
38735,7
38736,7
38737,5
38738,10
38739,10
38740,2
38741,2
38742,9
38743,9
38744,6
38745,1
38746,5
38747,6
38748,10
38749,5
38750,5
38751,10
38752,5
38753,4
38754,4
38755,5
38756,6
38757,5
38758,1
38759,5
38760,5
38761,7
38762,10
38763,10
38764,10
38765,6
38766,4
38767,6
38768,5
38769,9
38770,4
38771,4
38772,4
38773,8
38774,4
38775,10
38776,2
38777,9
38778,5
38779,9
38780,5
38781,1
38782,6
38783,10
38784,5
38785,10
38786,4
38787,4
38788,5
38789,4
38790,5
38791,10
38792,2
38793,10
38794,10
38795,2
38796,1
38797,7
38798,1
38799,7
38800,10
38801,10
38802,10
38803,8
38804,6
38805,1
38806,5
38807,9
38808,5
38809,4
38810,9
38811,4
38812,4
38813,9
38814,2
38815,5
38816,5
38817,2
38818,2
38819,7
38820,9
38821,5
38822,1
38823,10
38824,3
38825,7
38826,2
38827,1
38828,1
38829,9
38830,2
38831,9
38832,4
38833,6
38834,8
38835,10
38836,10
38837,1
38838,1
38839,2
38840,2
38841,4
38842,2
38843,6
38844,9
38845,10
38846,5
38847,7
38848,10
38849,6
38850,6
38851,4
38852,1
38853,5
38854,6
38855,10
38856,10
38857,10
38858,4
38859,3
38860,1
38861,4
38862,5
38863,5
38864,4
38865,4
38866,9
38867,10
38868,10
38869,10
38870,10
38871,10
38872,10
38873,10
38874,9
38875,6
38876,9
38877,4
38878,4
38879,5
38880,5
38881,10
38882,4
38883,7
38884,9
38885,10
38886,10
38887,4
38888,5
38889,2
38890,2
38891,1
38892,10
38893,5
38894,2
38895,10
38896,10
38897,10
38898,10
38899,5
38900,4
38901,10
38902,5
38903,5
38904,5
38905,5
38906,9
38907,7
38908,4
38909,10
38910,5
38911,6
38912,9
38913,2
38914,1
38915,5
38916,10
38917,9
38918,6
38919,10
38920,10
38921,10
38922,5
38923,5
38924,1
38925,1
38926,5
38927,10
38928,10
38929,5
38930,4
38931,4
38932,1
38933,3
38934,7
38935,5
38936,5
38937,4
38938,4
38939,5
38940,7
38941,10
38942,5
38943,3
38944,5
38945,10
38946,5
38947,6
38948,6
38949,9
38950,6
38951,9
38952,10
38953,9
38954,8
38955,4
38956,10
38957,7
38958,5
38959,1
38960,10
38961,10
38962,6
38963,4
38964,9
38965,9
38966,7
38967,5
38968,10
38969,4
38970,4
38971,6
38972,1
38973,1
38974,3
38975,6
38976,1
38977,9
38978,1
38979,10
38980,10
38981,4
38982,9
38983,10
38984,7
38985,7
38986,9
38987,2
38988,4
38989,6
38990,4
38991,4
38992,4
38993,10
38994,4
38995,1
38996,6
38997,9
38998,4
38999,10
39000,10
39001,10
39002,10
39003,10
39004,10
39005,10
39006,10
39007,10
39008,10
39009,10
39010,10
39011,10
39012,10
39013,1
39014,9
39015,5
39016,10
39017,10
39018,10
39019,10
39020,10
39021,10
39022,5
39023,10
39024,5
39025,5
39026,10
39027,10
39028,10
39029,5
39030,4
39031,4
39032,9
39033,4
39034,10
39035,4
39036,6
39037,4
39038,10
39039,1
39040,3
39041,5
39042,5
39043,10
39044,5
39045,4
39046,4
39047,5
39048,8
39049,5
39050,3
39051,10
39052,10
39053,5
39054,5
39055,4
39056,4
39057,10
39058,2
39059,5
39060,6
39061,2
39062,4
39063,4
39064,8
39065,2
39066,10
39067,1
39068,10
39069,10
39070,8
39071,10
39072,10
39073,10
39074,10
39075,10
39076,4
39077,5
39078,4
39079,7
39080,7
39081,5
39082,10
39083,10
39084,10
39085,10
39086,9
39087,4
39088,5
39089,10
39090,2
39091,6
39092,3
39093,2
39094,9
39095,1
39096,7
39097,7
39098,10
39099,7
39100,4
39101,4
39102,10
39103,3
39104,4
39105,3
39106,5
39107,10
39108,9
39109,5
39110,5
39111,5
39112,4
39113,5
39114,2
39115,1
39116,5
39117,10
39118,10
39119,10
39120,3
39121,9
39122,9
39123,5
39124,1
39125,10
39126,10
39127,10
39128,9
39129,9
39130,9
39131,9
39132,3
39133,9
39134,1
39135,9
39136,6
39137,6
39138,10
39139,9
39140,4
39141,9
39142,4
39143,4
39144,10
39145,9
39146,2
39147,10
39148,10
39149,9
39150,9
39151,10
39152,8
39153,8
39154,10
39155,9
39156,5
39157,6
39158,5
39159,4
39160,6
39161,9
39162,6
39163,2
39164,10
39165,10
39166,6
39167,5
39168,4
39169,2
39170,2
39171,1
39172,9
39173,10
39174,10
39175,4
39176,5
39177,10
39178,5
39179,4
39180,10
39181,10
39182,4
39183,4
39184,10
39185,10
39186,4
39187,5
39188,10
39189,10
39190,5
39191,4
39192,5
39193,6
39194,4
39195,10
39196,10
39197,10
39198,10
39199,2
39200,6
39201,9
39202,5
39203,1
39204,6
39205,5
39206,10
39207,5
39208,10
39209,10
39210,10
39211,4
39212,4
39213,9
39214,6
39215,10
39216,4
39217,4
39218,4
39219,9
39220,2
39221,9
39222,7
39223,2
39224,6
39225,2
39226,7
39227,6
39228,2
39229,8
39230,4
39231,6
39232,4
39233,2
39234,10
39235,10
39236,10
39237,9
39238,4
39239,4
39240,5
39241,10
39242,5
39243,4
39244,9
39245,2
39246,8
39247,4
39248,7
39249,7
39250,5
39251,10
39252,5
39253,10
39254,6
39255,8
39256,5
39257,5
39258,6
39259,6
39260,4
39261,8
39262,10
39263,9
39264,4
39265,10
39266,7
39267,10
39268,4
39269,4
39270,7
39271,5
39272,10
39273,5
39274,5
39275,10
39276,4
39277,2
39278,10
39279,10
39280,6
39281,9
39282,8
39283,10
39284,10
39285,5
39286,9
39287,8
39288,8
39289,7
39290,2
39291,9
39292,5
39293,2
39294,2
39295,10
39296,10
39297,9
39298,4
39299,10
39300,5
39301,4
39302,5
39303,10
39304,10
39305,5
39306,1
39307,10
39308,5
39309,10
39310,10
39311,5
39312,8
39313,2
39314,2
39315,2
39316,5
39317,10
39318,10
39319,10
39320,10
39321,10
39322,4
39323,5
39324,4
39325,10
39326,10
39327,4
39328,5
39329,5
39330,4
39331,9
39332,8
39333,5
39334,10
39335,10
39336,4
39337,4
39338,10
39339,9
39340,5
39341,10
39342,10
39343,5
39344,10
39345,2
39346,10
39347,8
39348,2
39349,10
39350,10
39351,10
39352,10
39353,4
39354,4
39355,1
39356,8
39357,10
39358,9
39359,9
39360,2
39361,8
39362,9
39363,10
39364,4
39365,4
39366,2
39367,9
39368,6
39369,10
39370,10
39371,5
39372,7
39373,1
39374,10
39375,5
39376,10
39377,10
39378,9
39379,4
39380,4
39381,10
39382,2
39383,10
39384,6
39385,4
39386,2
39387,4
39388,6
39389,5
39390,6
39391,9
39392,10
39393,5
39394,5
39395,4
39396,5
39397,4
39398,1
39399,4
39400,4
39401,2
39402,2
39403,10
39404,10
39405,10
39406,10
39407,4
39408,5
39409,7
39410,10
39411,4
39412,2
39413,2
39414,2
39415,10
39416,10
39417,4
39418,4
39419,5
39420,2
39421,5
39422,9
39423,4
39424,5
39425,9
39426,1
39427,5
39428,5
39429,10
39430,10
39431,5
39432,5
39433,5
39434,5
39435,2
39436,10
39437,4
39438,5
39439,10
39440,10
39441,8
39442,8
39443,3
39444,2
39445,2
39446,3
39447,10
39448,2
39449,4
39450,10
39451,2
39452,10
39453,9
39454,7
39455,10
39456,5
39457,10
39458,4
39459,5
39460,5
39461,10
39462,10
39463,5
39464,8
39465,4
39466,4
39467,4
39468,4
39469,4
39470,6
39471,8
39472,8
39473,7
39474,8
39475,6
39476,4
39477,10
39478,5
39479,2
39480,10
39481,10
39482,6
39483,5
39484,1
39485,5
39486,5
39487,5
39488,5
39489,5
39490,2
39491,2
39492,7
39493,10
39494,2
39495,2
39496,3
39497,10
39498,10
39499,10
39500,10
39501,10
39502,4
39503,4
39504,10
39505,4
39506,1
39507,7
39508,3
39509,10
39510,7
39511,7
39512,5
39513,5
39514,10
39515,4
39516,9
39517,10
39518,1
39519,10
39520,5
39521,5
39522,10
39523,4
39524,10
39525,5
39526,4
39527,2
39528,7
39529,2
39530,2
39531,10
39532,8
39533,4
39534,4
39535,4
39536,2
39537,2
39538,10
39539,5
39540,5
39541,8
39542,2
39543,10
39544,1
39545,6
39546,7
39547,10
39548,10
39549,5
39550,5
39551,4
39552,7
39553,10
39554,9
39555,3
39556,7
39557,8
39558,7
39559,10
39560,6
39561,8
39562,6
39563,4
39564,5
39565,10
39566,2
39567,9
39568,5
39569,5
39570,7
39571,5
39572,5
39573,10
39574,10
39575,10
39576,5
39577,10
39578,10
39579,10
39580,10
39581,10
39582,10
39583,10
39584,5
39585,3
39586,1
39587,5
39588,10
39589,10
39590,10
39591,4
39592,9
39593,6
39594,5
39595,5
39596,1
39597,9
39598,4
39599,4
39600,2
39601,8
39602,8
39603,3
39604,7
39605,5
39606,10
39607,10
39608,10
39609,10
39610,4
39611,5
39612,10
39613,5
39614,6
39615,10
39616,10
39617,6
39618,4
39619,4
39620,4
39621,8
39622,7
39623,5
39624,10
39625,10
39626,10
39627,5
39628,9
39629,7
39630,6
39631,6
39632,10
39633,4
39634,9
39635,7
39636,8
39637,5
39638,6
39639,5
39640,10
39641,10
39642,10
39643,9
39644,2
39645,3
39646,5
39647,5
39648,10
39649,10
39650,4
39651,4
39652,9
39653,5
39654,5
39655,5
39656,10
39657,8
39658,3
39659,9
39660,2
39661,9
39662,1
39663,8
39664,7
39665,1
39666,5
39667,5
39668,6
39669,10
39670,4
39671,9
39672,5
39673,4
39674,7
39675,7
39676,10
39677,8
39678,10
39679,1
39680,7
39681,8
39682,5
39683,10
39684,3
39685,5
39686,4
39687,10
39688,10
39689,10
39690,10
39691,5
39692,10
39693,6
39694,5
39695,8
39696,1
39697,9
39698,10
39699,10
39700,4
39701,4
39702,5
39703,4
39704,9
39705,10
39706,10
39707,5
39708,10
39709,9
39710,10
39711,10
39712,10
39713,10
39714,4
39715,4
39716,5
39717,4
39718,7
39719,4
39720,4
39721,3
39722,4
39723,4
39724,4
39725,9
39726,4
39727,4
39728,7
39729,5
39730,10
39731,10
39732,5
39733,5
39734,10
39735,10
39736,10
39737,5
39738,7
39739,2
39740,10
39741,5
39742,10
39743,4
39744,5
39745,10
39746,4
39747,4
39748,10
39749,8
39750,10
39751,10
39752,10
39753,10
39754,10
39755,10
39756,4
39757,3
39758,4
39759,4
39760,4
39761,4
39762,10
39763,7
39764,4
39765,10
39766,4
39767,8
39768,9
39769,4
39770,10
39771,8
39772,5
39773,4
39774,9
39775,9
39776,10
39777,10
39778,5
39779,9
39780,10
39781,9
39782,4
39783,4
39784,4
39785,1
39786,3
39787,6
39788,4
39789,5
39790,4
39791,5
39792,5
39793,4
39794,4
39795,4
39796,9
39797,10
39798,9
39799,9
39800,9
39801,9
39802,9
39803,6
39804,10
39805,3
39806,1
39807,1
39808,10
39809,10
39810,10
39811,9
39812,9
39813,2
39814,9
39815,4
39816,9
39817,10
39818,4
39819,4
39820,4
39821,10
39822,4
39823,5
39824,5
39825,10
39826,5
39827,9
39828,10
39829,10
39830,10
39831,10
39832,10
39833,10
39834,10
39835,10
39836,10
39837,6
39838,10
39839,10
39840,10
39841,10
39842,10
39843,10
39844,10
39845,10
39846,10
39847,10
39848,10
39849,10
39850,10
39851,10
39852,10
39853,10
39854,10
39855,10
39856,10
39857,10
39858,10
39859,10
39860,10
39861,10
39862,7
39863,10
39864,10
39865,8
39866,4
39867,6
39868,4
39869,5
39870,5
39871,5
39872,4
39873,8
39874,4
39875,4
39876,10
39877,4
39878,4
39879,10
39880,4
39881,6
39882,4
39883,1
39884,6
39885,4
39886,10
39887,4
39888,4
39889,9
39890,9
39891,9
39892,9
39893,9
39894,8
39895,2
39896,5
39897,5
39898,4
39899,10
39900,5
39901,5
39902,10
39903,9
39904,10
39905,5
39906,5
39907,10
39908,10
39909,10
39910,9
39911,5
39912,4
39913,5
39914,5
39915,4
39916,2
39917,9
39918,9
39919,4
39920,8
39921,4
39922,6
39923,4
39924,8
39925,8
39926,10
39927,5
39928,5
39929,1
39930,4
39931,4
39932,5
39933,4
39934,9
39935,10
39936,5
39937,5
39938,10
39939,10
39940,4
39941,6
39942,5
39943,4
39944,9
39945,5
39946,5
39947,5
39948,6
39949,5
39950,10
39951,10
39952,10
39953,1
39954,5
39955,10
39956,5
39957,9
39958,4
39959,8
39960,10
39961,10
39962,4
39963,5
39964,5
39965,5
39966,10
39967,10
39968,4
39969,4
39970,9
39971,5
39972,9
39973,5
39974,2
39975,8
39976,4
39977,9
39978,9
39979,4
39980,4
39981,9
39982,6
39983,10
39984,9
39985,4
39986,10
39987,9
39988,5
39989,2
39990,5
39991,2
39992,4
39993,10
39994,6
39995,9
39996,5
39997,5
39998,5
39999,4
40000,4
40001,8
40002,6
40003,6
40004,10
40005,10
40006,5
40007,4
40008,4
40009,4
40010,4
40011,5
40012,8
40013,8
40014,5
40015,1
40016,6
40017,9
40018,4
40019,4
40020,4
40021,7
40022,3
40023,10
40024,10
40025,4
40026,4
40027,4
40028,10
40029,5
40030,5
40031,2
40032,9
40033,4
40034,4
40035,4
40036,4
40037,8
40038,2
40039,5
40040,1
40041,5
40042,5
40043,10
40044,6
40045,2
40046,2
40047,4
40048,2
40049,5
40050,7
40051,4
40052,9
40053,6
40054,5
40055,10
40056,5
40057,4
40058,2
40059,8
40060,4
40061,10
40062,10
40063,4
40064,4
40065,6
40066,4
40067,2
40068,2
40069,4
40070,2
40071,2
40072,2
40073,9
40074,5
40075,10
40076,9
40077,5
40078,10
40079,10
40080,10
40081,5
40082,5
40083,10
40084,9
40085,9
40086,9
40087,7
40088,10
40089,10
40090,5
40091,10
40092,7
40093,5
40094,4
40095,8
40096,10
40097,2
40098,6
40099,5
40100,5
40101,10
40102,10
40103,5
40104,4
40105,8
40106,7
40107,3
40108,3
40109,3
40110,5
40111,5
40112,5
40113,8
40114,9
40115,9
40116,7
40117,5
40118,10
40119,10
40120,5
40121,5
40122,5
40123,5
40124,5
40125,10
40126,5
40127,4
40128,4
40129,4
40130,4
40131,2
40132,4
40133,2
40134,9
40135,4
40136,10
40137,4
40138,10
40139,5
40140,5
40141,4
40142,5
40143,2
40144,2
40145,6
40146,8
40147,10
40148,2
40149,7
40150,4
40151,5
40152,5
40153,5
40154,10
40155,10
40156,10
40157,9
40158,5
40159,7
40160,5
40161,5
40162,10
40163,4
40164,4
40165,10
40166,5
40167,6
40168,10
40169,10
40170,10
40171,3
40172,8
40173,5
40174,10
40175,10
40176,10
40177,10
40178,5
40179,5
40180,5
40181,8
40182,5
40183,10
40184,10
40185,10
40186,5
40187,4
40188,5
40189,2
40190,2
40191,4
40192,4
40193,8
40194,8
40195,2
40196,5
40197,1
40198,5
40199,10
40200,9
40201,7
40202,5
40203,10
40204,10
40205,10
40206,4
40207,4
40208,4
40209,5
40210,5
40211,5
40212,10
40213,4
40214,9
40215,3
40216,3
40217,1
40218,6
40219,10
40220,10
40221,6
40222,1
40223,2
40224,7
40225,2
40226,2
40227,10
40228,9
40229,1
40230,5
40231,10
40232,5
40233,10
40234,10
40235,10
40236,5
40237,2
40238,10
40239,10
40240,10
40241,3
40242,7
40243,9
40244,5
40245,10
40246,10
40247,5
40248,5
40249,10
40250,10
40251,6
40252,5
40253,10
40254,1
40255,3
40256,7
40257,10
40258,5
40259,9
40260,4
40261,5
40262,6
40263,10
40264,10
40265,10
40266,8
40267,3
40268,3
40269,5
40270,5
40271,5
40272,5
40273,5
40274,5
40275,10
40276,5
40277,5
40278,3
40279,7
40280,10
40281,5
40282,5
40283,10
40284,4
40285,4
40286,9
40287,4
40288,2
40289,2
40290,8
40291,8
40292,10
40293,10
40294,7
40295,5
40296,10
40297,5
40298,10
40299,10
40300,5
40301,2
40302,10
40303,8
40304,10
40305,10
40306,10
40307,10
40308,10
40309,10
40310,7
40311,10
40312,6
40313,7
40314,7
40315,5
40316,10
40317,10
40318,8
40319,5
40320,5
40321,5
40322,5
40323,6
40324,3
40325,7
40326,3
40327,9
40328,9
40329,5
40330,5
40331,1
40332,10
40333,10
40334,5
40335,4
40336,5
40337,9
40338,5
40339,2
40340,9
40341,1
40342,2
40343,10
40344,6
40345,10
40346,5
40347,4
40348,8
40349,1
40350,3
40351,5
40352,9
40353,10
40354,5
40355,10
40356,4
40357,5
40358,4
40359,4
40360,9
40361,4
40362,9
40363,6
40364,4
40365,7
40366,1
40367,9
40368,7
40369,5
40370,4
40371,4
40372,7
40373,6
40374,5
40375,5
40376,4
40377,4
40378,2
40379,9
40380,5
40381,6
40382,10
40383,10
40384,6
40385,5
40386,9
40387,4
40388,4
40389,6
40390,4
40391,10
40392,7
40393,9
40394,5
40395,4
40396,5
40397,1
40398,3
40399,8
40400,7
40401,7
40402,5
40403,10
40404,10
40405,5
40406,10
40407,4
40408,6
40409,10
40410,5
40411,5
40412,10
40413,5
40414,7
40415,6
40416,10
40417,4
40418,1
40419,5
40420,1
40421,5
40422,5
40423,5
40424,10
40425,2
40426,10
40427,10
40428,1
40429,6
40430,8
40431,5
40432,5
40433,1
40434,5
40435,5
40436,3
40437,1
40438,7
40439,5
40440,10
40441,10
40442,5
40443,10
40444,9
40445,4
40446,2
40447,2
40448,2
40449,9
40450,4
40451,4
40452,10
40453,6
40454,8
40455,3
40456,8
40457,5
40458,4
40459,7
40460,5
40461,5
40462,10
40463,10
40464,4
40465,7
40466,4
40467,2
40468,9
40469,1
40470,6
40471,7
40472,10
40473,7
40474,7
40475,10
40476,4
40477,4
40478,4
40479,4
40480,5
40481,1
40482,1
40483,7
40484,6
40485,5
40486,5
40487,2
40488,1
40489,5
40490,3
40491,6
40492,1
40493,10
40494,10
40495,5
40496,10
40497,10
40498,10
40499,10
40500,5
40501,10
40502,4
40503,6
40504,4
40505,4
40506,9
40507,4
40508,5
40509,7
40510,1
40511,5
40512,5
40513,5
40514,5
40515,5
40516,5
40517,10
40518,4
40519,4
40520,4
40521,4
40522,4
40523,4
40524,1
40525,6
40526,7
40527,6
40528,8
40529,5
40530,3
40531,3
40532,5
40533,4
40534,5
40535,5
40536,5
40537,10
40538,10
40539,4
40540,4
40541,4
40542,5
40543,10
40544,4
40545,2
40546,7
40547,7
40548,4
40549,9
40550,2
40551,3
40552,5
40553,1
40554,7
40555,6
40556,10
40557,10
40558,10
40559,6
40560,10
40561,10
40562,10
40563,10
40564,6
40565,10
40566,10
40567,10
40568,10
40569,10
40570,10
40571,5
40572,10
40573,5
40574,4
40575,4
40576,4
40577,4
40578,4
40579,5
40580,3
40581,1
40582,7
40583,1
40584,5
40585,5
40586,5
40587,5
40588,5
40589,5
40590,5
40591,1
40592,6
40593,5
40594,5
40595,3
40596,5
40597,7
40598,7
40599,9
40600,4
40601,4
40602,8
40603,9
40604,5
40605,5
40606,4
40607,4
40608,1
40609,4
40610,5
40611,3
40612,9
40613,1
40614,4
40615,5
40616,5
40617,7
40618,5
40619,10
40620,5
40621,5
40622,4
40623,3
40624,5
40625,5
40626,3
40627,3
40628,6
40629,1
40630,7
40631,4
40632,8
40633,7
40634,10
40635,7
40636,9
40637,7
40638,7
40639,5
40640,5
40641,10
40642,5
40643,4
40644,7
40645,10
40646,6
40647,7
40648,5
40649,3
40650,6
40651,5
40652,7
40653,7
40654,7
40655,10
40656,10
40657,4
40658,4
40659,4
40660,9
40661,4
40662,1
40663,3
40664,6
40665,7
40666,5
40667,9
40668,5
40669,5
40670,7
40671,7
40672,10
40673,5
40674,5
40675,5
40676,5
40677,7
40678,3
40679,4
40680,4
40681,3
40682,1
40683,6
40684,4
40685,5
40686,6
40687,5
40688,9
40689,4
40690,5
40691,7
40692,9
40693,9
40694,6
40695,7
40696,9
40697,2
40698,2
40699,4
40700,1
40701,6
40702,6
40703,4
40704,9
40705,8
40706,4
40707,4
40708,9
40709,9
40710,7
40711,7
40712,10
40713,2
40714,7
40715,5
40716,5
40717,4
40718,4
40719,4
40720,4
40721,2
40722,9
40723,3
40724,9
40725,3
40726,5
40727,4
40728,7
40729,1
40730,1
40731,7
40732,5
40733,5
40734,7
40735,10
40736,10
40737,5
40738,10
40739,4
40740,4
40741,9
40742,9
40743,6
40744,6
40745,7
40746,1
40747,3
40748,6
40749,5
40750,7
40751,5
40752,5
40753,4
40754,5
40755,7
40756,5
40757,5
40758,5
40759,5
40760,10
40761,8
40762,9
40763,5
40764,1
40765,8
40766,1
40767,1
40768,3
40769,5
40770,1
40771,7
40772,5
40773,7
40774,5
40775,5
40776,5
40777,10
40778,5
40779,4
40780,6
40781,7
40782,3
40783,5
40784,5
40785,1
40786,7
40787,1
40788,5
40789,5
40790,5
40791,5
40792,7
40793,4
40794,4
40795,4
40796,2
40797,2
40798,2
40799,6
40800,6
40801,7
40802,6
40803,4
40804,9
40805,6
40806,6
40807,9
40808,9
40809,1
40810,2
40811,1
40812,6
40813,10
40814,6
40815,2
40816,8
40817,10
40818,7
40819,1
40820,1
40821,7
40822,5
40823,5
40824,4
40825,7
40826,7
40827,1
40828,7
40829,7
40830,7
40831,6
40832,2
40833,7
40834,9
40835,5
40836,10
40837,5
40838,5
40839,5
40840,7
40841,8
40842,5
40843,4
40844,8
40845,4
40846,7
40847,9
40848,9
40849,2
40850,8
40851,4
40852,4
40853,1
40854,8
40855,3
40856,4
40857,10
40858,3
40859,4
40860,3
40861,5
40862,1
40863,7
40864,6
40865,8
40866,10
40867,2
40868,6
40869,9
40870,9
40871,9
40872,1
40873,6
40874,6
40875,3
40876,5
40877,1
40878,7
40879,7
40880,7
40881,10
40882,5
40883,5
40884,5
40885,9
40886,3
40887,5
40888,7
40889,6
40890,5
40891,4
40892,5
40893,10
40894,7
40895,1
40896,7
40897,1
40898,6
40899,3
40900,5
40901,5
40902,1
40903,5
40904,6
40905,4
40906,4
40907,4
40908,5
40909,4
40910,5
40911,4
40912,3
40913,1
40914,9
40915,9
40916,5
40917,8
40918,2
40919,5
40920,7
40921,8
40922,10
40923,5
40924,5
40925,4
40926,4
40927,3
40928,6
40929,7
40930,7
40931,10
40932,7
40933,7
40934,7
40935,5
40936,10
40937,4
40938,3
40939,6
40940,3
40941,6
40942,3
40943,9
40944,4
40945,4
40946,4
40947,4
40948,6
40949,4
40950,7
40951,7
40952,1
40953,9
40954,7
40955,4
40956,7
40957,9
40958,9
40959,7
40960,9
40961,6
40962,1
40963,1
40964,6
40965,3
40966,9
40967,4
40968,5
40969,10
40970,7
40971,4
40972,4
40973,7
40974,7
40975,1
40976,8
40977,7
40978,7
40979,7
40980,10
40981,5
40982,4
40983,6
40984,4
40985,7
40986,10
40987,9
40988,9
40989,9
40990,9
40991,8
40992,9
40993,2
40994,9
40995,4
40996,9
40997,4
40998,8
40999,1
41000,1
41001,5
41002,1
41003,1
41004,5
41005,3
41006,7
41007,7
41008,2
41009,5
41010,5
41011,5
41012,5
41013,10
41014,4
41015,9
41016,5
41017,4
41018,3
41019,7
41020,7
41021,6
41022,6
41023,6
41024,5
41025,5
41026,5
41027,5
41028,4
41029,4
41030,1
41031,1
41032,5
41033,1
41034,7
41035,5
41036,7
41037,6
41038,5
41039,10
41040,5
41041,5
41042,4
41043,4
41044,5
41045,7
41046,8
41047,4
41048,5
41049,5
41050,5
41051,9
41052,7
41053,7
41054,9
41055,5
41056,5
41057,1
41058,7
41059,10
41060,4
41061,5
41062,4
41063,5
41064,7
41065,8
41066,8
41067,1
41068,9
41069,2
41070,4
41071,4
41072,1
41073,9
41074,10
41075,6
41076,7
41077,7
41078,10
41079,10
41080,4
41081,6
41082,7
41083,9
41084,7
41085,6
41086,5
41087,6
41088,1
41089,10
41090,10
41091,5
41092,3
41093,9
41094,3
41095,3
41096,3
41097,10
41098,5
41099,1
41100,1
41101,1
41102,5
41103,7
41104,5
41105,10
41106,10
41107,5
41108,4
41109,4
41110,4
41111,9
41112,1
41113,7
41114,7
41115,5
41116,5
41117,7
41118,6
41119,7
41120,10
41121,4
41122,5
41123,5
41124,5
41125,7
41126,7
41127,2
41128,7
41129,7
41130,9
41131,10
41132,4
41133,7
41134,1
41135,7
41136,4
41137,1
41138,5
41139,5
41140,6
41141,5
41142,6
41143,7
41144,1
41145,7
41146,5
41147,4
41148,5
41149,5
41150,10
41151,5
41152,4
41153,4
41154,7
41155,5
41156,1
41157,4
41158,1
41159,6
41160,10
41161,10
41162,9
41163,1
41164,9
41165,9
41166,7
41167,9
41168,1
41169,5
41170,10
41171,10
41172,6
41173,7
41174,1
41175,7
41176,1
41177,7
41178,5
41179,6
41180,5
41181,5
41182,4
41183,7
41184,7
41185,7
41186,2
41187,7
41188,2
41189,2
41190,2
41191,8
41192,2
41193,9
41194,9
41195,9
41196,5
41197,4
41198,3
41199,7
41200,5
41201,2
41202,5
41203,5
41204,1
41205,5
41206,4
41207,5
41208,2
41209,5
41210,4
41211,2
41212,1
41213,10
41214,9
41215,6
41216,6
41217,5
41218,1
41219,5
41220,5
41221,6
41222,6
41223,4
41224,4
41225,5
41226,8
41227,4
41228,7
41229,1
41230,1
41231,5
41232,7
41233,10
41234,10
41235,4
41236,2
41237,9
41238,9
41239,3
41240,9
41241,6
41242,9
41243,6
41244,7
41245,7
41246,7
41247,10
41248,7
41249,6
41250,1
41251,1
41252,5
41253,7
41254,10
41255,10
41256,4
41257,8
41258,4
41259,4
41260,9
41261,6
41262,7
41263,6
41264,8
41265,10
41266,3
41267,4
41268,4
41269,9
41270,4
41271,4
41272,6
41273,1
41274,1
41275,4
41276,6
41277,7
41278,5
41279,5
41280,7
41281,10
41282,5
41283,5
41284,5
41285,10
41286,3
41287,1
41288,7
41289,4
41290,1
41291,6
41292,6
41293,5
41294,7
41295,7
41296,6
41297,10
41298,10
41299,5
41300,4
41301,4
41302,9
41303,5
41304,8
41305,6
41306,7
41307,7
41308,5
41309,6
41310,10
41311,4
41312,6
41313,7
41314,2
41315,2
41316,9
41317,7
41318,1
41319,9
41320,9
41321,7
41322,10
41323,9
41324,8
41325,2
41326,4
41327,7
41328,10
41329,7
41330,7
41331,2
41332,7
41333,2
41334,5
41335,10
41336,2
41337,4
41338,4
41339,2
41340,10
41341,9
41342,7
41343,7
41344,2
41345,3
41346,1
41347,1
41348,3
41349,3
41350,7
41351,10
41352,10
41353,5
41354,5
41355,5
41356,1
41357,1
41358,1
41359,1
41360,1
41361,1
41362,1
41363,7
41364,7
41365,7
41366,7
41367,6
41368,10
41369,10
41370,4
41371,10
41372,10
41373,9
41374,5
41375,10
41376,1
41377,4
41378,4
41379,3
41380,3
41381,7
41382,5
41383,9
41384,2
41385,10
41386,2
41387,9
41388,2
41389,10
41390,3
41391,10
41392,8
41393,3
41394,3
41395,4
41396,3
41397,3
41398,3
41399,9
41400,1
41401,7
41402,8
41403,7
41404,1
41405,6
41406,7
41407,7
41408,7
41409,7
41410,3
41411,1
41412,9
41413,5
41414,10
41415,6
41416,10
41417,7
41418,5
41419,7
41420,10
41421,10
41422,9
41423,9
41424,4
41425,7
41426,9
41427,9
41428,3
41429,6
41430,4
41431,6
41432,5
41433,7
41434,10
41435,10
41436,10
41437,4
41438,4
41439,5
41440,7
41441,7
41442,7
41443,3
41444,3
41445,6
41446,7
41447,7
41448,10
41449,10
41450,4
41451,9
41452,2
41453,2
41454,4
41455,8
41456,4
41457,8
41458,4
41459,4
41460,6
41461,1
41462,5
41463,5
41464,7
41465,6
41466,7
41467,5
41468,10
41469,5
41470,4
41471,7
41472,1
41473,5
41474,7
41475,6
41476,7
41477,5
41478,5
41479,5
41480,5
41481,10
41482,4
41483,4
41484,4
41485,4
41486,9
41487,5
41488,9
41489,6
41490,6
41491,7
41492,5
41493,5
41494,7
41495,1
41496,5
41497,3
41498,7
41499,4
41500,6
41501,9
41502,6
41503,10
41504,9
41505,1
41506,2
41507,8
41508,9
41509,5
41510,8
41511,9
41512,7
41513,7
41514,1
41515,1
41516,7
41517,5
41518,7
41519,6
41520,6
41521,1
41522,5
41523,7
41524,5
41525,1
41526,2
41527,5
41528,10
41529,10
41530,10
41531,10
41532,10
41533,2
41534,4
41535,4
41536,6
41537,4
41538,4
41539,2
41540,1
41541,10
41542,6
41543,10
41544,10
41545,9
41546,7
41547,3
41548,1
41549,1
41550,5
41551,1
41552,5
41553,7
41554,7
41555,5
41556,10
41557,5
41558,10
41559,7
41560,10
41561,5
41562,4
41563,9
41564,7
41565,3
41566,5
41567,3
41568,6
41569,7
41570,7
41571,5
41572,5
41573,5
41574,10
41575,4
41576,5
41577,4
41578,9
41579,9
41580,8
41581,4
41582,6
41583,3
41584,2
41585,10
41586,10
41587,7
41588,7
41589,5
41590,7
41591,5
41592,2
41593,5
41594,9
41595,4
41596,4
41597,4
41598,10
41599,7
41600,2
41601,2
41602,9
41603,7
41604,1
41605,3
41606,7
41607,8
41608,10
41609,7
41610,5
41611,3
41612,7
41613,5
41614,10
41615,10
41616,5
41617,7
41618,7
41619,3
41620,8
41621,4
41622,8
41623,4
41624,3
41625,1
41626,2
41627,10
41628,2
41629,2
41630,2
41631,10
41632,10
41633,10
41634,10
41635,10
41636,5
41637,1
41638,5
41639,1
41640,4
41641,5
41642,5
41643,7
41644,10
41645,4
41646,8
41647,9
41648,3
41649,3
41650,1
41651,1
41652,5
41653,5
41654,5
41655,5
41656,10
41657,4
41658,5
41659,5
41660,9
41661,9
41662,4
41663,4
41664,1
41665,5
41666,8
41667,4
41668,4
41669,10
41670,2
41671,5
41672,10
41673,10
41674,2
41675,4
41676,4
41677,10
41678,3
41679,5
41680,10
41681,10
41682,10
41683,7
41684,3
41685,6
41686,1
41687,8
41688,5
41689,4
41690,5
41691,5
41692,7
41693,4
41694,10
41695,10
41696,5
41697,5
41698,4
41699,5
41700,5
41701,6
41702,7
41703,6
41704,4
41705,1
41706,4
41707,6
41708,10
41709,1
41710,1
41711,1
41712,8
41713,4
41714,9
41715,1
41716,4
41717,10
41718,10
41719,10
41720,10
41721,10
41722,8
41723,9
41724,3
41725,1
41726,4
41727,1
41728,10
41729,10
41730,3
41731,5
41732,10
41733,10
41734,10
41735,10
41736,10
41737,10
41738,10
41739,3
41740,1
41741,10
41742,10
41743,10
41744,7
41745,10
41746,4
41747,5
41748,7
41749,5
41750,6
41751,10
41752,5
41753,5
41754,10
41755,4
41756,9
41757,10
41758,5
41759,5
41760,5
41761,6
41762,4
41763,4
41764,2
41765,9
41766,8
41767,7
41768,4
41769,8
41770,5
41771,5
41772,4
41773,4
41774,4
41775,7
41776,3
41777,1
41778,5
41779,2
41780,10
41781,6
41782,2
41783,7
41784,1
41785,6
41786,3
41787,10
41788,6
41789,3
41790,5
41791,4
41792,7
41793,3
41794,5
41795,10
41796,10
41797,5
41798,7
41799,3
41800,4
41801,7
41802,5
41803,5
41804,6
41805,5
41806,7
41807,10
41808,10
41809,10
41810,5
41811,10
41812,2
41813,6
41814,5
41815,10
41816,9
41817,3
41818,6
41819,3
41820,1
41821,7
41822,7
41823,7
41824,1
41825,7
41826,5
41827,5
41828,6
41829,7
41830,10
41831,10
41832,6
41833,10
41834,4
41835,6
41836,7
41837,5
41838,10
41839,6
41840,5
41841,10
41842,10
41843,10
41844,10
41845,10
41846,4
41847,3
41848,5
41849,5
41850,5
41851,6
41852,4
41853,7
41854,5
41855,6
41856,6
41857,5
41858,10
41859,5
41860,5
41861,5
41862,3
41863,6
41864,5
41865,5
41866,10
41867,10
41868,10
41869,10
41870,10
41871,4
41872,5
41873,1
41874,5
41875,5
41876,7
41877,5
41878,5
41879,5
41880,4
41881,3
41882,3
41883,3
41884,5
41885,5
41886,5
41887,5
41888,7
41889,6
41890,10
41891,4
41892,7
41893,5
41894,9
41895,10
41896,9
41897,4
41898,4
41899,6
41900,1
41901,1
41902,5
41903,5
41904,5
41905,5
41906,5
41907,2
41908,5
41909,10
41910,5
41911,10
41912,10
41913,5
41914,5
41915,5
41916,5
41917,4
41918,4
41919,4
41920,9
41921,1
41922,7
41923,1
41924,3
41925,8
41926,6
41927,4
41928,6
41929,1
41930,7
41931,10
41932,3
41933,1
41934,4
41935,5
41936,5
41937,10
41938,5
41939,10
41940,6
41941,7
41942,4
41943,5
41944,1
41945,5
41946,6
41947,9
41948,1
41949,5
41950,6
41951,7
41952,5
41953,7
41954,5
41955,5
41956,5
41957,5
41958,10
41959,10
41960,10
41961,9
41962,4
41963,5
41964,10
41965,6
41966,2
41967,5
41968,2
41969,4
41970,4
41971,5
41972,2
41973,4
41974,4
41975,4
41976,4
41977,4
41978,8
41979,4
41980,4
41981,1
41982,9
41983,10
41984,10
41985,5
41986,5
41987,9
41988,9
41989,10
41990,10
41991,10
41992,10
41993,10
41994,10
41995,10
41996,10
41997,10
41998,10
41999,10
42000,10
42001,10
42002,6
42003,1
42004,9
42005,3
42006,8
42007,3
42008,9
42009,7
42010,5
42011,6
42012,6
42013,10
42014,5
42015,7
42016,4
42017,3
42018,1
42019,1
42020,5
42021,5
42022,10
42023,10
42024,4
42025,8
42026,3
42027,9
42028,4
42029,5
42030,1
42031,10
42032,4
42033,1
42034,10
42035,7
42036,9
42037,9
42038,4
42039,9
42040,4
42041,6
42042,8
42043,4
42044,4
42045,4
42046,3
42047,7
42048,5
42049,1
42050,5
42051,6
42052,10
42053,10
42054,5
42055,5
42056,4
42057,9
42058,5
42059,10
42060,10
42061,4
42062,4
42063,1
42064,1
42065,7
42066,5
42067,5
42068,5
42069,5
42070,4
42071,6
42072,9
42073,1
42074,1
42075,3
42076,1
42077,1
42078,7
42079,7
42080,5
42081,6
42082,7
42083,5
42084,4
42085,9
42086,9
42087,7
42088,6
42089,3
42090,4
42091,8
42092,1
42093,5
42094,7
42095,5
42096,10
42097,5
42098,4
42099,4
42100,4
42101,2
42102,2
42103,5
42104,3
42105,9
42106,6
42107,6
42108,1
42109,10
42110,6
42111,7
42112,6
42113,7
42114,1
42115,5
42116,4
42117,5
42118,5
42119,10
42120,5
42121,9
42122,4
42123,9
42124,3
42125,6
42126,9
42127,7
42128,7
42129,5
42130,9
42131,4
42132,4
42133,3
42134,7
42135,6
42136,7
42137,9
42138,3
42139,7
42140,1
42141,10
42142,1
42143,8
42144,8
42145,3
42146,6
42147,3
42148,7
42149,7
42150,1
42151,1
42152,5
42153,1
42154,10
42155,8
42156,4
42157,4
42158,9
42159,6
42160,1
42161,5
42162,5
42163,10
42164,5
42165,5
42166,4
42167,6
42168,4
42169,5
42170,6
42171,5
42172,10
42173,10
42174,4
42175,4
42176,7
42177,7
42178,7
42179,9
42180,6
42181,8
42182,7
42183,6
42184,1
42185,7
42186,5
42187,7
42188,6
42189,7
42190,9
42191,1
42192,3
42193,3
42194,5
42195,10
42196,10
42197,10
42198,10
42199,8
42200,4
42201,2
42202,2
42203,2
42204,9
42205,9
42206,4
42207,9
42208,2
42209,9
42210,4
42211,9
42212,4
42213,4
42214,5
42215,4
42216,3
42217,5
42218,5
42219,3
42220,10
42221,2
42222,5
42223,10
42224,2
42225,4
42226,5
42227,4
42228,2
42229,2
42230,2
42231,9
42232,3
42233,6
42234,5
42235,7
42236,4
42237,1
42238,5
42239,1
42240,1
42241,5
42242,5
42243,5
42244,5
42245,5
42246,10
42247,5
42248,7
42249,7
42250,5
42251,3
42252,3
42253,6
42254,9
42255,6
42256,3
42257,8
42258,5
42259,5
42260,5
42261,6
42262,7
42263,4
42264,6
42265,6
42266,5
42267,4
42268,5
42269,4
42270,4
42271,2
42272,9
42273,7
42274,7
42275,2
42276,2
42277,2
42278,9
42279,9
42280,9
42281,5
42282,7
42283,2
42284,8
42285,5
42286,5
42287,8
42288,10
42289,7
42290,2
42291,2
42292,3
42293,1
42294,5
42295,10
42296,2
42297,4
42298,4
42299,6
42300,7
42301,7
42302,7
42303,2
42304,9
42305,9
42306,6
42307,5
42308,1
42309,9
42310,5
42311,5
42312,10
42313,10
42314,5
42315,4
42316,3
42317,7
42318,1
42319,9
42320,10
42321,4
42322,7
42323,9
42324,9
42325,3
42326,9
42327,6
42328,6
42329,8
42330,3
42331,5
42332,10
42333,5
42334,4
42335,5
42336,1
42337,6
42338,7
42339,6
42340,5
42341,5
42342,3
42343,1
42344,1
42345,1
42346,1
42347,7
42348,7
42349,7
42350,7
42351,10
42352,5
42353,10
42354,10
42355,4
42356,4
42357,1
42358,3
42359,6
42360,5
42361,6
42362,5
42363,5
42364,4
42365,6
42366,3
42367,1
42368,3
42369,1
42370,1
42371,2
42372,9
42373,9
42374,3
42375,6
42376,6
42377,3
42378,1
42379,10
42380,6
42381,10
42382,4
42383,4
42384,2
42385,9
42386,7
42387,9
42388,7
42389,2
42390,9
42391,1
42392,2
42393,4
42394,8
42395,8
42396,2
42397,4
42398,9
42399,4
42400,5
42401,10
42402,3
42403,6
42404,6
42405,3
42406,4
42407,4
42408,3
42409,7
42410,9
42411,8
42412,4
42413,1
42414,1
42415,7
42416,5
42417,7
42418,5
42419,7
42420,2
42421,5
42422,6
42423,10
42424,10
42425,10
42426,2
42427,4
42428,4
42429,4
42430,4
42431,5
42432,4
42433,7
42434,7
42435,1
42436,7
42437,6
42438,6
42439,7
42440,1
42441,7
42442,5
42443,5
42444,10
42445,7
42446,9
42447,5
42448,7
42449,3
42450,1
42451,5
42452,7
42453,1
42454,6
42455,9
42456,6
42457,7
42458,7
42459,7
42460,5
42461,6
42462,10
42463,5
42464,5
42465,4
42466,4
42467,3
42468,4
42469,1
42470,10
42471,4
42472,9
42473,8
42474,4
42475,2
42476,7
42477,9
42478,1
42479,1
42480,5
42481,4
42482,7
42483,7
42484,5
42485,5
42486,4
42487,8
42488,2
42489,1
42490,6
42491,9
42492,4
42493,9
42494,6
42495,9
42496,1
42497,3
42498,7
42499,5
42500,7
42501,7
42502,7
42503,9
42504,10
42505,10
42506,10
42507,10
42508,10
42509,4
42510,4
42511,4
42512,7
42513,9
42514,1
42515,9
42516,1
42517,7
42518,7
42519,1
42520,7
42521,5
42522,5
42523,3
42524,5
42525,1
42526,10
42527,5
42528,4
42529,4
42530,4
42531,7
42532,1
42533,1
42534,6
42535,4
42536,7
42537,8
42538,7
42539,6
42540,8
42541,1
42542,1
42543,5
42544,1
42545,5
42546,7
42547,6
42548,6
42549,10
42550,5
42551,10
42552,2
42553,2
42554,4
42555,5
42556,9
42557,2
42558,3
42559,3
42560,1
42561,3
42562,9
42563,9
42564,1
42565,1
42566,1
42567,6
42568,9
42569,7
42570,5
42571,5
42572,5
42573,6
42574,10
42575,5
42576,6
42577,4
42578,3
42579,6
42580,7
42581,6
42582,7
42583,7
42584,5
42585,5
42586,3
42587,10
42588,10
42589,5
42590,4
42591,1
42592,3
42593,1
42594,5
42595,2
42596,6
42597,5
42598,10
42599,7
42600,4
42601,1
42602,9
42603,7
42604,10
42605,4
42606,9
42607,4
42608,8
42609,6
42610,4
42611,6
42612,4
42613,6
42614,1
42615,6
42616,3
42617,1
42618,1
42619,3
42620,1
42621,5
42622,7
42623,7
42624,5
42625,7
42626,2
42627,5
42628,10
42629,9
42630,4
42631,6
42632,6
42633,7
42634,7
42635,10
42636,3
42637,10
42638,7
42639,10
42640,10
42641,4
42642,4
42643,3
42644,1
42645,1
42646,9
42647,7
42648,2
42649,7
42650,10
42651,4
42652,10
42653,5
42654,7
42655,6
42656,1
42657,6
42658,7
42659,4
42660,9
42661,6
42662,7
42663,7
42664,5
42665,7
42666,5
42667,7
42668,9
42669,10
42670,10
42671,9
42672,5
42673,4
42674,4
42675,5
42676,4
42677,1
42678,8
42679,7
42680,7
42681,10
42682,5
42683,5
42684,4
42685,9
42686,1
42687,9
42688,9
42689,7
42690,1
42691,7
42692,1
42693,5
42694,7
42695,7
42696,5
42697,4
42698,2
42699,7
42700,7
42701,7
42702,7
42703,7
42704,7
42705,9
42706,4
42707,8
42708,9
42709,8
42710,2
42711,2
42712,4
42713,4
42714,6
42715,4
42716,10
42717,4
42718,3
42719,5
42720,6
42721,9
42722,2
42723,2
42724,7
42725,5
42726,7
42727,2
42728,2
42729,5
42730,2
42731,2
42732,2
42733,7
42734,6
42735,1
42736,7
42737,7
42738,7
42739,4
42740,1
42741,1
42742,10
42743,10
42744,4
42745,7
42746,6
42747,5
42748,7
42749,7
42750,5
42751,5
42752,8
42753,5
42754,6
42755,4
42756,5
42757,3
42758,3
42759,5
42760,7
42761,1
42762,7
42763,7
42764,5
42765,4
42766,1
42767,5
42768,7
42769,5
42770,5
42771,5
42772,10
42773,7
42774,7
42775,5
42776,10
42777,4
42778,4
42779,3
42780,1
42781,3
42782,7
42783,7
42784,10
42785,10
42786,10
42787,10
42788,5
42789,10
42790,5
42791,4
42792,8
42793,6
42794,10
42795,4
42796,1
42797,1
42798,7
42799,4
42800,10
42801,10
42802,10
42803,1
42804,1
42805,3
42806,9
42807,5
42808,2
42809,9
42810,7
42811,6
42812,9
42813,2
42814,5
42815,2
42816,6
42817,7
42818,7
42819,4
42820,7
42821,7
42822,6
42823,7
42824,1
42825,7
42826,2
42827,1
42828,1
42829,1
42830,1
42831,7
42832,1
42833,7
42834,7
42835,6
42836,7
42837,10
42838,10
42839,5
42840,10
42841,10
42842,6
42843,5
42844,5
42845,4
42846,4
42847,5
42848,8
42849,7
42850,9
42851,2
42852,9
42853,3
42854,8
42855,1
42856,2
42857,9
42858,4
42859,9
42860,9
42861,4
42862,8
42863,4
42864,7
42865,1
42866,1
42867,1
42868,7
42869,5
42870,3
42871,2
42872,2
42873,5
42874,5
42875,4
42876,7
42877,7
42878,5
42879,7
42880,2
42881,10
42882,5
42883,5
42884,10
42885,2
42886,4
42887,4
42888,4
42889,2
42890,2
42891,10
42892,7
42893,3
42894,9
42895,1
42896,1
42897,6
42898,7
42899,7
42900,1
42901,1
42902,5
42903,7
42904,10
42905,4
42906,4
42907,5
42908,9
42909,1
42910,1
42911,5
42912,6
42913,9
42914,3
42915,5
42916,4
42917,2
42918,9
42919,4
42920,4
42921,10
42922,3
42923,4
42924,5
42925,2
42926,7
42927,7
42928,5
42929,4
42930,10
42931,10
42932,4
42933,10
42934,10
42935,10
42936,7
42937,4
42938,7
42939,7
42940,10
42941,7
42942,5
42943,5
42944,5
42945,5
42946,10
42947,10
42948,4
42949,4
42950,7
42951,1
42952,6
42953,10
42954,5
42955,10
42956,9
42957,7
42958,7
42959,7
42960,5
42961,6
42962,4
42963,6
42964,7
42965,9
42966,7
42967,1
42968,5
42969,7
42970,9
42971,7
42972,10
42973,5
42974,4
42975,4
42976,2
42977,2
42978,2
42979,1
42980,7
42981,4
42982,5
42983,10
42984,4
42985,10
42986,7
42987,7
42988,7
42989,7
42990,9
42991,2
42992,2
42993,2
42994,2
42995,8
42996,3
42997,8
42998,7
42999,9
43000,6
43001,8
43002,1
43003,1
43004,2
43005,5
43006,4
43007,6
43008,2
43009,9
43010,3
43011,5
43012,1
43013,7
43014,10
43015,4
43016,4
43017,6
43018,2
43019,7
43020,7
43021,7
43022,5
43023,7
43024,10
43025,2
43026,5
43027,9
43028,9
43029,9
43030,2
43031,7
43032,2
43033,7
43034,5
43035,5
43036,4
43037,5
43038,5
43039,5
43040,4
43041,10
43042,5
43043,10
43044,4
43045,6
43046,9
43047,8
43048,1
43049,1
43050,7
43051,7
43052,5
43053,1
43054,1
43055,7
43056,7
43057,7
43058,10
43059,8
43060,5
43061,5
43062,9
43063,9
43064,4
43065,4
43066,7
43067,7
43068,7
43069,1
43070,9
43071,3
43072,3
43073,9
43074,9
43075,3
43076,1
43077,5
43078,4
43079,10
43080,5
43081,7
43082,4
43083,4
43084,2
43085,4
43086,2
43087,2
43088,2
43089,8
43090,4
43091,2
43092,4
43093,5
43094,7
43095,5
43096,10
43097,10
43098,4
43099,3
43100,5
43101,5
43102,6
43103,4
43104,5
43105,3
43106,3
43107,7
43108,3
43109,3
43110,10
43111,5
43112,5
43113,4
43114,7
43115,9
43116,7
43117,10
43118,5
43119,5
43120,5
43121,2
43122,2
43123,2
43124,2
43125,4
43126,9
43127,4
43128,1
43129,5
43130,2
43131,10
43132,5
43133,2
43134,5
43135,5
43136,4
43137,4
43138,9
43139,6
43140,10
43141,10
43142,7
43143,3
43144,3
43145,7
43146,10
43147,5
43148,6
43149,5
43150,4
43151,5
43152,10
43153,5
43154,9
43155,3
43156,10
43157,10
43158,4
43159,5
43160,9
43161,5
43162,3
43163,5
43164,5
43165,1
43166,10
43167,7
43168,5
43169,5
43170,10
43171,5
43172,6
43173,5
43174,1
43175,4
43176,6
43177,3
43178,10
43179,9
43180,4
43181,9
43182,5
43183,5
43184,5
43185,9
43186,3
43187,1
43188,10
43189,10
43190,4
43191,9
43192,9
43193,3
43194,9
43195,5
43196,10
43197,10
43198,10
43199,7
43200,7
43201,2
43202,2
43203,4
43204,8
43205,2
43206,9
43207,9
43208,10
43209,5
43210,2
43211,2
43212,9
43213,7
43214,10
43215,5
43216,10
43217,5
43218,10
43219,4
43220,9
43221,2
43222,1
43223,1
43224,5
43225,5
43226,6
43227,5
43228,5
43229,5
43230,7
43231,5
43232,10
43233,8
43234,6
43235,9
43236,7
43237,2
43238,9
43239,9
43240,4
43241,9
43242,3
43243,4
43244,7
43245,5
43246,7
43247,7
43248,7
43249,5
43250,10
43251,5
43252,4
43253,4
43254,4
43255,2
43256,2
43257,3
43258,10
43259,5
43260,6
43261,5
43262,5
43263,5
43264,10
43265,5
43266,10
43267,6
43268,5
43269,4
43270,4
43271,3
43272,6
43273,1
43274,1
43275,3
43276,10
43277,5
43278,5
43279,10
43280,6
43281,5
43282,8
43283,3
43284,3
43285,6
43286,10
43287,1
43288,1
43289,7
43290,7
43291,8
43292,6
43293,1
43294,9
43295,6
43296,4
43297,10
43298,4
43299,7
43300,5
43301,1
43302,5
43303,5
43304,1
43305,5
43306,5
43307,9
43308,3
43309,10
43310,5
43311,5
43312,8
43313,3
43314,4
43315,4
43316,4
43317,9
43318,3
43319,10
43320,4
43321,8
43322,4
43323,6
43324,8
43325,5
43326,5
43327,6
43328,4
43329,1
43330,1
43331,1
43332,6
43333,10
43334,4
43335,4
43336,4
43337,4
43338,5
43339,3
43340,5
43341,1
43342,5
43343,10
43344,5
43345,10
43346,6
43347,7
43348,4
43349,3
43350,1
43351,1
43352,1
43353,10
43354,5
43355,3
43356,7
43357,1
43358,3
43359,3
43360,5
43361,10
43362,10
43363,10
43364,6
43365,5
43366,9
43367,3
43368,7
43369,9
43370,9
43371,9
43372,8
43373,4
43374,4
43375,4
43376,4
43377,4
43378,7
43379,8
43380,8
43381,5
43382,5
43383,10
43384,10
43385,10
43386,10
43387,10
43388,6
43389,10
43390,10
43391,9
43392,1
43393,3
43394,1
43395,5
43396,5
43397,5
43398,5
43399,7
43400,5
43401,5
43402,7
43403,7
43404,7
43405,7
43406,7
43407,5
43408,5
43409,9
43410,5
43411,4
43412,4
43413,3
43414,6
43415,7
43416,5
43417,4
43418,4
43419,9
43420,4
43421,9
43422,1
43423,10
43424,5
43425,2
43426,2
43427,4
43428,4
43429,10
43430,4
43431,7
43432,10
43433,5
43434,9
43435,7
43436,7
43437,9
43438,6
43439,3
43440,3
43441,1
43442,5
43443,7
43444,5
43445,10
43446,7
43447,5
43448,10
43449,7
43450,10
43451,4
43452,4
43453,4
43454,8
43455,5
43456,8
43457,3
43458,3
43459,6
43460,1
43461,5
43462,6
43463,5
43464,5
43465,10
43466,5
43467,9
43468,4
43469,8
43470,4
43471,4
43472,4
43473,7
43474,3
43475,3
43476,5
43477,7
43478,4
43479,10
43480,2
43481,9
43482,9
43483,9
43484,9
43485,9
43486,3
43487,9
43488,3
43489,6
43490,1
43491,1
43492,4
43493,1
43494,7
43495,9
43496,10
43497,10
43498,10
43499,4
43500,2
43501,7
43502,1
43503,1
43504,5
43505,1
43506,6
43507,1
43508,9
43509,7
43510,7
43511,7
43512,7
43513,7
43514,5
43515,5
43516,10
43517,4
43518,4
43519,4
43520,4
43521,3
43522,1
43523,7
43524,5
43525,10
43526,5
43527,2
43528,10
43529,4
43530,5
43531,7
43532,8
43533,1
43534,4
43535,7
43536,7
43537,9
43538,9
43539,1
43540,1
43541,1
43542,4
43543,9
43544,4
43545,7
43546,4
43547,8
43548,4
43549,3
43550,2
43551,2
43552,9
43553,4
43554,5
43555,6
43556,3
43557,1
43558,3
43559,5
43560,1
43561,1
43562,7
43563,10
43564,4
43565,9
43566,5
43567,5
43568,5
43569,5
43570,5
43571,5
43572,1
43573,7
43574,5
43575,7
43576,7
43577,5
43578,10
43579,5
43580,9
43581,2
43582,1
43583,1
43584,7
43585,9
43586,5
43587,5
43588,2
43589,2
43590,2
43591,9
43592,1
43593,3
43594,7
43595,5
43596,7
43597,4
43598,6
43599,7
43600,10
43601,4
43602,8
43603,8
43604,9
43605,7
43606,1
43607,6
43608,1
43609,1
43610,7
43611,6
43612,1
43613,7
43614,4
43615,4
43616,7
43617,7
43618,2
43619,9
43620,1
43621,9
43622,6
43623,1
43624,10
43625,5
43626,3
43627,5
43628,5
43629,5
43630,6
43631,7
43632,6
43633,7
43634,5
43635,5
43636,7
43637,7
43638,6
43639,7
43640,5
43641,5
43642,10
43643,10
43644,4
43645,4
43646,6
43647,5
43648,7
43649,6
43650,8
43651,2
43652,9
43653,1
43654,8
43655,8
43656,4
43657,3
43658,6
43659,7
43660,4
43661,8
43662,10
43663,10
43664,1
43665,4
43666,7
43667,1
43668,5
43669,5
43670,2
43671,7
43672,6
43673,5
43674,5
43675,10
43676,4
43677,9
43678,2
43679,9
43680,3
43681,3
43682,3
43683,5
43684,6
43685,1
43686,7
43687,7
43688,5
43689,10
43690,5
43691,5
43692,5
43693,4
43694,7
43695,3
43696,3
43697,5
43698,1
43699,1
43700,1
43701,5
43702,1
43703,1
43704,7
43705,5
43706,7
43707,8
43708,4
43709,10
43710,6
43711,5
43712,4
43713,4
43714,4
43715,8
43716,3
43717,8
43718,7
43719,10
43720,2
43721,9
43722,9
43723,9
43724,3
43725,1
43726,1
43727,4
43728,9
43729,10
43730,4
43731,8
43732,4
43733,4
43734,4
43735,3
43736,6
43737,9
43738,1
43739,5
43740,1
43741,1
43742,1
43743,3
43744,4
43745,1
43746,1
43747,7
43748,3
43749,6
43750,1
43751,1
43752,4
43753,10
43754,10
43755,1
43756,7
43757,7
43758,7
43759,7
43760,7
43761,5
43762,9
43763,10
43764,3
43765,6
43766,9
43767,7
43768,5
43769,3
43770,7
43771,1
43772,1
43773,5
43774,4
43775,7
43776,7
43777,9
43778,7
43779,9
43780,9
43781,7
43782,9
43783,9
43784,9
43785,8
43786,9
43787,4
43788,3
43789,4
43790,3
43791,5
43792,5
43793,5
43794,7
43795,1
43796,1
43797,7
43798,7
43799,9
43800,6
43801,5
43802,5
43803,5
43804,5
43805,7
43806,8
43807,1
43808,7
43809,2
43810,2
43811,9
43812,5
43813,9
43814,3
43815,6
43816,6
43817,1
43818,5
43819,7
43820,3
43821,1
43822,5
43823,6
43824,7
43825,5
43826,6
43827,7
43828,7
43829,7
43830,5
43831,1
43832,7
43833,1
43834,4
43835,6
43836,7
43837,9
43838,9
43839,4
43840,4
43841,9
43842,4
43843,5
43844,9
43845,9
43846,3
43847,6
43848,3
43849,4
43850,5
43851,4
43852,1
43853,7
43854,3
43855,1
43856,1
43857,9
43858,1
43859,7
43860,6
43861,7
43862,7
43863,10
43864,10
43865,5
43866,10
43867,5
43868,5
43869,4
43870,9
43871,3
43872,3
43873,6
43874,7
43875,7
43876,7
43877,7
43878,5
43879,7
43880,10
43881,5
43882,5
43883,6
43884,4
43885,5
43886,2
43887,7
43888,7
43889,7
43890,10
43891,4
43892,10
43893,4
43894,7
43895,5
43896,10
43897,5
43898,5
43899,10
43900,5
43901,5
43902,6
43903,8
43904,5
43905,3
43906,4
43907,5
43908,1
43909,9
43910,5
43911,7
43912,4
43913,4
43914,3
43915,6
43916,10
43917,1
43918,10
43919,5
43920,6
43921,5
43922,10
43923,10
43924,4
43925,5
43926,5
43927,3
43928,1
43929,9
43930,7
43931,10
43932,5
43933,1
43934,1
43935,5
43936,7
43937,10
43938,10
43939,9
43940,8
43941,3
43942,10
43943,4
43944,5
43945,2
43946,5
43947,7
43948,7
43949,7
43950,6
43951,9
43952,9
43953,8
43954,2
43955,2
43956,9
43957,2
43958,5
43959,7
43960,2
43961,2
43962,7
43963,7
43964,5
43965,2
43966,6
43967,10
43968,10
43969,10
43970,4
43971,9
43972,7
43973,7
43974,7
43975,6
43976,7
43977,3
43978,2
43979,3
43980,4
43981,7
43982,6
43983,7
43984,7
43985,7
43986,10
43987,10
43988,5
43989,5
43990,1
43991,10
43992,1
43993,5
43994,7
43995,9
43996,5
43997,6
43998,3
43999,5
44000,6
44001,7
44002,5
44003,6
44004,9
44005,10
44006,10
44007,2
44008,4
44009,2
44010,7
44011,6
44012,5
44013,10
44014,5
44015,2
44016,10
44017,4
44018,4
44019,2
44020,7
44021,9
44022,3
44023,6
44024,3
44025,6
44026,3
44027,1
44028,1
44029,7
44030,1
44031,1
44032,7
44033,10
44034,10
44035,5
44036,4
44037,5
44038,1
44039,7
44040,7
44041,5
44042,10
44043,2
44044,9
44045,9
44046,6
44047,3
44048,5
44049,5
44050,7
44051,7
44052,6
44053,7
44054,1
44055,1
44056,7
44057,7
44058,7
44059,7
44060,3
44061,5
44062,1
44063,6
44064,5
44065,5
44066,7
44067,7
44068,10
44069,4
44070,2
44071,7
44072,8
44073,2
44074,10
44075,8
44076,2
44077,4
44078,9
44079,7
44080,1
44081,5
44082,9
44083,8
44084,7
44085,9
44086,5
44087,10
44088,10
44089,5
44090,4
44091,6
44092,1
44093,1
44094,5
44095,3
44096,1
44097,7
44098,5
44099,10
44100,5
44101,4
44102,2
44103,2
44104,9
44105,6
44106,9
44107,8
44108,6
44109,6
44110,6
44111,6
44112,1
44113,6
44114,5
44115,7
44116,9
44117,4
44118,1
44119,7
44120,2
44121,4
44122,8
44123,7
44124,9
44125,10
44126,4
44127,10
44128,8
44129,4
44130,8
44131,3
44132,8
44133,3
44134,6
44135,4
44136,3
44137,5
44138,5
44139,9
44140,3
44141,1
44142,5
44143,5
44144,10
44145,10
44146,5
44147,2
44148,10
44149,10
44150,6
44151,2
44152,6
44153,1
44154,1
44155,5
44156,1
44157,5
44158,5
44159,5
44160,5
44161,3
44162,5
44163,1
44164,4
44165,5
44166,10
44167,7
44168,7
44169,1
44170,8
44171,1
44172,5
44173,5
44174,4
44175,5
44176,4
44177,5
44178,3
44179,5
44180,1
44181,10
44182,5
44183,7
44184,6
44185,10
44186,6
44187,10
44188,4
44189,4
44190,6
44191,5
44192,9
44193,10
44194,4
44195,9
44196,7
44197,3
44198,6
44199,1
44200,9
44201,7
44202,7
44203,5
44204,10
44205,10
44206,4
44207,5
44208,9
44209,9
44210,10
44211,1
44212,9
44213,10
44214,6
44215,10
44216,5
44217,4
44218,4
44219,2
44220,2
44221,10
44222,9
44223,10
44224,4
44225,4
44226,5
44227,8
44228,7
44229,7
44230,8
44231,10
44232,5
44233,1
44234,5
44235,1
44236,9
44237,7
44238,5
44239,10
44240,9
44241,10
44242,9
44243,3
44244,7
44245,1
44246,7
44247,4
44248,1
44249,7
44250,7
44251,7
44252,7
44253,6
44254,5
44255,1
44256,10
44257,5
44258,7
44259,10
44260,6
44261,10
44262,4
44263,9
44264,7
44265,7
44266,5
44267,7
44268,2
44269,9
44270,9
44271,9
44272,2
44273,2
44274,1
44275,3
44276,2
44277,2
44278,2
44279,9
44280,9
44281,6
44282,1
44283,5
44284,10
44285,7
44286,7
44287,10
44288,10
44289,10
44290,5
44291,4
44292,1
44293,5
44294,5
44295,6
44296,7
44297,10
44298,5
44299,5
44300,10
44301,10
44302,10
44303,5
44304,4
44305,4
44306,5
44307,2
44308,9
44309,2
44310,2
44311,2
44312,9
44313,2
44314,9
44315,8
44316,9
44317,9
44318,9
44319,8
44320,5
44321,10
44322,7
44323,1
44324,7
44325,6
44326,7
44327,7
44328,3
44329,6
44330,5
44331,10
44332,5
44333,2
44334,2
44335,9
44336,6
44337,10
44338,10
44339,4
44340,10
44341,10
44342,10
44343,9
44344,3
44345,3
44346,7
44347,6
44348,5
44349,7
44350,6
44351,3
44352,7
44353,7
44354,5
44355,10
44356,5
44357,10
44358,3
44359,1
44360,5
44361,1
44362,4
44363,4
44364,3
44365,1
44366,3
44367,7
44368,5
44369,6
44370,7
44371,10
44372,6
44373,10
44374,10
44375,5
44376,9
44377,1
44378,5
44379,8
44380,4
44381,10
44382,8
44383,10
44384,7
44385,7
44386,5
44387,7
44388,6
44389,8
44390,10
44391,1
44392,1
44393,1
44394,1
44395,7
44396,1
44397,9
44398,5
44399,5
44400,6
44401,10
44402,6
44403,5
44404,9
44405,5
44406,2
44407,1
44408,7
44409,3
44410,2
44411,9
44412,6
44413,5
44414,10
44415,5
44416,4
44417,4
44418,10
44419,5
44420,9
44421,2
44422,2
44423,4
44424,5
44425,5
44426,10
44427,10
44428,8
44429,8
44430,4
44431,4
44432,4
44433,4
44434,10
44435,1
44436,10
44437,8
44438,10
44439,2
44440,2
44441,5
44442,3
44443,5
44444,1
44445,5
44446,5
44447,3
44448,1
44449,10
44450,10
44451,4
44452,9
44453,5
44454,10
44455,10
44456,4
44457,4
44458,7
44459,5
44460,10
44461,10
44462,3
44463,9
44464,5
44465,3
44466,1
44467,5
44468,10
44469,5
44470,4
44471,10
44472,8
44473,4
44474,10
44475,5
44476,5
44477,2
44478,10
44479,10
44480,10
44481,10
44482,5
44483,9
44484,7
44485,10
44486,7
44487,7
44488,7
44489,9
44490,7
44491,7
44492,10
44493,4
44494,8
44495,1
44496,1
44497,2
44498,10
44499,4
44500,4
44501,4
44502,9
44503,6
44504,7
44505,5
44506,10
44507,7
44508,5
44509,10
44510,10
44511,10
44512,4
44513,4
44514,2
44515,2
44516,10
44517,10
44518,3
44519,5
44520,5
44521,4
44522,1
44523,1
44524,1
44525,7
44526,10
44527,6
44528,10
44529,1
44530,1
44531,4
44532,6
44533,5
44534,1
44535,1
44536,5
44537,1
44538,10
44539,9
44540,9
44541,1
44542,1
44543,7
44544,2
44545,9
44546,9
44547,2
44548,8
44549,8
44550,9
44551,9
44552,2
44553,5
44554,5
44555,9
44556,6
44557,6
44558,9
44559,7
44560,10
44561,5
44562,1
44563,1
44564,5
44565,5
44566,7
44567,7
44568,5
44569,5
44570,6
44571,10
44572,4
44573,5
44574,4
44575,5
44576,1
44577,10
44578,7
44579,1
44580,7
44581,5
44582,5
44583,10
44584,9
44585,4
44586,8
44587,4
44588,8
44589,1
44590,1
44591,4
44592,9
44593,4
44594,3
44595,7
44596,10
44597,4
44598,4
44599,4
44600,4
44601,4
44602,3
44603,6
44604,8
44605,8
44606,4
44607,5
44608,7
44609,6
44610,1
44611,10
44612,9
44613,9
44614,5
44615,9
44616,7
44617,3
44618,3
44619,10
44620,10
44621,8
44622,10
44623,1
44624,1
44625,3
44626,1
44627,1
44628,7
44629,1
44630,5
44631,4
44632,4
44633,3
44634,5
44635,3
44636,1
44637,3
44638,3
44639,3
44640,5
44641,7
44642,5
44643,10
44644,10
44645,10
44646,4
44647,4
44648,7
44649,3
44650,8
44651,9
44652,3
44653,6
44654,3
44655,5
44656,5
44657,5
44658,10
44659,10
44660,5
44661,5
44662,4
44663,1
44664,3
44665,9
44666,5
44667,1
44668,10
44669,6
44670,4
44671,5
44672,4
44673,4
44674,9
44675,4
44676,7
44677,5
44678,4
44679,3
44680,4
44681,4
44682,7
44683,8
44684,4
44685,4
44686,4
44687,4
44688,7
44689,7
44690,10
44691,8
44692,2
44693,9
44694,1
44695,1
44696,3
44697,7
44698,7
44699,5
44700,7
44701,10
44702,4
44703,4
44704,9
44705,1
44706,2
44707,8
44708,4
44709,4
44710,1
44711,2
44712,8
44713,2
44714,10
44715,2
44716,2
44717,10
44718,10
44719,10
44720,10
44721,10
44722,10
44723,10
44724,10
44725,10
44726,10
44727,10
44728,6
44729,10
44730,10
44731,9
44732,3
44733,6
44734,3
44735,9
44736,1
44737,3
44738,3
44739,5
44740,3
44741,3
44742,5
44743,5
44744,10
44745,7
44746,7
44747,10
44748,10
44749,9
44750,5
44751,10
44752,4
44753,4
44754,4
44755,5
44756,1
44757,3
44758,3
44759,7
44760,5
44761,5
44762,9
44763,10
44764,10
44765,4
44766,9
44767,4
44768,6
44769,4
44770,1
44771,3
44772,5
44773,10
44774,9
44775,9
44776,7
44777,9
44778,7
44779,7
44780,9
44781,4
44782,8
44783,8
44784,9
44785,4
44786,9
44787,4
44788,4
44789,9
44790,7
44791,1
44792,8
44793,2
44794,10
44795,10
44796,10
44797,9
44798,8
44799,8
44800,5
44801,3
44802,6
44803,8
44804,8
44805,10
44806,8
44807,5
44808,10
44809,7
44810,3
44811,1
44812,5
44813,5
44814,5
44815,7
44816,4
44817,5
44818,5
44819,5
44820,1
44821,8
44822,7
44823,8
44824,7
44825,7
44826,7
44827,10
44828,5
44829,5
44830,10
44831,10
44832,3
44833,4
44834,9
44835,1
44836,6
44837,6
44838,6
44839,6
44840,3
44841,1
44842,1
44843,6
44844,6
44845,7
44846,1
44847,5
44848,1
44849,7
44850,4
44851,5
44852,4
44853,10
44854,10
44855,9
44856,4
44857,4
44858,4
44859,6
44860,4
44861,9
44862,9
44863,8
44864,9
44865,10
44866,4
44867,6
44868,1
44869,3
44870,5
44871,5
44872,7
44873,4
44874,5
44875,4
44876,4
44877,5
44878,4
44879,9
44880,4
44881,4
44882,8
44883,7
44884,9
44885,6
44886,9
44887,8
44888,2
44889,6
44890,7
44891,8
44892,7
44893,1
44894,9
44895,5
44896,7
44897,7
44898,3
44899,6
44900,3
44901,5
44902,5
44903,5
44904,7
44905,10
44906,5
44907,5
44908,10
44909,9
44910,5
44911,5
44912,4
44913,9
44914,9
44915,4
44916,9
44917,7
44918,4
44919,7
44920,5
44921,1
44922,1
44923,3
44924,3
44925,3
44926,5
44927,7
44928,2
44929,10
44930,6
44931,4
44932,5
44933,5
44934,4
44935,9
44936,9
44937,9
44938,9
44939,9
44940,9
44941,9
44942,10
44943,4
44944,1
44945,1
44946,4
44947,1
44948,3
44949,5
44950,5
44951,5
44952,6
44953,10
44954,4
44955,4
44956,4
44957,4
44958,5
44959,6
44960,10
44961,7
44962,1
44963,1
44964,6
44965,7
44966,5
44967,1
44968,5
44969,1
44970,5
44971,4
44972,4
44973,8
44974,7
44975,1
44976,1
44977,10
44978,5
44979,5
44980,10
44981,10
44982,5
44983,4
44984,9
44985,5
44986,6
44987,5
44988,3
44989,5
44990,2
44991,2
44992,2
44993,10
44994,8
44995,4
44996,8
44997,4
44998,5
44999,8
45000,5
45001,4
45002,6
45003,4
45004,7
45005,6
45006,7
45007,10
45008,7
45009,9
45010,9
45011,3
45012,9
45013,3
45014,1
45015,1
45016,9
45017,5
45018,5
45019,5
45020,5
45021,10
45022,6
45023,1
45024,9
45025,3
45026,1
45027,1
45028,6
45029,5
45030,5
45031,4
45032,4
45033,1
45034,6
45035,10
45036,5
45037,10
45038,10
45039,4
45040,9
45041,9
45042,6
45043,9
45044,1
45045,1
45046,7
45047,8
45048,6
45049,9
45050,7
45051,9
45052,2
45053,7
45054,4
45055,5
45056,4
45057,7
45058,9
45059,7
45060,4
45061,9
45062,7
45063,2
45064,9
45065,7
45066,1
45067,8
45068,4
45069,9
45070,8
45071,8
45072,4
45073,9
45074,6
45075,9
45076,8
45077,7
45078,4
45079,9
45080,6
45081,4
45082,1
45083,1
45084,5
45085,6
45086,1
45087,7
45088,9
45089,1
45090,3
45091,1
45092,2
45093,5
45094,7
45095,7
45096,7
45097,7
45098,7
45099,10
45100,5
45101,5
45102,5
45103,10
45104,10
45105,10
45106,10
45107,10
45108,4
45109,4
45110,4
45111,9
45112,4
45113,4
45114,4
45115,1
45116,6
45117,7
45118,9
45119,10
45120,7
45121,1
45122,6
45123,3
45124,1
45125,5
45126,10
45127,6
45128,4
45129,5
45130,8
45131,1
45132,6
45133,3
45134,1
45135,1
45136,1
45137,1
45138,9
45139,3
45140,1
45141,7
45142,7
45143,5
45144,10
45145,10
45146,10
45147,4
45148,2
45149,2
45150,6
45151,2
45152,7
45153,5
45154,7
45155,2
45156,9
45157,9
45158,9
45159,8
45160,1
45161,3
45162,1
45163,1
45164,6
45165,5
45166,7
45167,7
45168,5
45169,7
45170,10
45171,9
45172,10
45173,5
45174,10
45175,6
45176,5
45177,1
45178,1
45179,1
45180,1
45181,7
45182,9
45183,5
45184,7
45185,6
45186,4
45187,10
45188,10
45189,3
45190,9
45191,4
45192,6
45193,1
45194,7
45195,7
45196,5
45197,5
45198,9
45199,6
45200,6
45201,9
45202,9
45203,9
45204,5
45205,10
45206,4
45207,7
45208,7
45209,7
45210,7
45211,7
45212,7
45213,6
45214,7
45215,1
45216,3
45217,5
45218,7
45219,5
45220,5
45221,1
45222,10
45223,5
45224,5
45225,7
45226,5
45227,7
45228,7
45229,7
45230,7
45231,8
45232,7
45233,8
45234,2
45235,8
45236,1
45237,6
45238,4
45239,6
45240,7
45241,1
45242,1
45243,5
45244,5
45245,6
45246,10
45247,5
45248,5
45249,9
45250,4
45251,9
45252,10
45253,1
45254,7
45255,4
45256,3
45257,6
45258,5
45259,7
45260,10
45261,7
45262,10
45263,10
45264,5
45265,3
45266,3
45267,5
45268,7
45269,7
45270,10
45271,4
45272,5
45273,3
45274,9
45275,1
45276,6
45277,1
45278,6
45279,1
45280,5
45281,1
45282,7
45283,5
45284,7
45285,6
45286,7
45287,7
45288,1
45289,7
45290,5
45291,7
45292,10
45293,4
45294,4
45295,6
45296,4
45297,10
45298,1
45299,1
45300,1
45301,4
45302,3
45303,6
45304,6
45305,10
45306,4
45307,1
45308,5
45309,7
45310,6
45311,1
45312,4
45313,1
45314,1
45315,9
45316,10
45317,5
45318,5
45319,2
45320,9
45321,5
45322,4
45323,2
45324,9
45325,10
45326,8
45327,6
45328,9
45329,9
45330,9
45331,8
45332,7
45333,7
45334,7
45335,7
45336,8
45337,10
45338,8
45339,6
45340,7
45341,7
45342,7
45343,9
45344,10
45345,4
45346,9
45347,7
45348,7
45349,2
45350,4
45351,8
45352,2
45353,5
45354,4
45355,5
45356,6
45357,1
45358,2
45359,5
45360,10
45361,6
45362,4
45363,10
45364,7
45365,7
45366,7
45367,6
45368,1
45369,7
45370,3
45371,5
45372,1
45373,9
45374,5
45375,5
45376,5
45377,5
45378,5
45379,5
45380,7
45381,10
45382,8
45383,5
45384,10
45385,6
45386,4
45387,4
45388,4
45389,4
45390,5
45391,6
45392,3
45393,1
45394,1
45395,7
45396,7
45397,7
45398,9
45399,8
45400,2
45401,4
45402,9
45403,8
45404,9
45405,6
45406,1
45407,7
45408,1
45409,2
45410,2
45411,2
45412,2
45413,10
45414,10
45415,7
45416,4
45417,4
45418,7
45419,7
45420,7
45421,3
45422,2
45423,5
45424,1
45425,9
45426,10
45427,7
45428,1
45429,5
45430,10
45431,10
45432,5
45433,8
45434,6
45435,3
45436,9
45437,3
45438,1
45439,1
45440,1
45441,1
45442,1
45443,1
45444,9
45445,7
45446,4
45447,5
45448,7
45449,5
45450,4
45451,1
45452,3
45453,1
45454,1
45455,1
45456,7
45457,9
45458,9
45459,7
45460,7
45461,10
45462,10
45463,5
45464,4
45465,9
45466,9
45467,4
45468,9
45469,1
45470,1
45471,7
45472,10
45473,1
45474,7
45475,7
45476,6
45477,5
45478,5
45479,5
45480,10
45481,6
45482,10
45483,10
45484,5
45485,4
45486,8
45487,4
45488,9
45489,1
45490,8
45491,1
45492,7
45493,9
45494,7
45495,10
45496,6
45497,6
45498,1
45499,5
45500,9
45501,9
45502,7
45503,7
45504,1
45505,6
45506,7
45507,7
45508,7
45509,7
45510,1
45511,7
45512,7
45513,7
45514,10
45515,7
45516,7
45517,1
45518,1
45519,1
45520,1
45521,1
45522,1
45523,5
45524,7
45525,7
45526,5
45527,7
45528,7
45529,5
45530,6
45531,5
45532,4
45533,9
45534,8
45535,4
45536,8
45537,5
45538,1
45539,10
45540,6
45541,8
45542,4
45543,6
45544,8
45545,6
45546,4
45547,1
45548,2
45549,7
45550,3
45551,5
45552,10
45553,10
45554,5
45555,5
45556,2
45557,4
45558,4
45559,5
45560,5
45561,2
45562,9
45563,10
45564,1
45565,7
45566,9
45567,9
45568,9
45569,3
45570,9
45571,5
45572,3
45573,4
45574,9
45575,5
45576,5
45577,5
45578,5
45579,10
45580,5
45581,5
45582,7
45583,8
45584,7
45585,6
45586,5
45587,1
45588,4
45589,2
45590,4
45591,8
45592,7
45593,9
45594,4
45595,4
45596,1
45597,4
45598,7
45599,10
45600,7
45601,7
45602,7
45603,4
45604,4
45605,5
45606,5
45607,2
45608,9
45609,10
45610,10
45611,10
45612,7
45613,7
45614,9
45615,3
45616,5
45617,4
45618,7
45619,9
45620,9
45621,6
45622,5
45623,7
45624,7
45625,7
45626,5
45627,10
45628,10
45629,9
45630,4
45631,4
45632,9
45633,7
45634,7
45635,5
45636,5
45637,6
45638,4
45639,1
45640,10
45641,1
45642,1
45643,5
45644,6
45645,5
45646,4
45647,4
45648,2
45649,4
45650,9
45651,4
45652,4
45653,8
45654,6
45655,5
45656,10
45657,10
45658,10
45659,4
45660,4
45661,4
45662,10
45663,4
45664,9
45665,8
45666,10
45667,10
45668,6
45669,4
45670,9
45671,7
45672,7
45673,5
45674,2
45675,2
45676,2
45677,9
45678,9
45679,6
45680,3
45681,7
45682,7
45683,9
45684,7
45685,5
45686,10
45687,10
45688,10
45689,10
45690,8
45691,1
45692,6
45693,7
45694,7
45695,7
45696,4
45697,7
45698,4
45699,4
45700,4
45701,9
45702,10
45703,2
45704,2
45705,6
45706,10
45707,10
45708,5
45709,5
45710,10
45711,5
45712,4
45713,9
45714,1
45715,9
45716,10
45717,10
45718,2
45719,7
45720,9
45721,3
45722,1
45723,4
45724,2
45725,2
45726,2
45727,2
45728,8
45729,4
45730,4
45731,4
45732,9
45733,4
45734,7
45735,1
45736,2
45737,2
45738,6
45739,10
45740,10
45741,5
45742,10
45743,6
45744,10
45745,10
45746,3
45747,9
45748,9
45749,9
45750,5
45751,6
45752,10
45753,5
45754,7
45755,10
45756,4
45757,4
45758,5
45759,5
45760,5
45761,10
45762,5
45763,7
45764,9
45765,9
45766,9
45767,1
45768,1
45769,8
45770,1
45771,1
45772,1
45773,6
45774,3
45775,6
45776,5
45777,1
45778,5
45779,5
45780,7
45781,7
45782,5
45783,5
45784,10
45785,6
45786,10
45787,5
45788,4
45789,5
45790,9
45791,2
45792,2
45793,2
45794,9
45795,8
45796,8
45797,1
45798,9
45799,5
45800,7
45801,10
45802,10
45803,4
45804,9
45805,1
45806,3
45807,9
45808,7
45809,9
45810,10
45811,8
45812,6
45813,1
45814,10
45815,10
45816,4
45817,10
45818,7
45819,5
45820,5
45821,10
45822,7
45823,10
45824,4
45825,7
45826,9
45827,1
45828,9
45829,9
45830,2
45831,8
45832,8
45833,10
45834,7
45835,5
45836,5
45837,10
45838,10
45839,8
45840,4
45841,10
45842,10
45843,10
45844,5
45845,1
45846,1
45847,7
45848,5
45849,9
45850,9
45851,7
45852,6
45853,5
45854,5
45855,3
45856,9
45857,9
45858,3
45859,7
45860,10
45861,4
45862,6
45863,5
45864,10
45865,9
45866,4
45867,9
45868,3
45869,6
45870,10
45871,4
45872,4
45873,5
45874,1
45875,10
45876,9
45877,8
45878,10
45879,9
45880,4
45881,2
45882,9
45883,4
45884,7
45885,3
45886,5
45887,2
45888,5
45889,10
45890,1
45891,8
45892,7
45893,10
45894,6
45895,4
45896,5
45897,2
45898,2
45899,5
45900,10
45901,7
45902,9
45903,10
45904,5
45905,3
45906,5
45907,5
45908,7
45909,9
45910,7
45911,3
45912,1
45913,3
45914,5
45915,1
45916,10
45917,5
45918,5
45919,5
45920,9
45921,9
45922,1
45923,1
45924,7
45925,7
45926,7
45927,5
45928,10
45929,5
45930,4
45931,6
45932,5
45933,5
45934,7
45935,7
45936,6
45937,5
45938,4
45939,5
45940,5
45941,5
45942,5
45943,10
45944,9
45945,5
45946,7
45947,1
45948,5
45949,1
45950,7
45951,10
45952,5
45953,6
45954,4
45955,4
45956,4
45957,9
45958,9
45959,9
45960,1
45961,1
45962,9
45963,10
45964,7
45965,1
45966,5
45967,6
45968,10
45969,10
45970,5
45971,4
45972,5
45973,7
45974,6
45975,4
45976,10
45977,10
45978,10
45979,5
45980,5
45981,4
45982,9
45983,6
45984,6
45985,7
45986,1
45987,5
45988,1
45989,5
45990,6
45991,5
45992,5
45993,9
45994,5
45995,6
45996,4
45997,7
45998,3
45999,9
46000,3
46001,3
46002,1
46003,1
46004,3
46005,3
46006,8
46007,6
46008,6
46009,7
46010,6
46011,1
46012,5
46013,9
46014,6
46015,7
46016,4
46017,7
46018,7
46019,6
46020,10
46021,4
46022,5
46023,10
46024,1
46025,6
46026,4
46027,10
46028,4
46029,4
46030,8
46031,4
46032,9
46033,9
46034,4
46035,4
46036,4
46037,4
46038,4
46039,8
46040,4
46041,4
46042,8
46043,1
46044,3
46045,5
46046,4
46047,10
46048,5
46049,10
46050,10
46051,6
46052,6
46053,5
46054,10
46055,5
46056,5
46057,4
46058,5
46059,10
46060,10
46061,10
46062,10
46063,10
46064,10
46065,10
46066,10
46067,10
46068,10
46069,10
46070,6
46071,10
46072,10
46073,10
46074,10
46075,10
46076,10
46077,10
46078,5
46079,4
46080,10
46081,5
46082,7
46083,7
46084,7
46085,5
46086,10
46087,10
46088,4
46089,5
46090,3
46091,7
46092,9
46093,5
46094,7
46095,5
46096,7
46097,7
46098,4
46099,5
46100,10
46101,10
46102,4
46103,9
46104,4
46105,4
46106,4
46107,4
46108,6
46109,6
46110,10
46111,4
46112,7
46113,7
46114,10
46115,7
46116,10
46117,5
46118,7
46119,7
46120,4
46121,7
46122,1
46123,6
46124,5
46125,4
46126,9
46127,4
46128,4
46129,8
46130,7
46131,5
46132,5
46133,5
46134,5
46135,5
46136,5
46137,4
46138,4
46139,1
46140,5
46141,5
46142,5
46143,4
46144,4
46145,7
46146,9
46147,1
46148,9
46149,4
46150,4
46151,8
46152,6
46153,1
46154,6
46155,1
46156,1
46157,10
46158,7
46159,7
46160,7
46161,4
46162,5
46163,6
46164,9
46165,8
46166,4
46167,4
46168,9
46169,9
46170,1
46171,5
46172,3
46173,1
46174,5
46175,1
46176,7
46177,7
46178,7
46179,5
46180,7
46181,10
46182,5
46183,5
46184,8
46185,4
46186,4
46187,4
46188,5
46189,8
46190,4
46191,4
46192,3
46193,6
46194,3
46195,4
46196,8
46197,1
46198,9
46199,7
46200,3
46201,7
46202,9
46203,5
46204,5
46205,7
46206,5
46207,4
46208,9
46209,3
46210,1
46211,1
46212,6
46213,4
46214,7
46215,1
46216,6
46217,3
46218,3
46219,9
46220,1
46221,10
46222,5
46223,7
46224,7
46225,10
46226,10
46227,5
46228,10
46229,10
46230,5
46231,10
46232,10
46233,5
46234,10
46235,7
46236,1
46237,7
46238,7
46239,4
46240,10
46241,1
46242,7
46243,6
46244,7
46245,7
46246,7
46247,5
46248,6
46249,9
46250,5
46251,4
46252,4
46253,2
46254,7
46255,1
46256,2
46257,9
46258,2
46259,3
46260,7
46261,6
46262,10
46263,10
46264,4
46265,6
46266,10
46267,7
46268,1
46269,8
46270,6
46271,9
46272,7
46273,9
46274,1
46275,5
46276,1
46277,1
46278,10
46279,5
46280,7
46281,5
46282,5
46283,5
46284,5
46285,4
46286,4
46287,4
46288,1
46289,7
46290,8
46291,9
46292,9
46293,9
46294,8
46295,2
46296,1
46297,9
46298,9
46299,4
46300,9
46301,4
46302,4
46303,4
46304,5
46305,7
46306,4
46307,5
46308,4
46309,8
46310,4
46311,4
46312,4
46313,5
46314,1
46315,1
46316,2
46317,2
46318,7
46319,7
46320,5
46321,10
46322,6
46323,5
46324,2
46325,2
46326,5
46327,9
46328,4
46329,2
46330,2
46331,1
46332,6
46333,3
46334,6
46335,1
46336,7
46337,7
46338,4
46339,5
46340,5
46341,8
46342,1
46343,1
46344,8
46345,6
46346,3
46347,6
46348,1
46349,10
46350,7
46351,7
46352,7
46353,7
46354,5
46355,8
46356,5
46357,10
46358,10
46359,10
46360,5
46361,4
46362,4
46363,9
46364,9
46365,9
46366,2
46367,3
46368,6
46369,3
46370,1
46371,3
46372,9
46373,6
46374,3
46375,8
46376,6
46377,8
46378,1
46379,1
46380,5
46381,5
46382,5
46383,5
46384,8
46385,7
46386,5
46387,4
46388,10
46389,6
46390,9
46391,10
46392,7
46393,1
46394,1
46395,6
46396,7
46397,10
46398,10
46399,10
46400,5
46401,5
46402,9
46403,5
46404,10
46405,5
46406,5
46407,4
46408,7
46409,4
46410,10
46411,10
46412,7
46413,5
46414,10
46415,2
46416,2
46417,6
46418,9
46419,6
46420,4
46421,6
46422,2
46423,2
46424,2
46425,7
46426,1
46427,7
46428,7
46429,1
46430,1
46431,7
46432,8
46433,10
46434,1
46435,1
46436,4
46437,5
46438,6
46439,7
46440,6
46441,10
46442,10
46443,4
46444,6
46445,3
46446,6
46447,3
46448,5
46449,5
46450,9
46451,5
46452,5
46453,7
46454,10
46455,5
46456,5
46457,4
46458,9
46459,4
46460,4
46461,2
46462,2
46463,2
46464,9
46465,9
46466,9
46467,7
46468,7
46469,6
46470,9
46471,10
46472,2
46473,10
46474,10
46475,6
46476,3
46477,3
46478,6
46479,7
46480,5
46481,2
46482,8
46483,4
46484,6
46485,3
46486,9
46487,1
46488,1
46489,9
46490,6
46491,5
46492,4
46493,5
46494,5
46495,5
46496,10
46497,4
46498,4
46499,4
46500,5
46501,4
46502,5
46503,4
46504,10
46505,1
46506,5
46507,4
46508,7
46509,7
46510,9
46511,8
46512,1
46513,5
46514,5
46515,1
46516,6
46517,1
46518,7
46519,1
46520,5
46521,10
46522,3
46523,4
46524,9
46525,3
46526,6
46527,3
46528,3
46529,6
46530,7
46531,7
46532,7
46533,9
46534,2
46535,3
46536,8
46537,4
46538,9
46539,8
46540,9
46541,9
46542,7
46543,6
46544,8
46545,8
46546,2
46547,3
46548,1
46549,7
46550,1
46551,5
46552,10
46553,5
46554,5
46555,4
46556,5
46557,6
46558,9
46559,1
46560,8
46561,3
46562,2
46563,2
46564,7
46565,6
46566,1
46567,8
46568,7
46569,6
46570,8
46571,1
46572,5
46573,4
46574,5
46575,5
46576,10
46577,10
46578,7
46579,2
46580,10
46581,2
46582,9
46583,2
46584,3
46585,6
46586,4
46587,1
46588,1
46589,5
46590,5
46591,1
46592,4
46593,5
46594,1
46595,10
46596,5
46597,10
46598,10
46599,10
46600,4
46601,7
46602,10
46603,9
46604,7
46605,1
46606,6
46607,8
46608,1
46609,1
46610,7
46611,6
46612,1
46613,5
46614,1
46615,10
46616,10
46617,5
46618,9
46619,1
46620,9
46621,6
46622,10
46623,4
46624,4
46625,9
46626,4
46627,5
46628,9
46629,1
46630,1
46631,10
46632,5
46633,9
46634,5
46635,10
46636,5
46637,4
46638,1
46639,1
46640,4
46641,1
46642,5
46643,5
46644,7
46645,7
46646,5
46647,5
46648,9
46649,10
46650,7
46651,8
46652,1
46653,5
46654,6
46655,7
46656,5
46657,6
46658,10
46659,5
46660,9
46661,10
46662,9
46663,8
46664,5
46665,9
46666,4
46667,6
46668,6
46669,7
46670,10
46671,4
46672,1
46673,7
46674,6
46675,5
46676,5
46677,2
46678,2
46679,2
46680,4
46681,9
46682,8
46683,1
46684,8
46685,4
46686,4
46687,4
46688,7
46689,1
46690,6
46691,1
46692,6
46693,5
46694,1
46695,2
46696,5
46697,2
46698,5
46699,5
46700,2
46701,9
46702,7
46703,10
46704,9
46705,8
46706,5
46707,6
46708,1
46709,7
46710,5
46711,10
46712,10
46713,6
46714,10
46715,5
46716,6
46717,4
46718,4
46719,2
46720,7
46721,8
46722,3
46723,7
46724,1
46725,1
46726,2
46727,9
46728,9
46729,5
46730,5
46731,5
46732,1
46733,1
46734,6
46735,3
46736,4
46737,2
46738,7
46739,7
46740,6
46741,5
46742,5
46743,10
46744,10
46745,5
46746,4
46747,4
46748,4
46749,8
46750,1
46751,10
46752,7
46753,7
46754,2
46755,8
46756,1
46757,2
46758,2
46759,4
46760,10
46761,4
46762,4
46763,8
46764,4
46765,5
46766,9
46767,5
46768,9
46769,10
46770,9
46771,6
46772,6
46773,1
46774,9
46775,1
46776,1
46777,9
46778,5
46779,4
46780,4
46781,1
46782,5
46783,9
46784,7
46785,1
46786,10
46787,10
46788,4
46789,10
46790,5
46791,5
46792,8
46793,10
46794,9
46795,10
46796,9
46797,7
46798,10
46799,5
46800,4
46801,8
46802,9
46803,4
46804,5
46805,7
46806,10
46807,5
46808,9
46809,4
46810,2
46811,7
46812,10
46813,2
46814,9
46815,8
46816,6
46817,3
46818,9
46819,9
46820,8
46821,3
46822,9
46823,3
46824,7
46825,1
46826,7
46827,5
46828,7
46829,4
46830,1
46831,10
46832,7
46833,5
46834,2
46835,7
46836,6
46837,3
46838,3
46839,4
46840,3
46841,6
46842,5
46843,10
46844,4
46845,5
46846,1
46847,1
46848,10
46849,1
46850,1
46851,7
46852,7
46853,7
46854,7
46855,1
46856,5
46857,1
46858,1
46859,8
46860,5
46861,10
46862,7
46863,5
46864,10
46865,5
46866,5
46867,5
46868,4
46869,9
46870,8
46871,1
46872,9
46873,7
46874,5
46875,1
46876,5
46877,7
46878,8
46879,5
46880,10
46881,5
46882,6
46883,10
46884,10
46885,4
46886,4
46887,5
46888,9
46889,4
46890,9
46891,3
46892,6
46893,1
46894,3
46895,8
46896,7
46897,3
46898,7
46899,6
46900,6
46901,7
46902,1
46903,6
46904,7
46905,7
46906,1
46907,9
46908,9
46909,2
46910,6
46911,9
46912,9
46913,1
46914,4
46915,10
46916,10
46917,6
46918,5
46919,5
46920,3
46921,7
46922,1
46923,2
46924,5
46925,7
46926,10
46927,5
46928,9
46929,4
46930,2
46931,2
46932,2
46933,10
46934,2
46935,3
46936,10
46937,6
46938,9
46939,6
46940,10
46941,6
46942,4
46943,3
46944,9
46945,5
46946,5
46947,5
46948,5
46949,10
46950,10
46951,5
46952,10
46953,10
46954,4
46955,8
46956,5
46957,4
46958,9
46959,6
46960,9
46961,5
46962,7
46963,1
46964,10
46965,5
46966,5
46967,10
46968,8
46969,7
46970,10
46971,6
46972,10
46973,4
46974,5
46975,7
46976,9
46977,3
46978,2
46979,8
46980,2
46981,9
46982,1
46983,7
46984,7
46985,3
46986,5
46987,10
46988,2
46989,10
46990,5
46991,10
46992,7
46993,1
46994,8
46995,6
46996,6
46997,10
46998,5
46999,7
47000,1
47001,5
47002,3
47003,6
47004,5
47005,5
47006,7
47007,5
47008,10
47009,5
47010,10
47011,10
47012,4
47013,3
47014,6
47015,7
47016,10
47017,5
47018,5
47019,4
47020,4
47021,10
47022,10
47023,10
47024,7
47025,1
47026,5
47027,4
47028,6
47029,6
47030,10
47031,8
47032,9
47033,3
47034,3
47035,6
47036,5
47037,7
47038,10
47039,5
47040,6
47041,5
47042,4
47043,5
47044,3
47045,5
47046,2
47047,7
47048,5
47049,5
47050,10
47051,8
47052,7
47053,7
47054,4
47055,6
47056,2
47057,2
47058,2
47059,2
47060,2
47061,2
47062,1
47063,7
47064,6
47065,7
47066,7
47067,7
47068,7
47069,6
47070,7
47071,7
47072,9
47073,4
47074,10
47075,4
47076,2
47077,4
47078,9
47079,8
47080,6
47081,2
47082,2
47083,2
47084,2
47085,10
47086,9
47087,10
47088,5
47089,10
47090,4
47091,3
47092,6
47093,7
47094,10
47095,10
47096,10
47097,5
47098,4
47099,5
47100,10
47101,4
47102,5
47103,5
47104,3
47105,1
47106,10
47107,9
47108,9
47109,10
47110,4
47111,8
47112,4
47113,2
47114,2
47115,2
47116,9
47117,2
47118,2
47119,4
47120,4
47121,7
47122,3
47123,3
47124,8
47125,6
47126,3
47127,6
47128,6
47129,2
47130,3
47131,5
47132,1
47133,10
47134,7
47135,7
47136,7
47137,1
47138,6
47139,7
47140,3
47141,4
47142,5
47143,5
47144,5
47145,1
47146,10
47147,10
47148,5
47149,10
47150,9
47151,5
47152,8
47153,3
47154,6
47155,8
47156,5
47157,10
47158,10
47159,10
47160,3
47161,9
47162,7
47163,5
47164,4
47165,10
47166,2
47167,8
47168,8
47169,8
47170,4
47171,8
47172,10
47173,4
47174,9
47175,4
47176,3
47177,10
47178,7
47179,2
47180,10
47181,4
47182,2
47183,2
47184,10
47185,6
47186,10
47187,10
47188,10
47189,10
47190,10
47191,10
47192,10
47193,10
47194,10
47195,1
47196,5
47197,9
47198,1
47199,9
47200,1
47201,5
47202,5
47203,6
47204,5
47205,9
47206,4
47207,10
47208,5
47209,5
47210,10
47211,6
47212,9
47213,9
47214,1
47215,1
47216,5
47217,10
47218,10
47219,9
47220,5
47221,6
47222,5
47223,5
47224,6
47225,10
47226,9
47227,5
47228,10
47229,10
47230,10
47231,3
47232,8
47233,1
47234,1
47235,8
47236,7
47237,10
47238,10
47239,5
47240,6
47241,4
47242,4
47243,4
47244,6
47245,3
47246,8
47247,5
47248,5
47249,10
47250,4
47251,4
47252,8
47253,2
47254,10
47255,9
47256,9
47257,2
47258,2
47259,8
47260,2
47261,4
47262,4
47263,1
47264,4
47265,8
47266,4
47267,4
47268,4
47269,9
47270,4
47271,2
47272,5
47273,7
47274,5
47275,5
47276,10
47277,5
47278,9
47279,2
47280,8
47281,6
47282,7
47283,10
47284,1
47285,10
47286,5
47287,7
47288,1
47289,9
47290,5
47291,5
47292,10
47293,6
47294,4
47295,3
47296,9
47297,4
47298,5
47299,7
47300,5
47301,10
47302,5
47303,5
47304,10
47305,5
47306,9
47307,1
47308,7
47309,5
47310,10
47311,2
47312,3
47313,4
47314,5
47315,4
47316,10
47317,10
47318,10
47319,10
47320,10
47321,10
47322,10
47323,6
47324,10
47325,10
47326,10
47327,10
47328,10
47329,10
47330,10
47331,10
47332,6
47333,10
47334,5
47335,8
47336,9
47337,4
47338,8
47339,4
47340,8
47341,10
47342,4
47343,9
47344,1
47345,4
47346,5
47347,5
47348,10
47349,10
47350,5
47351,5
47352,4
47353,4
47354,5
47355,5
47356,9
47357,2
47358,2
47359,3
47360,10
47361,10
47362,4
47363,7
47364,4
47365,4
47366,4
47367,5
47368,1
47369,6
47370,10
47371,10
47372,10
47373,5
47374,7
47375,2
47376,8
47377,2
47378,4
47379,4
47380,4
47381,4
47382,5
47383,5
47384,10
47385,2
47386,4
47387,9
47388,2
47389,6
47390,7
47391,1
47392,5
47393,5
47394,5
47395,10
47396,9
47397,4
47398,4
47399,7
47400,8
47401,7
47402,7
47403,5
47404,5
47405,10
47406,9
47407,5
47408,10
47409,9
47410,4
47411,4
47412,10
47413,6
47414,10
47415,5
47416,10
47417,4
47418,4
47419,4
47420,5
47421,9
47422,8
47423,4
47424,4
47425,4
47426,5
47427,9
47428,1
47429,5
47430,9
47431,4
47432,1
47433,5
47434,5
47435,10
47436,4
47437,4
47438,4
47439,4
47440,4
47441,4
47442,5
47443,10
47444,10
47445,5
47446,4
47447,8
47448,5
47449,9
47450,1
47451,5
47452,10
47453,8
47454,8
47455,4
47456,7
47457,5
47458,10
47459,10
47460,5
47461,5
47462,9
47463,4
47464,4
47465,5
47466,4
47467,8
47468,9
47469,6
47470,10
47471,10
47472,9
47473,3
47474,4
47475,1
47476,9
47477,5
47478,10
47479,4
47480,6
47481,3
47482,9
47483,3
47484,6
47485,9
47486,10
47487,4
47488,5
47489,9
47490,8
47491,9
47492,6
47493,7
47494,2
47495,6
47496,4
47497,5
47498,10
47499,10
47500,5
47501,4
47502,4
47503,5
47504,8
47505,3
47506,5
47507,4
47508,7
47509,10
47510,5
47511,5
47512,10
47513,4
47514,5
47515,5
47516,7
47517,7
47518,8
47519,4
47520,10
47521,4
47522,10
47523,7
47524,2
47525,10
47526,2
47527,7
47528,10
47529,10
47530,6
47531,10
47532,2
47533,4
47534,6
47535,7
47536,7
47537,10
47538,10
47539,4
47540,9
47541,1
47542,10
47543,1
47544,5
47545,4
47546,10
47547,5
47548,7
47549,7
47550,9
47551,4
47552,10
47553,7
47554,10
47555,4
47556,4
47557,6
47558,5
47559,8
47560,8
47561,7
47562,2
47563,4
47564,9
47565,4
47566,4
47567,9
47568,10
47569,2
47570,2
47571,2
47572,5
47573,4
47574,4
47575,10
47576,6
47577,7
47578,4
47579,4
47580,2
47581,4
47582,4
47583,7
47584,10
47585,5
47586,4
47587,4
47588,10
47589,8
47590,2
47591,5
47592,9
47593,1
47594,7
47595,5
47596,10
47597,1
47598,5
47599,10
47600,4
47601,4
47602,2
47603,10
47604,10
47605,1
47606,10
47607,10
47608,5
47609,10
47610,4
47611,4
47612,4
47613,4
47614,4
47615,8
47616,9
47617,4
47618,8
47619,5
47620,7
47621,6
47622,10
47623,5
47624,4
47625,9
47626,5
47627,5
47628,10
47629,9
47630,5
47631,5
47632,9
47633,5
47634,10
47635,10
47636,10
47637,4
47638,8
47639,4
47640,8
47641,10
47642,8
47643,5
47644,6
47645,5
47646,10
47647,10
47648,10
47649,10
47650,4
47651,8
47652,2
47653,2
47654,10
47655,9
47656,10
47657,10
47658,10
47659,10
47660,10
47661,10
47662,9
47663,2
47664,9
47665,2
47666,8
47667,10
47668,10
47669,10
47670,10
47671,5
47672,4
47673,1
47674,10
47675,10
47676,4
47677,4
47678,4
47679,9
47680,9
47681,4
47682,6
47683,4
47684,5
47685,2
47686,7
47687,4
47688,10
47689,5
47690,10
47691,10
47692,5
47693,7
47694,7
47695,4
47696,5
47697,1
47698,10
47699,6
47700,10
47701,10
47702,10
47703,4
47704,5
47705,5
47706,4
47707,8
47708,10
47709,10
47710,2
47711,10
47712,10
47713,10
47714,8
47715,4
47716,4
47717,4
47718,10
47719,10
47720,4
47721,5
47722,5
47723,7
47724,10
47725,4
47726,10
47727,10
47728,10
47729,4
47730,1
47731,10
47732,5
47733,2
47734,2
47735,10
47736,5
47737,10
47738,10
47739,8
47740,2
47741,10
47742,6
47743,10
47744,10
47745,1
47746,10
47747,10
47748,2
47749,1
47750,7
47751,6
47752,4
47753,7
47754,5
47755,5
47756,7
47757,7
47758,4
47759,9
47760,9
47761,9
47762,8
47763,10
47764,7
47765,4
47766,2
47767,10
47768,10
47769,10
47770,3
47771,10
47772,6
47773,10
47774,10
47775,7
47776,5
47777,10
47778,5
47779,10
47780,5
47781,10
47782,5
47783,2
47784,2
47785,10
47786,5
47787,2
47788,10
47789,5
47790,10
47791,4
47792,10
47793,5
47794,5
47795,6
47796,10
47797,10
47798,4
47799,5
47800,9
47801,5
47802,6
47803,5
47804,5
47805,10
47806,10
47807,2
47808,9
47809,4
47810,9
47811,8
47812,2
47813,4
47814,10
47815,5
47816,2
47817,10
47818,10
47819,4
47820,10
47821,10
47822,9
47823,5
47824,6
47825,1
47826,6
47827,5
47828,10
47829,10
47830,10
47831,5
47832,10
47833,10
47834,6
47835,4
47836,4
47837,9
47838,5
47839,10
47840,5
47841,5
47842,2
47843,10
47844,8
47845,8
47846,8
47847,1
47848,7
47849,10
47850,10
47851,10
47852,10
47853,4
47854,5
47855,1
47856,10
47857,4
47858,5
47859,10
47860,5
47861,10
47862,5
47863,4
47864,2
47865,10
47866,10
47867,10
47868,4
47869,4
47870,1
47871,5
47872,5
47873,5
47874,10
47875,10
47876,5
47877,4
47878,4
47879,4
47880,6
47881,10
47882,1
47883,10
47884,10
47885,9
47886,10
47887,4
47888,4
47889,5
47890,7
47891,10
47892,10
47893,5
47894,8
47895,9
47896,9
47897,10
47898,2
47899,5
47900,10
47901,5
47902,5
47903,9
47904,5
47905,5
47906,5
47907,10
47908,7
47909,7
47910,6
47911,4
47912,10
47913,4
47914,10
47915,10
47916,6
47917,6
47918,10
47919,1
47920,1
47921,10
47922,7
47923,8
47924,4
47925,1
47926,1
47927,6
47928,7
47929,5
47930,10
47931,10
47932,10
47933,5
47934,9
47935,5
47936,4
47937,4
47938,4
47939,7
47940,7
47941,4
47942,5
47943,9
47944,5
47945,10
47946,4
47947,5
47948,7
47949,7
47950,9
47951,8
47952,4
47953,10
47954,8
47955,4
47956,4
47957,4
47958,4
47959,9
47960,4
47961,1
47962,5
47963,10
47964,6
47965,2
47966,10
47967,10
47968,10
47969,10
47970,10
47971,10
47972,10
47973,10
47974,1
47975,10
47976,10
47977,10
47978,10
47979,10
47980,10
47981,10
47982,10
47983,10
47984,10
47985,10
47986,10
47987,10
47988,10
47989,4
47990,10
47991,10
47992,10
47993,9
47994,4
47995,10
47996,9
47997,8
47998,10
47999,7
48000,10
48001,4
48002,4
48003,4
48004,4
48005,5
48006,6
48007,9
48008,10
48009,10
48010,10
48011,10
48012,10
48013,8
48014,5
48015,5
48016,10
48017,4
48018,5
48019,5
48020,4
48021,9
48022,5
48023,5
48024,5
48025,5
48026,5
48027,5
48028,5
48029,5
48030,5
48031,5
48032,5
48033,5
48034,10
48035,10
48036,5
48037,10
48038,5
48039,6
48040,5
48041,6
48042,5
48043,5
48044,5
48045,5
48046,4
48047,9
48048,9
48049,4
48050,6
48051,4
48052,4
48053,1
48054,9
48055,4
48056,3
48057,1
48058,5
48059,5
48060,5
48061,5
48062,4
48063,4
48064,9
48065,5
48066,6
48067,9
48068,6
48069,10
48070,10
48071,5
48072,5
48073,10
48074,10
48075,5
48076,4
48077,4
48078,4
48079,9
48080,4
48081,4
48082,5
48083,5
48084,5
48085,10
48086,5
48087,4
48088,4
48089,1
48090,5
48091,9
48092,10
48093,5
48094,5
48095,5
48096,10
48097,4
48098,4
48099,5
48100,5
48101,10
48102,5
48103,4
48104,10
48105,3
48106,10
48107,9
48108,4
48109,5
48110,4
48111,4
48112,5
48113,9
48114,5
48115,2
48116,7
48117,5
48118,8
48119,4
48120,4
48121,5
48122,9
48123,2
48124,8
48125,2
48126,4
48127,4
48128,9
48129,4
48130,9
48131,5
48132,4
48133,4
48134,2
48135,10
48136,4
48137,4
48138,5
48139,3
48140,3
48141,5
48142,3
48143,6
48144,10
48145,10
48146,5
48147,5
48148,7
48149,5
48150,7
48151,5
48152,10
48153,5
48154,10
48155,10
48156,4
48157,4
48158,4
48159,5
48160,9
48161,9
48162,9
48163,9
48164,4
48165,8
48166,5
48167,9
48168,10
48169,4
48170,10
48171,4
48172,10
48173,4
48174,4
48175,3
48176,9
48177,2
48178,7
48179,2
48180,2
48181,10
48182,3
48183,10
48184,4
48185,4
48186,8
48187,7
48188,7
48189,7
48190,5
48191,5
48192,4
48193,4
48194,2
48195,1
48196,4
48197,9
48198,1
48199,10
48200,10
48201,5
48202,4
48203,5
48204,8
48205,10
48206,5
48207,4
48208,10
48209,5
48210,10
48211,8
48212,5
48213,5
48214,4
48215,5
48216,10
48217,1
48218,3
48219,3
48220,9
48221,2
48222,8
48223,4
48224,4
48225,5
48226,4
48227,4
48228,9
48229,4
48230,4
48231,10
48232,8
48233,4
48234,4
48235,9
48236,5
48237,2
48238,2
48239,10
48240,9
48241,10
48242,5
48243,5
48244,7
48245,9
48246,10
48247,5
48248,5
48249,5
48250,8
48251,2
48252,4
48253,8
48254,8
48255,9
48256,10
48257,4
48258,10
48259,9
48260,7
48261,2
48262,2
48263,10
48264,5
48265,5
48266,9
48267,10
48268,5
48269,5
48270,5
48271,10
48272,5
48273,5
48274,9
48275,3
48276,5
48277,7
48278,5
48279,10
48280,10
48281,4
48282,7
48283,8
48284,5
48285,5
48286,10
48287,10
48288,10
48289,1
48290,9
48291,9
48292,10
48293,6
48294,9
48295,9
48296,5
48297,3
48298,9
48299,8
48300,9
48301,8
48302,9
48303,4
48304,10
48305,6
48306,4
48307,5
48308,5
48309,2
48310,7
48311,5
48312,6
48313,2
48314,5
48315,10
48316,2
48317,8
48318,2
48319,2
48320,6
48321,10
48322,10
48323,10
48324,10
48325,9
48326,5
48327,10
48328,5
48329,3
48330,5
48331,5
48332,10
48333,4
48334,5
48335,4
48336,2
48337,9
48338,10
48339,10
48340,10
48341,6
48342,2
48343,8
48344,4
48345,4
48346,10
48347,10
48348,2
48349,2
48350,2
48351,2
48352,10
48353,10
48354,9
48355,5
48356,9
48357,8
48358,5
48359,3
48360,10
48361,7
48362,10
48363,7
48364,7
48365,5
48366,10
48367,10
48368,10
48369,5
48370,4
48371,4
48372,2
48373,2
48374,3
48375,9
48376,8
48377,9
48378,1
48379,5
48380,10
48381,10
48382,5
48383,9
48384,1
48385,10
48386,9
48387,9
48388,7
48389,7
48390,9
48391,4
48392,1
48393,3
48394,9
48395,10
48396,5
48397,10
48398,4
48399,5
48400,9
48401,4
48402,7
48403,7
48404,10
48405,5
48406,6
48407,5
48408,4
48409,6
48410,4
48411,2
48412,8
48413,2
48414,4
48415,4
48416,4
48417,4
48418,10
48419,8
48420,10
48421,10
48422,2
48423,2
48424,2
48425,2
48426,6
48427,6
48428,10
48429,10
48430,10
48431,10
48432,10
48433,10
48434,5
48435,1
48436,1
48437,5
48438,10
48439,10
48440,10
48441,5
48442,4
48443,9
48444,9
48445,10
48446,5
48447,10
48448,10
48449,5
48450,9
48451,6
48452,5
48453,10
48454,6
48455,2
48456,8
48457,2
48458,2
48459,8
48460,4
48461,9
48462,5
48463,5
48464,5
48465,5
48466,10
48467,4
48468,4
48469,9
48470,10
48471,6
48472,4
48473,2
48474,9
48475,2
48476,10
48477,7
48478,10
48479,10
48480,9
48481,6
48482,7
48483,1
48484,6
48485,5
48486,5
48487,5
48488,10
48489,5
48490,4
48491,5
48492,1
48493,8
48494,10
48495,5
48496,5
48497,9
48498,3
48499,9
48500,5
48501,3
48502,5
48503,5
48504,5
48505,3
48506,5
48507,7
48508,7
48509,10
48510,5
48511,10
48512,10
48513,5
48514,4
48515,2
48516,9
48517,9
48518,1
48519,10
48520,9
48521,8
48522,7
48523,10
48524,10
48525,10
48526,7
48527,9
48528,7
48529,4
48530,2
48531,9
48532,6
48533,4
48534,1
48535,5
48536,9
48537,10
48538,9
48539,2
48540,8
48541,9
48542,2
48543,6
48544,9
48545,9
48546,10
48547,10
48548,10
48549,10
48550,6
48551,10
48552,10
48553,6
48554,1
48555,3
48556,5
48557,7
48558,10
48559,5
48560,5
48561,4
48562,8
48563,3
48564,7
48565,4
48566,4
48567,3
48568,7
48569,10
48570,4
48571,9
48572,9
48573,2
48574,4
48575,9
48576,5
48577,8
48578,4
48579,9
48580,9
48581,4
48582,5
48583,5
48584,10
48585,10
48586,10
48587,8
48588,5
48589,5
48590,3
48591,5
48592,9
48593,3
48594,10
48595,10
48596,10
48597,5
48598,10
48599,10
48600,10
48601,9
48602,8
48603,8
48604,4
48605,8
48606,7
48607,10
48608,4
48609,5
48610,5
48611,5
48612,4
48613,6
48614,7
48615,10
48616,5
48617,10
48618,5
48619,10
48620,2
48621,2
48622,8
48623,8
48624,9
48625,3
48626,5
48627,2
48628,4
48629,9
48630,5
48631,5
48632,5
48633,7
48634,7
48635,5
48636,5
48637,5
48638,9
48639,5
48640,6
48641,5
48642,7
48643,4
48644,8
48645,5
48646,9
48647,8
48648,8
48649,4
48650,8
48651,5
48652,5
48653,5
48654,5
48655,10
48656,5
48657,7
48658,2
48659,5
48660,10
48661,9
48662,6
48663,5
48664,5
48665,5
48666,3
48667,5
48668,5
48669,5
48670,4
48671,9
48672,7
48673,7
48674,7
48675,5
48676,9
48677,5
48678,8
48679,5
48680,7
48681,5
48682,5
48683,10
48684,10
48685,10
48686,4
48687,4
48688,5
48689,4
48690,5
48691,4
48692,5
48693,3
48694,5
48695,7
48696,7
48697,10
48698,4
48699,4
48700,8
48701,5
48702,8
48703,8
48704,1
48705,1
48706,10
48707,7
48708,9
48709,8
48710,4
48711,7
48712,2
48713,3
48714,1
48715,9
48716,10
48717,6
48718,7
48719,1
48720,7
48721,7
48722,6
48723,1
48724,1
48725,10
48726,3
48727,10
48728,5
48729,2
48730,8
48731,8
48732,2
48733,2
48734,2
48735,2
48736,4
48737,9
48738,9
48739,10
48740,6
48741,8
48742,4
48743,8
48744,4
48745,5
48746,4
48747,4
48748,4
48749,4
48750,10
48751,4
48752,4
48753,4
48754,3
48755,1
48756,5
48757,5
48758,7
48759,5
48760,7
48761,5
48762,5
48763,10
48764,10
48765,5
48766,10
48767,4
48768,5
48769,5
48770,10
48771,10
48772,10
48773,10
48774,10
48775,10
48776,10
48777,10
48778,10
48779,1
48780,6
48781,10
48782,10
48783,10
48784,5
48785,10
48786,1
48787,8
48788,9
48789,3
48790,1
48791,1
48792,9
48793,5
48794,1
48795,7
48796,4
48797,10
48798,4
48799,10
48800,4
48801,5
48802,7
48803,7
48804,7
48805,10
48806,5
48807,9
48808,4
48809,5
48810,4
48811,4
48812,10
48813,7
48814,5
48815,5
48816,10
48817,7
48818,4
48819,4
48820,4
48821,7
48822,10
48823,9
48824,7
48825,10
48826,6
48827,7
48828,8
48829,7
48830,4
48831,10
48832,3
48833,6
48834,8
48835,5
48836,5
48837,10
48838,4
48839,4
48840,7
48841,10
48842,1
48843,3
48844,3
48845,1
48846,10
48847,1
48848,9
48849,5
48850,1
48851,1
48852,1
48853,3
48854,1
48855,7
48856,6
48857,1
48858,5
48859,7
48860,5
48861,5
48862,5
48863,10
48864,6
48865,4
48866,10
48867,4
48868,1
48869,7
48870,7
48871,9
48872,9
48873,8
48874,9
48875,8
48876,10
48877,9
48878,10
48879,7
48880,3
48881,3
48882,1
48883,10
48884,8
48885,5
48886,10
48887,9
48888,7
48889,5
48890,6
48891,5
48892,3
48893,7
48894,6
48895,7
48896,4
48897,8
48898,9
48899,6
48900,10
48901,8
48902,7
48903,6
48904,2
48905,5
48906,5
48907,8
48908,5
48909,9
48910,10
48911,1
48912,9
48913,3
48914,6
48915,3
48916,1
48917,5
48918,5
48919,7
48920,5
48921,7
48922,5
48923,10
48924,7
48925,5
48926,5
48927,5
48928,4
48929,4
48930,5
48931,5
48932,6
48933,2
48934,9
48935,9
48936,9
48937,2
48938,9
48939,6
48940,9
48941,10
48942,8
48943,10
48944,8
48945,4
48946,4
48947,1
48948,1
48949,7
48950,2
48951,10
48952,6
48953,4
48954,4
48955,6
48956,7
48957,7
48958,1
48959,1
48960,7
48961,3
48962,3
48963,9
48964,3
48965,5
48966,7
48967,10
48968,10
48969,1
48970,1
48971,7
48972,5
48973,4
48974,2
48975,2
48976,2
48977,2
48978,10
48979,9
48980,3
48981,6
48982,9
48983,4
48984,6
48985,7
48986,7
48987,5
48988,7
48989,7
48990,7
48991,1
48992,1
48993,1
48994,6
48995,7
48996,5
48997,5
48998,7
48999,5
49000,10
49001,6
49002,4
49003,9
49004,4
49005,10
49006,1
49007,5
49008,2
49009,2
49010,2
49011,2
49012,10
49013,6
49014,7
49015,2
49016,10
49017,2
49018,4
49019,2
49020,2
49021,1
49022,3
49023,9
49024,6
49025,6
49026,6
49027,4
49028,5
49029,5
49030,5
49031,5
49032,7
49033,4
49034,6
49035,8
49036,1
49037,9
49038,6
49039,5
49040,5
49041,7
49042,7
49043,5
49044,7
49045,2
49046,2
49047,2
49048,2
49049,2
49050,3
49051,8
49052,5
49053,4
49054,9
49055,2
49056,4
49057,4
49058,2
49059,5
49060,1
49061,2
49062,1
49063,5
49064,6
49065,1
49066,10
49067,2
49068,7
49069,10
49070,8
49071,5
49072,9
49073,6
49074,7
49075,9
49076,9
49077,5
49078,7
49079,5
49080,7
49081,6
49082,5
49083,5
49084,7
49085,7
49086,9
49087,9
49088,5
49089,9
49090,6
49091,1
49092,5
49093,1
49094,5
49095,1
49096,5
49097,5
49098,7
49099,10
49100,5
49101,5
49102,9
49103,8
49104,6
49105,10
49106,5
49107,5
49108,1
49109,1
49110,7
49111,9
49112,7
49113,7
49114,1
49115,10
49116,10
49117,5
49118,10
49119,5
49120,5
49121,8
49122,5
49123,2
49124,2
49125,2
49126,5
49127,9
49128,4
49129,2
49130,9
49131,6
49132,3
49133,5
49134,10
49135,6
49136,5
49137,1
49138,4
49139,7
49140,1
49141,8
49142,10
49143,8
49144,10
49145,3
49146,5
49147,2
49148,4
49149,9
49150,5
49151,5
49152,6
49153,5
49154,10
49155,5
49156,7
49157,10
49158,1
49159,7
49160,8
49161,2
49162,2
49163,2
49164,7
49165,2
49166,1
49167,1
49168,5
49169,9
49170,5
49171,5
49172,7
49173,10
49174,5
49175,6
49176,5
49177,5
49178,9
49179,5
49180,5
49181,4
49182,9
49183,10
49184,7
49185,1
49186,1
49187,7
49188,7
49189,1
49190,5
49191,5
49192,5
49193,7
49194,7
49195,7
49196,7
49197,1
49198,8
49199,1
49200,9
49201,1
49202,6
49203,5
49204,5
49205,7
49206,7
49207,7
49208,5
49209,5
49210,10
49211,5
49212,5
49213,4
49214,4
49215,4
49216,5
49217,4
49218,4
49219,5
49220,1
49221,6
49222,5
49223,5
49224,9
49225,7
49226,9
49227,6
49228,6
49229,9
49230,1
49231,1
49232,8
49233,5
49234,1
49235,3
49236,7
49237,6
49238,5
49239,1
49240,9
49241,7
49242,7
49243,9
49244,9
49245,2
49246,10
49247,7
49248,1
49249,1
49250,9
49251,7
49252,7
49253,5
49254,4
49255,4
49256,7
49257,6
49258,7
49259,7
49260,7
49261,7
49262,7
49263,9
49264,7
49265,9
49266,4
49267,3
49268,2
49269,8
49270,2
49271,9
49272,4
49273,9
49274,3
49275,9
49276,7
49277,3
49278,8
49279,10
49280,8
49281,5
49282,1
49283,1
49284,1
49285,7
49286,6
49287,5
49288,1
49289,2
49290,5
49291,5
49292,10
49293,5
49294,10
49295,5
49296,3
49297,5
49298,10
49299,9
49300,3
49301,6
49302,1
49303,1
49304,1
49305,5
49306,5
49307,1
49308,2
49309,7
49310,1
49311,8
49312,5
49313,1
49314,1
49315,5
49316,10
49317,5
49318,7
49319,7
49320,5
49321,5
49322,7
49323,5
49324,5
49325,10
49326,5
49327,10
49328,4
49329,9
49330,9
49331,6
49332,6
49333,7
49334,7
49335,8
49336,8
49337,2
49338,2
49339,9
49340,9
49341,2
49342,8
49343,4
49344,1
49345,5
49346,1
49347,6
49348,7
49349,6
49350,6
49351,9
49352,10
49353,6
49354,5
49355,10
49356,10
49357,8
49358,4
49359,5
49360,6
49361,9
49362,9
49363,6
49364,1
49365,1
49366,1
49367,5
49368,6
49369,10
49370,4
49371,7
49372,1
49373,5
49374,6
49375,5
49376,7
49377,7
49378,10
49379,8
49380,4
49381,9
49382,3
49383,1
49384,7
49385,5
49386,6
49387,7
49388,5
49389,10
49390,5
49391,5
49392,10
49393,5
49394,5
49395,4
49396,8
49397,6
49398,7
49399,4
49400,8
49401,9
49402,10
49403,6
49404,5
49405,7
49406,7
49407,1
49408,1
49409,6
49410,7
49411,9
49412,5
49413,6
49414,5
49415,6
49416,7
49417,5
49418,4
49419,7
49420,5
49421,6
49422,2
49423,10
49424,7
49425,4
49426,10
49427,9
49428,2
49429,9
49430,1
49431,5
49432,1
49433,6
49434,5
49435,1
49436,5
49437,1
49438,7
49439,9
49440,7
49441,7
49442,5
49443,6
49444,10
49445,5
49446,4
49447,5
49448,4
49449,5
49450,4
49451,4
49452,2
49453,2
49454,4
49455,4
49456,4
49457,3
49458,7
49459,10
49460,7
49461,5
49462,2
49463,5
49464,5
49465,2
49466,2
49467,2
49468,6
49469,6
49470,7
49471,9
49472,10
49473,7
49474,5
49475,7
49476,7
49477,7
49478,5
49479,7
49480,7
49481,10
49482,10
49483,8
49484,4
49485,8
49486,6
49487,6
49488,6
49489,5
49490,7
49491,7
49492,5
49493,5
49494,5
49495,5
49496,4
49497,4
49498,4
49499,4
49500,5
49501,10
49502,5
49503,9
49504,6
49505,5
49506,10
49507,5
49508,2
49509,2
49510,8
49511,8
49512,2
49513,4
49514,9
49515,4
49516,9
49517,4
49518,10
49519,4
49520,10
49521,4
49522,10
49523,4
49524,2
49525,7
49526,7
49527,7
49528,7
49529,7
49530,7
49531,7
49532,7
49533,10
49534,10
49535,2
49536,2
49537,7
49538,7
49539,7
49540,10
49541,7
49542,7
49543,7
49544,6
49545,1
49546,7
49547,7
49548,6
49549,6
49550,7
49551,7
49552,6
49553,9
49554,5
49555,5
49556,10
49557,6
49558,7
49559,5
49560,3
49561,7
49562,7
49563,7
49564,5
49565,1
49566,10
49567,6
49568,10
49569,10
49570,8
49571,4
49572,4
49573,4
49574,9
49575,6
49576,6
49577,9
49578,5
49579,10
49580,4
49581,4
49582,10
49583,7
49584,6
49585,1
49586,3
49587,5
49588,10
49589,5
49590,7
49591,5
49592,7
49593,7
49594,6
49595,1
49596,5
49597,10
49598,10
49599,10
49600,5
49601,8
49602,1
49603,4
49604,4
49605,4
49606,10
49607,5
49608,5
49609,1
49610,10
49611,10
49612,10
49613,3
49614,9
49615,5
49616,5
49617,5
49618,5
49619,7
49620,6
49621,7
49622,7
49623,1
49624,5
49625,7
49626,7
49627,6
49628,8
49629,1
49630,1
49631,6
49632,5
49633,4
49634,4
49635,8
49636,2
49637,4
49638,1
49639,8
49640,7
49641,1
49642,2
49643,5
49644,5
49645,4
49646,5
49647,10
49648,5
49649,4
49650,10
49651,3
49652,5
49653,1
49654,6
49655,4
49656,5
49657,4
49658,5
49659,5
49660,6
49661,1
49662,5
49663,1
49664,1
49665,8
49666,1
49667,7
49668,5
49669,6
49670,6
49671,6
49672,4
49673,4
49674,7
49675,2
49676,9
49677,4
49678,2
49679,2
49680,4
49681,8
49682,10
49683,1
49684,4
49685,7
49686,6
49687,7
49688,5
49689,2
49690,5
49691,5
49692,5
49693,2
49694,10
49695,10
49696,8
49697,9
49698,9
49699,9
49700,1
49701,7
49702,9
49703,9
49704,1
49705,1
49706,3
49707,3
49708,7
49709,4
49710,5
49711,1
49712,9
49713,5
49714,5
49715,5
49716,10
49717,10
49718,9
49719,9
49720,9
49721,2
49722,2
49723,1
49724,1
49725,5
49726,7
49727,1
49728,5
49729,7
49730,9
49731,5
49732,5
49733,10
49734,10
49735,9
49736,9
49737,7
49738,6
49739,1
49740,5
49741,5
49742,5
49743,6
49744,7
49745,7
49746,8
49747,6
49748,4
49749,9
49750,2
49751,2
49752,5
49753,10
49754,10
49755,5
49756,8
49757,2
49758,8
49759,7
49760,2
49761,2
49762,4
49763,4
49764,4
49765,8
49766,8
49767,2
49768,2
49769,9
49770,4
49771,9
49772,8
49773,4
49774,7
49775,5
49776,1
49777,1
49778,2
49779,2
49780,7
49781,2
49782,2
49783,5
49784,5
49785,10
49786,10
49787,10
49788,6
49789,6
49790,10
49791,4
49792,10
49793,10
49794,5
49795,10
49796,10
49797,2
49798,9
49799,3
49800,1
49801,5
49802,5
49803,7
49804,8
49805,5
49806,6
49807,5
49808,10
49809,10
49810,5
49811,10
49812,4
49813,5
49814,10
49815,4
49816,9
49817,9
49818,1
49819,9
49820,7
49821,9
49822,7
49823,5
49824,5
49825,10
49826,5
49827,9
49828,7
49829,2
49830,9
49831,4
49832,9
49833,8
49834,10
49835,7
49836,9
49837,1
49838,2
49839,9
49840,4
49841,8
49842,4
49843,1
49844,4
49845,8
49846,9
49847,5
49848,10
49849,5
49850,1
49851,7
49852,1
49853,4
49854,7
49855,5
49856,10
49857,10
49858,4
49859,6
49860,5
49861,5
49862,8
49863,5
49864,9
49865,5
49866,2
49867,2
49868,3
49869,9
49870,6
49871,7
49872,5
49873,5
49874,9
49875,4
49876,6
49877,10
49878,8
49879,4
49880,4
49881,7
49882,5
49883,5
49884,4
49885,5
49886,5
49887,1
49888,5
49889,5
49890,10
49891,4
49892,5
49893,3
49894,10
49895,7
49896,7
49897,7
49898,10
49899,10
49900,7
49901,5
49902,5
49903,5
49904,9
49905,2
49906,5
49907,1
49908,5
49909,5
49910,5
49911,5
49912,4
49913,5
49914,7
49915,8
49916,8
49917,4
49918,6
49919,3
49920,5
49921,1
49922,5
49923,7
49924,5
49925,10
49926,9
49927,2
49928,6
49929,3
49930,1
49931,4
49932,8
49933,1
49934,5
49935,1
49936,7
49937,6
49938,1
49939,10
49940,7
49941,7
49942,5
49943,5
49944,4
49945,5
49946,5
49947,5
49948,10
49949,10
49950,4
49951,9
49952,3
49953,2
49954,6
49955,1
49956,2
49957,8
49958,10
49959,10
49960,8
49961,8
49962,5
49963,5
49964,9
49965,4
49966,5
49967,10
49968,6
49969,6
49970,7
49971,1
49972,9
49973,6
49974,7
49975,7
49976,5
49977,5
49978,5
49979,5
49980,8
49981,1
49982,5
49983,7
49984,7
49985,5
49986,10
49987,8
49988,8
49989,8
49990,5
49991,6
49992,8
49993,1
49994,1
49995,9
49996,6
49997,5
49998,7
49999,6
50000,7
50001,1
50002,10
50003,10
50004,10
50005,10
50006,5
50007,9
50008,5
50009,5
50010,10
50011,8
50012,4
50013,4
50014,4
50015,4
50016,4
50017,8
50018,3
50019,8
50020,3
50021,9
50022,4
50023,4
50024,4
50025,9
50026,8
50027,6
50028,1
50029,10
50030,1
50031,3
50032,10
50033,5
50034,1
50035,5
50036,5
50037,6
50038,5
50039,5
50040,10
50041,4
50042,9
50043,6
50044,3
50045,5
50046,4
50047,10
50048,5
50049,5
50050,10
50051,4
50052,8
50053,10
50054,10
50055,7
50056,2
50057,9
50058,2
50059,5
50060,10
50061,7
50062,5
50063,4
50064,1
50065,5
50066,5
50067,7
50068,10
50069,10
50070,10
50071,10
50072,10
50073,8
50074,5
50075,10
50076,10
50077,10
50078,10
50079,10
50080,10
50081,10
50082,10
50083,10
50084,10
50085,10
50086,10
50087,10
50088,10
50089,10
50090,10
50091,7
50092,3
50093,4
50094,5
50095,1
50096,6
50097,5
50098,4
50099,7
50100,1
50101,1
50102,1
50103,7
50104,7
50105,9
50106,10
50107,5
50108,5
50109,10
50110,5
50111,3
50112,1
50113,1
50114,10
50115,7
50116,10
50117,5
50118,8
50119,1
50120,9
50121,8
50122,5
50123,5
50124,7
50125,10
50126,8
50127,9
50128,4
50129,2
50130,9
50131,9
50132,5
50133,1
50134,5
50135,1
50136,10
50137,10
50138,9
50139,3
50140,6
50141,8
50142,8
50143,10
50144,8
50145,8
50146,7
50147,7
50148,5
50149,6
50150,10
50151,1
50152,3
50153,5
50154,4
50155,10
50156,5
50157,4
50158,5
50159,6
50160,7
50161,8
50162,10
50163,5
50164,5
50165,2
50166,9
50167,9
50168,4
50169,10
50170,5
50171,3
50172,5
50173,6
50174,5
50175,5
50176,5
50177,5
50178,1
50179,5
50180,7
50181,5
50182,1
50183,7
50184,10
50185,5
50186,7
50187,5
50188,6
50189,5
50190,5
50191,4
50192,5
50193,4
50194,9
50195,4
50196,4
50197,1
50198,7
50199,7
50200,10
50201,5
50202,5
50203,5
50204,8
50205,3
50206,8
50207,3
50208,5
50209,9
50210,7
50211,10
50212,10
50213,9
50214,4
50215,7
50216,2
50217,10
50218,3
50219,4
50220,7
50221,6
50222,1
50223,4
50224,3
50225,5
50226,1
50227,5
50228,10
50229,1
50230,5
50231,10
50232,8
50233,9
50234,9
50235,8
50236,9
50237,8
50238,9
50239,1
50240,7
50241,7
50242,8
50243,1
50244,4
50245,5
50246,4
50247,7
50248,5
50249,10
50250,6
50251,5
50252,5
50253,2
50254,5
50255,9
50256,9
50257,5
50258,9
50259,7
50260,9
50261,10
50262,10
50263,7
50264,3
50265,6
50266,8
50267,9
50268,7
50269,8
50270,7
50271,2
50272,7
50273,8
50274,7
50275,1
50276,9
50277,4
50278,4
50279,8
50280,5
50281,4
50282,4
50283,8
50284,6
50285,7
50286,9
50287,2
50288,3
50289,9
50290,6
50291,3
50292,10
50293,2
50294,9
50295,9
50296,9
50297,8
50298,4
50299,10
50300,9
50301,8
50302,7
50303,9
50304,2
50305,5
50306,2
50307,3
50308,1
50309,9
50310,1
50311,5
50312,6
50313,4
50314,9
50315,5
50316,5
50317,5
50318,5
50319,9
50320,1
50321,7
50322,10
50323,4
50324,7
50325,7
50326,7
50327,2
50328,7
50329,7
50330,2
50331,7
50332,3
50333,6
50334,7
50335,5
50336,7
50337,1
50338,9
50339,10
50340,10
50341,10
50342,7
50343,7
50344,6
50345,7
50346,9
50347,7
50348,6
50349,1
50350,9
50351,3
50352,7
50353,6
50354,1
50355,5
50356,5
50357,5
50358,7
50359,1
50360,5
50361,10
50362,10
50363,10
50364,4
50365,4
50366,7
50367,8
50368,1
50369,9
50370,9
50371,4
50372,2
50373,9
50374,2
50375,2
50376,3
50377,5
50378,6
50379,6
50380,1
50381,1
50382,6
50383,1
50384,1
50385,5
50386,1
50387,1
50388,5
50389,5
50390,7
50391,5
50392,5
50393,6
50394,5
50395,7
50396,5
50397,5
50398,10
50399,10
50400,10
50401,5
50402,5
50403,10
50404,4
50405,9
50406,9
50407,2
50408,6
50409,6
50410,3
50411,6
50412,6
50413,3
50414,9
50415,9
50416,1
50417,3
50418,3
50419,5
50420,1
50421,5
50422,1
50423,5
50424,5
50425,5
50426,7
50427,5
50428,5
50429,4
50430,8
50431,6
50432,4
50433,9
50434,2
50435,7
50436,8
50437,2
50438,9
50439,8
50440,8
50441,8
50442,4
50443,9
50444,9
50445,9
50446,8
50447,6
50448,4
50449,4
50450,7
50451,4
50452,3
50453,6
50454,6
50455,5
50456,5
50457,3
50458,2
50459,6
50460,7
50461,7
50462,7
50463,5
50464,5
50465,5
50466,5
50467,6
50468,5
50469,2
50470,1
50471,10
50472,7
50473,7
50474,7
50475,6
50476,9
50477,6
50478,1
50479,5
50480,6
50481,6
50482,5
50483,5
50484,10
50485,10
50486,6
50487,5
50488,8
50489,9
50490,1
50491,7
50492,5
50493,5
50494,8
50495,9
50496,8
50497,1
50498,6
50499,1
50500,7
50501,1
50502,3
50503,6
50504,1
50505,5
50506,1
50507,5
50508,3
50509,6
50510,6
50511,7
50512,5
50513,6
50514,7
50515,10
50516,5
50517,10
50518,6
50519,1
50520,5
50521,9
50522,6
50523,9
50524,9
50525,9
50526,1
50527,4
50528,4
50529,3
50530,3
50531,8
50532,10
50533,3
50534,10
50535,7
50536,3
50537,4
50538,8
50539,7
50540,7
50541,7
50542,6
50543,9
50544,10
50545,10
50546,4
50547,4
50548,9
50549,9
50550,9
50551,1
50552,5
50553,3
50554,5
50555,5
50556,7
50557,7
50558,6
50559,10
50560,5
50561,7
50562,10
50563,7
50564,7
50565,7
50566,7
50567,10
50568,5
50569,10
50570,4
50571,9
50572,5
50573,7
50574,9
50575,7
50576,7
50577,4
50578,2
50579,2
50580,9
50581,4
50582,9
50583,4
50584,8
50585,4
50586,10
50587,8
50588,3
50589,4
50590,6
50591,5
50592,5
50593,1
50594,7
50595,5
50596,7
50597,7
50598,5
50599,5
50600,10
50601,5
50602,10
50603,5
50604,2
50605,2
50606,2
50607,10
50608,6
50609,7
50610,4
50611,7
50612,6
50613,6
50614,6
50615,6
50616,1
50617,7
50618,5
50619,1
50620,1
50621,1
50622,6
50623,10
50624,10
50625,4
50626,4
50627,4
50628,1
50629,1
50630,10
50631,5
50632,6
50633,5
50634,7
50635,5
50636,5
50637,5
50638,5
50639,4
50640,4
50641,4
50642,9
50643,2
50644,2
50645,9
50646,7
50647,7
50648,7
50649,7
50650,5
50651,3
50652,9
50653,5
50654,8
50655,8
50656,9
50657,8
50658,4
50659,9
50660,1
50661,3
50662,4
50663,6
50664,5
50665,1
50666,9
50667,7
50668,7
50669,2
50670,2
50671,7
50672,5
50673,7
50674,9
50675,4
50676,10
50677,9
50678,9
50679,7
50680,6
50681,9
50682,3
50683,9
50684,5
50685,9
50686,3
50687,1
50688,7
50689,5
50690,5
50691,10
50692,10
50693,8
50694,4
50695,1
50696,4
50697,5
50698,7
50699,2
50700,5
50701,7
50702,8
50703,4
50704,7
50705,7
50706,9
50707,9
50708,3
50709,7
50710,9
50711,7
50712,7
50713,5
50714,5
50715,3
50716,7
50717,10
50718,5
50719,10
50720,10
50721,4
50722,7
50723,6
50724,5
50725,10
50726,5
50727,8
50728,7
50729,6
50730,6
50731,7
50732,5
50733,5
50734,2
50735,2
50736,4
50737,9
50738,4
50739,10
50740,9
50741,1
50742,4
50743,1
50744,1
50745,7
50746,9
50747,5
50748,10
50749,7
50750,6
50751,9
50752,9
50753,10
50754,1
50755,1
50756,7
50757,7
50758,6
50759,5
50760,7
50761,7
50762,5
50763,1
50764,5
50765,7
50766,2
50767,10
50768,2
50769,4
50770,4
50771,4
50772,3
50773,10
50774,2
50775,7
50776,5
50777,6
50778,2
50779,4
50780,4
50781,2
50782,2
50783,2
50784,9
50785,7
50786,5
50787,10
50788,10
50789,4
50790,3
50791,3
50792,5
50793,8
50794,5
50795,7
50796,5
50797,10
50798,10
50799,7
50800,6
50801,5
50802,9
50803,4
50804,5
50805,4
50806,4
50807,2
50808,2
50809,7
50810,7
50811,3
50812,4
50813,7
50814,5
50815,7
50816,10
50817,4
50818,4
50819,5
50820,6
50821,10
50822,8
50823,8
50824,4
50825,7
50826,7
50827,5
50828,2
50829,5
50830,5
50831,7
50832,2
50833,5
50834,5
50835,2
50836,4
50837,4
50838,4
50839,2
50840,2
50841,7
50842,10
50843,7
50844,1
50845,8
50846,7
50847,6
50848,7
50849,7
50850,7
50851,7
50852,7
50853,6
50854,7
50855,3
50856,9
50857,1
50858,7
50859,6
50860,5
50861,1
50862,6
50863,10
50864,5
50865,7
50866,6
50867,5
50868,5
50869,4
50870,5
50871,5
50872,4
50873,2
50874,9
50875,7
50876,3
50877,7
50878,5
50879,4
50880,3
50881,5
50882,5
50883,7
50884,5
50885,10
50886,10
50887,10
50888,10
50889,5
50890,4
50891,9
50892,4
50893,7
50894,6
50895,9
50896,6
50897,1
50898,5
50899,8
50900,5
50901,10
50902,6
50903,4
50904,8
50905,4
50906,7
50907,8
50908,7
50909,4
50910,8
50911,7
50912,5
50913,7
50914,4
50915,4
50916,9
50917,3
50918,5
50919,7
50920,10
50921,8
50922,9
50923,7
50924,8
50925,7
50926,7
50927,8
50928,7
50929,7
50930,1
50931,5
50932,6
50933,6
50934,5
50935,9
50936,9
50937,9
50938,4
50939,9
50940,8
50941,8
50942,2
50943,2
50944,4
50945,8
50946,3
50947,1
50948,1
50949,10
50950,10
50951,10
50952,5
50953,10
50954,2
50955,2
50956,4
50957,2
50958,10
50959,10
50960,10
50961,7
50962,5
50963,5
50964,5
50965,1
50966,5
50967,5
50968,7
50969,6
50970,5
50971,7
50972,10
50973,7
50974,10
50975,4
50976,2
50977,2
50978,7
50979,2
50980,9
50981,8
50982,8
50983,5
50984,8
50985,2
50986,2
50987,6
50988,1
50989,7
50990,5
50991,8
50992,2
50993,2
50994,10
50995,7
50996,7
50997,9
50998,7
50999,2
51000,5
51001,8
51002,1
51003,10
51004,5
51005,10
51006,9
51007,3
51008,1
51009,3
51010,5
51011,7
51012,7
51013,5
51014,10
51015,10
51016,6
51017,5
51018,9
51019,2
51020,2
51021,2
51022,9
51023,9
51024,7
51025,9
51026,3
51027,9
51028,9
51029,1
51030,9
51031,1
51032,9
51033,5
51034,6
51035,5
51036,3
51037,6
51038,10
51039,10
51040,5
51041,4
51042,6
51043,8
51044,8
51045,3
51046,6
51047,5
51048,7
51049,10
51050,5
51051,5
51052,8
51053,10
51054,6
51055,4
51056,4
51057,1
51058,8
51059,5
51060,7
51061,1
51062,1
51063,7
51064,7
51065,5
51066,5
51067,8
51068,8
51069,4
51070,9
51071,9
51072,3
51073,7
51074,6
51075,6
51076,3
51077,5
51078,5
51079,4
51080,7
51081,7
51082,8
51083,4
51084,8
51085,4
51086,10
51087,9
51088,9
51089,7
51090,4
51091,9
51092,9
51093,10
51094,8
51095,4
51096,9
51097,9
51098,7
51099,4
51100,6
51101,8
51102,1
51103,2
51104,1
51105,5
51106,10
51107,5
51108,5
51109,6
51110,4
51111,4
51112,5
51113,4
51114,10
51115,6
51116,9
51117,10
51118,6
51119,5
51120,10
51121,8
51122,4
51123,9
51124,4
51125,10
51126,5
51127,1
51128,3
51129,10
51130,5
51131,8
51132,3
51133,1
51134,4
51135,4
51136,2
51137,2
51138,8
51139,2
51140,2
51141,4
51142,8
51143,4
51144,10
51145,10
51146,5
51147,10
51148,1
51149,10
51150,10
51151,10
51152,3
51153,8
51154,8
51155,6
51156,5
51157,10
51158,5
51159,5
51160,1
51161,8
51162,4
51163,10
51164,7
51165,7
51166,10
51167,9
51168,5
51169,5
51170,5
51171,7
51172,6
51173,10
51174,6
51175,5
51176,10
51177,4
51178,9
51179,2
51180,3
51181,6
51182,3
51183,5
51184,5
51185,5
51186,9
51187,10
51188,5
51189,4
51190,9
51191,9
51192,8
51193,5
51194,8
51195,8
51196,7
51197,9
51198,10
51199,5
51200,9
51201,6
51202,4
51203,5
51204,7
51205,7
51206,6
51207,10
51208,9
51209,1
51210,1
51211,5
51212,1
51213,1
51214,10
51215,10
51216,10
51217,10
51218,4
51219,1
51220,5
51221,6
51222,10
51223,6
51224,9
51225,9
51226,7
51227,2
51228,8
51229,4
51230,7
51231,5
51232,9
51233,1
51234,5
51235,10
51236,2
51237,10
51238,5
51239,6
51240,10
51241,10
51242,10
51243,1
51244,1
51245,5
51246,10
51247,9
51248,8
51249,5
51250,7
51251,6
51252,7
51253,10
51254,10
51255,10
51256,4
51257,8
51258,4
51259,4
51260,4
51261,4
51262,10
51263,5
51264,5
51265,10
51266,8
51267,8
51268,8
51269,4
51270,4
51271,5
51272,5
51273,1
51274,1
51275,5
51276,5
51277,5
51278,5
51279,5
51280,3
51281,6
51282,10
51283,10
51284,5
51285,10
51286,4
51287,8
51288,4
51289,9
51290,1
51291,3
51292,10
51293,4
51294,9
51295,10
51296,9
51297,2
51298,8
51299,8
51300,2
51301,8
51302,2
51303,2
51304,8
51305,1
51306,5
51307,1
51308,1
51309,5
51310,5
51311,5
51312,7
51313,5
51314,7
51315,7
51316,5
51317,10
51318,10
51319,5
51320,5
51321,5
51322,10
51323,10
51324,10
51325,4
51326,4
51327,4
51328,5
51329,8
51330,9
51331,2
51332,9
51333,3
51334,4
51335,7
51336,1
51337,1
51338,3
51339,4
51340,5
51341,7
51342,10
51343,10
51344,4
51345,7
51346,4
51347,1
51348,6
51349,4
51350,9
51351,7
51352,1
51353,1
51354,3
51355,4
51356,7
51357,7
51358,4
51359,5
51360,3
51361,5
51362,7
51363,5
51364,7
51365,6
51366,7
51367,5
51368,7
51369,7
51370,5
51371,10
51372,9
51373,10
51374,5
51375,5
51376,4
51377,5
51378,4
51379,4
51380,4
51381,9
51382,4
51383,5
51384,1
51385,1
51386,5
51387,5
51388,5
51389,7
51390,10
51391,5
51392,7
51393,10
51394,10
51395,4
51396,4
51397,8
51398,5
51399,8
51400,10
51401,10
51402,4
51403,9
51404,5
51405,5
51406,1
51407,5
51408,9
51409,10
51410,10
51411,10
51412,10
51413,10
51414,10
51415,10
51416,10
51417,7
51418,10
51419,6
51420,10
51421,10
51422,1
51423,10
51424,10
51425,10
51426,10
51427,10
51428,7
51429,7
51430,9
51431,1
51432,10
51433,4
51434,4
51435,4
51436,4
51437,8
51438,4
51439,9
51440,9
51441,4
51442,5
51443,8
51444,4
51445,4
51446,4
51447,4
51448,3
51449,9
51450,4
51451,4
51452,6
51453,4
51454,3
51455,1
51456,10
51457,8
51458,4
51459,9
51460,9
51461,8
51462,7
51463,4
51464,10
51465,8
51466,9
51467,4
51468,1
51469,4
51470,7
51471,9
51472,9
51473,7
51474,7
51475,5
51476,4
51477,4
51478,4
51479,1
51480,1
51481,5
51482,9
51483,1
51484,7
51485,8
51486,7
51487,7
51488,5
51489,7
51490,7
51491,4
51492,6
51493,7
51494,1
51495,4
51496,7
51497,1
51498,2
51499,2
51500,9
51501,2
51502,3
51503,7
51504,6
51505,3
51506,9
51507,6
51508,9
51509,5
51510,5
51511,1
51512,3
51513,5
51514,10
51515,9
51516,4
51517,8
51518,5
51519,8
51520,4
51521,8
51522,10
51523,8
51524,9
51525,9
51526,4
51527,4
51528,4
51529,4
51530,5
51531,7
51532,1
51533,5
51534,1
51535,7
51536,10
51537,5
51538,5
51539,5
51540,5
51541,5
51542,4
51543,1
51544,8
51545,3
51546,3
51547,1
51548,9
51549,1
51550,1
51551,9
51552,7
51553,7
51554,5
51555,2
51556,9
51557,7
51558,9
51559,2
51560,8
51561,8
51562,1
51563,7
51564,7
51565,4
51566,7
51567,8
51568,9
51569,10
51570,4
51571,10
51572,2
51573,2
51574,10
51575,10
51576,8
51577,5
51578,8
51579,5
51580,1
51581,9
51582,6
51583,7
51584,5
51585,5
51586,5
51587,5
51588,2
51589,2
51590,9
51591,7
51592,7
51593,9
51594,5
51595,7
51596,1
51597,1
51598,1
51599,5
51600,3
51601,3
51602,1
51603,5
51604,5
51605,5
51606,6
51607,10
51608,10
51609,5
51610,4
51611,1
51612,5
51613,5
51614,10
51615,9
51616,7
51617,6
51618,3
51619,6
51620,9
51621,9
51622,9
51623,4
51624,5
51625,9
51626,9
51627,5
51628,7
51629,5
51630,6
51631,9
51632,10
51633,10
51634,10
51635,4
51636,8
51637,4
51638,9
51639,7
51640,7
51641,7
51642,6
51643,7
51644,9
51645,5
51646,1
51647,3
51648,1
51649,1
51650,1
51651,7
51652,5
51653,7
51654,7
51655,10
51656,5
51657,9
51658,4
51659,5
51660,10
51661,10
51662,6
51663,4
51664,4
51665,7
51666,4
51667,7
51668,10
51669,3
51670,9
51671,9
51672,1
51673,5
51674,7
51675,5
51676,7
51677,7
51678,7
51679,10
51680,10
51681,10
51682,7
51683,4
51684,4
51685,7
51686,7
51687,2
51688,7
51689,2
51690,9
51691,6
51692,6
51693,10
51694,9
51695,9
51696,6
51697,9
51698,7
51699,9
51700,3
51701,4
51702,5
51703,5
51704,10
51705,10
51706,4
51707,6
51708,5
51709,6
51710,1
51711,1
51712,1
51713,1
51714,7
51715,1
51716,7
51717,3
51718,5
51719,5
51720,5
51721,5
51722,8
51723,9
51724,4
51725,9
51726,4
51727,9
51728,9
51729,6
51730,10
51731,3
51732,9
51733,3
51734,6
51735,3
51736,2
51737,5
51738,5
51739,9
51740,10
51741,6
51742,1
51743,6
51744,9
51745,6
51746,6
51747,5
51748,5
51749,7
51750,7
51751,6
51752,9
51753,10
51754,10
51755,4
51756,1
51757,3
51758,1
51759,1
51760,1
51761,7
51762,9
51763,5
51764,1
51765,1
51766,8
51767,5
51768,2
51769,7
51770,5
51771,7
51772,10
51773,5
51774,4
51775,4
51776,1
51777,2
51778,4
51779,2
51780,8
51781,4
51782,9
51783,10
51784,8
51785,1
51786,3
51787,8
51788,8
51789,4
51790,4
51791,2
51792,10
51793,1
51794,9
51795,5
51796,5
51797,9
51798,4
51799,7
51800,6
51801,7
51802,9
51803,3
51804,3
51805,1
51806,6
51807,8
51808,2
51809,10
51810,5
51811,1
51812,1
51813,7
51814,7
51815,10
51816,5
51817,5
51818,4
51819,4
51820,9
51821,9
51822,9
51823,4
51824,9
51825,6
51826,10
51827,5
51828,8
51829,1
51830,1
51831,3
51832,9
51833,1
51834,7
51835,9
51836,6
51837,5
51838,6
51839,10
51840,6
51841,10
51842,10
51843,5
51844,5
51845,5
51846,7
51847,7
51848,7
51849,2
51850,4
51851,2
51852,9
51853,7
51854,9
51855,9
51856,4
51857,1
51858,10
51859,4
51860,9
51861,6
51862,7
51863,5
51864,1
51865,3
51866,1
51867,5
51868,2
51869,7
51870,5
51871,10
51872,10
51873,10
51874,10
51875,9
51876,4
51877,1
51878,7
51879,9
51880,5
51881,7
51882,5
51883,5
51884,10
51885,4
51886,9
51887,1
51888,3
51889,5
51890,4
51891,5
51892,3
51893,1
51894,9
51895,9
51896,7
51897,5
51898,5
51899,5
51900,5
51901,10
51902,5
51903,10
51904,9
51905,2
51906,9
51907,9
51908,9
51909,9
51910,9
51911,4
51912,2
51913,8
51914,8
51915,10
51916,4
51917,4
51918,1
51919,1
51920,7
51921,7
51922,1
51923,9
51924,6
51925,1
51926,2
51927,5
51928,8
51929,5
51930,2
51931,10
51932,9
51933,7
51934,9
51935,5
51936,5
51937,10
51938,7
51939,5
51940,8
51941,5
51942,5
51943,2
51944,3
51945,6
51946,3
51947,9
51948,5
51949,1
51950,1
51951,4
51952,9
51953,3
51954,5
51955,10
51956,10
51957,10
51958,6
51959,9
51960,10
51961,9
51962,8
51963,4
51964,9
51965,9
51966,1
51967,7
51968,3
51969,9
51970,5
51971,6
51972,7
51973,8
51974,3
51975,1
51976,6
51977,6
51978,7
51979,5
51980,7
51981,5
51982,5
51983,10
51984,5
51985,4
51986,5
51987,8
51988,5
51989,5
51990,7
51991,5
51992,7
51993,7
51994,7
51995,7
51996,2
51997,9
51998,9
51999,6
52000,3
52001,1
52002,1
52003,7
52004,7
52005,1
52006,3
52007,5
52008,5
52009,9
52010,4
52011,7
52012,5
52013,9
52014,5
52015,5
52016,5
52017,5
52018,10
52019,10
52020,5
52021,7
52022,7
52023,5
52024,5
52025,9
52026,7
52027,9
52028,7
52029,8
52030,9
52031,10
52032,7
52033,7
52034,1
52035,1
52036,7
52037,7
52038,5
52039,2
52040,10
52041,2
52042,5
52043,4
52044,2
52045,9
52046,10
52047,1
52048,7
52049,7
52050,7
52051,1
52052,7
52053,7
52054,7
52055,5
52056,10
52057,10
52058,5
52059,6
52060,8
52061,7
52062,7
52063,1
52064,7
52065,6
52066,10
52067,6
52068,6
52069,5
52070,4
52071,5
52072,2
52073,7
52074,2
52075,1
52076,3
52077,4
52078,7
52079,10
52080,5
52081,5
52082,6
52083,5
52084,5
52085,10
52086,5
52087,5
52088,4
52089,4
52090,9
52091,8
52092,9
52093,2
52094,9
52095,4
52096,8
52097,1
52098,4
52099,3
52100,9
52101,7
52102,7
52103,7
52104,9
52105,6
52106,2
52107,9
52108,7
52109,6
52110,4
52111,7
52112,7
52113,7
52114,1
52115,7
52116,7
52117,1
52118,6
52119,7
52120,9
52121,6
52122,7
52123,3
52124,1
52125,5
52126,9
52127,3
52128,5
52129,8
52130,6
52131,7
52132,1
52133,8
52134,2
52135,2
52136,7
52137,7
52138,2
52139,10
52140,9
52141,9
52142,2
52143,9
52144,6
52145,1
52146,9
52147,6
52148,6
52149,10
52150,7
52151,7
52152,10
52153,10
52154,7
52155,7
52156,7
52157,6
52158,7
52159,5
52160,5
52161,6
52162,3
52163,7
52164,6
52165,5
52166,10
52167,4
52168,8
52169,8
52170,3
52171,6
52172,7
52173,10
52174,10
52175,7
52176,5
52177,4
52178,7
52179,7
52180,5
52181,5
52182,5
52183,9
52184,10
52185,10
52186,10
52187,5
52188,3
52189,4
52190,5
52191,1
52192,7
52193,5
52194,8
52195,7
52196,7
52197,7
52198,5
52199,5
52200,10
52201,7
52202,4
52203,5
52204,4
52205,8
52206,9
52207,9
52208,5
52209,7
52210,7
52211,7
52212,9
52213,7
52214,4
52215,5
52216,7
52217,9
52218,8
52219,2
52220,8
52221,2
52222,2
52223,9
52224,6
52225,9
52226,9
52227,10
52228,8
52229,3
52230,2
52231,2
52232,5
52233,7
52234,5
52235,5
52236,5
52237,10
52238,8
52239,2
52240,4
52241,4
52242,1
52243,10
52244,1
52245,5
52246,3
52247,8
52248,10
52249,5
52250,4
52251,7
52252,7
52253,2
52254,9
52255,7
52256,8
52257,8
52258,2
52259,7
52260,7
52261,5
52262,10
52263,10
52264,5
52265,5
52266,10
52267,8
52268,4
52269,9
52270,5
52271,8
52272,4
52273,6
52274,7
52275,9
52276,5
52277,5
52278,10
52279,2
52280,6
52281,10
52282,7
52283,10
52284,10
52285,9
52286,10
52287,10
52288,10
52289,1
52290,7
52291,7
52292,2
52293,2
52294,7
52295,2
52296,8
52297,3
52298,6
52299,5
52300,5
52301,5
52302,6
52303,5
52304,5
52305,7
52306,7
52307,6
52308,9
52309,4
52310,5
52311,4
52312,5
52313,8
52314,5
52315,1
52316,10
52317,10
52318,4
52319,5
52320,7
52321,1
52322,7
52323,7
52324,6
52325,9
52326,1
52327,7
52328,7
52329,5
52330,5
52331,5
52332,10
52333,5
52334,1
52335,3
52336,5
52337,4
52338,4
52339,9
52340,4
52341,5
52342,9
52343,7
52344,10
52345,5
52346,4
52347,2
52348,9
52349,3
52350,9
52351,1
52352,1
52353,1
52354,7
52355,5
52356,9
52357,5
52358,7
52359,4
52360,4
52361,4
52362,4
52363,4
52364,5
52365,1
52366,5
52367,9
52368,7
52369,9
52370,2
52371,4
52372,4
52373,2
52374,2
52375,2
52376,8
52377,10
52378,8
52379,7
52380,1
52381,1
52382,6
52383,3
52384,1
52385,2
52386,5
52387,5
52388,10
52389,2
52390,4
52391,4
52392,10
52393,10
52394,10
52395,10
52396,10
52397,8
52398,10
52399,8
52400,8
52401,1
52402,1
52403,1
52404,8
52405,5
52406,3
52407,1
52408,6
52409,1
52410,4
52411,9
52412,1
52413,5
52414,10
52415,7
52416,6
52417,7
52418,4
52419,9
52420,4
52421,4
52422,1
52423,7
52424,3
52425,7
52426,6
52427,7
52428,2
52429,2
52430,4
52431,4
52432,9
52433,7
52434,8
52435,6
52436,9
52437,9
52438,1
52439,10
52440,1
52441,7
52442,7
52443,7
52444,2
52445,2
52446,8
52447,10
52448,9
52449,3
52450,6
52451,6
52452,10
52453,4
52454,3
52455,5
52456,10
52457,10
52458,5
52459,9
52460,4
52461,9
52462,3
52463,10
52464,2
52465,5
52466,8
52467,7
52468,1
52469,10
52470,7
52471,10
52472,10
52473,5
52474,5
52475,10
52476,5
52477,9
52478,8
52479,10
52480,9
52481,5
52482,10
52483,4
52484,9
52485,9
52486,1
52487,8
52488,6
52489,5
52490,1
52491,10
52492,5
52493,3
52494,9
52495,7
52496,7
52497,7
52498,3
52499,10
52500,5
52501,4
52502,4
52503,7
52504,1
52505,4
52506,2
52507,6
52508,9
52509,6
52510,5
52511,10
52512,2
52513,4
52514,4
52515,6
52516,9
52517,5
52518,5
52519,1
52520,5
52521,7
52522,10
52523,5
52524,1
52525,10
52526,9
52527,7
52528,1
52529,7
52530,10
52531,5
52532,9
52533,5
52534,9
52535,4
52536,4
52537,8
52538,5
52539,4
52540,4
52541,8
52542,4
52543,4
52544,4
52545,9
52546,9
52547,10
52548,9
52549,5
52550,7
52551,9
52552,5
52553,10
52554,5
52555,4
52556,4
52557,8
52558,4
52559,5
52560,5
52561,1
52562,7
52563,7
52564,4
52565,3
52566,9
52567,3
52568,5
52569,3
52570,5
52571,1
52572,1
52573,3
52574,5
52575,9
52576,9
52577,7
52578,5
52579,5
52580,10
52581,10
52582,5
52583,5
52584,10
52585,4
52586,10
52587,5
52588,10
52589,5
52590,4
52591,3
52592,9
52593,4
52594,10
52595,10
52596,10
52597,10
52598,10
52599,5
52600,10
52601,10
52602,10
52603,9
52604,10
52605,4
52606,4
52607,5
52608,1
52609,3
52610,8
52611,6
52612,8
52613,5
52614,3
52615,9
52616,9
52617,4
52618,1
52619,4
52620,6
52621,7
52622,4
52623,6
52624,1
52625,10
52626,3
52627,7
52628,5
52629,1
52630,5
52631,1
52632,9
52633,10
52634,5
52635,10
52636,5
52637,5
52638,10
52639,10
52640,4
52641,8
52642,5
52643,4
52644,4
52645,7
52646,5
52647,4
52648,8
52649,4
52650,9
52651,6
52652,5
52653,3
52654,1
52655,1
52656,5
52657,3
52658,9
52659,5
52660,10
52661,10
52662,5
52663,10
52664,5
52665,5
52666,4
52667,4
52668,9
52669,5
52670,2
52671,9
52672,2
52673,7
52674,7
52675,6
52676,9
52677,3
52678,9
52679,3
52680,7
52681,5
52682,1
52683,10
52684,10
52685,5
52686,5
52687,5
52688,8
52689,10
52690,4
52691,3
52692,6
52693,9
52694,7
52695,1
52696,2
52697,10
52698,2
52699,4
52700,9
52701,4
52702,8
52703,2
52704,4
52705,4
52706,4
52707,8
52708,7
52709,7
52710,10
52711,8
52712,4
52713,4
52714,9
52715,9
52716,5
52717,3
52718,7
52719,3
52720,7
52721,5
52722,5
52723,5
52724,10
52725,4
52726,4
52727,4
52728,10
52729,2
52730,10
52731,10
52732,1
52733,4
52734,8
52735,7
52736,5
52737,10
52738,5
52739,5
52740,10
52741,10
52742,9
52743,4
52744,7
52745,5
52746,5
52747,6
52748,9
52749,5
52750,4
52751,7
52752,7
52753,5
52754,10
52755,5
52756,5
52757,4
52758,9
52759,10
52760,8
52761,10
52762,7
52763,10
52764,5
52765,6
52766,4
52767,9
52768,4
52769,4
52770,5
52771,5
52772,7
52773,7
52774,5
52775,5
52776,5
52777,10
52778,4
52779,10
52780,10
52781,10
52782,10
52783,6
52784,10
52785,10
52786,10
52787,10
52788,10
52789,10
52790,1
52791,1
52792,7
52793,5
52794,7
52795,10
52796,9
52797,9
52798,5
52799,4
52800,8
52801,7
52802,7
52803,5
52804,5
52805,7
52806,5
52807,8
52808,8
52809,7
52810,1
52811,5
52812,1
52813,5
52814,5
52815,7
52816,7
52817,7
52818,7
52819,9
52820,5
52821,10
52822,5
52823,10
52824,4
52825,8
52826,4
52827,3
52828,3
52829,9
52830,9
52831,6
52832,9
52833,3
52834,6
52835,3
52836,5
52837,4
52838,7
52839,5
52840,10
52841,10
52842,4
52843,5
52844,10
52845,8
52846,7
52847,8
52848,7
52849,5
52850,7
52851,10
52852,1
52853,1
52854,4
52855,10
52856,5
52857,4
52858,2
52859,9
52860,1
52861,3
52862,3
52863,1
52864,5
52865,5
52866,3
52867,7
52868,10
52869,9
52870,5
52871,7
52872,1
52873,10
52874,7
52875,2
52876,2
52877,2
52878,7
52879,8
52880,7
52881,5
52882,5
52883,6
52884,8
52885,6
52886,9
52887,8
52888,5
52889,9
52890,1
52891,6
52892,1
52893,1
52894,5
52895,5
52896,5
52897,10
52898,10
52899,10
52900,5
52901,5
52902,6
52903,4
52904,3
52905,5
52906,1
52907,9
52908,9
52909,9
52910,9
52911,1
52912,6
52913,3
52914,6
52915,8
52916,9
52917,9
52918,7
52919,7
52920,10
52921,10
52922,9
52923,7
52924,7
52925,7
52926,1
52927,10
52928,7
52929,4
52930,7
52931,4
52932,6
52933,8
52934,4
52935,4
52936,8
52937,6
52938,9
52939,10
52940,2
52941,2
52942,7
52943,9
52944,9
52945,5
52946,1
52947,1
52948,7
52949,7
52950,7
52951,5
52952,7
52953,10
52954,10
52955,10
52956,4
52957,6
52958,5
52959,10
52960,2
52961,6
52962,10
52963,7
52964,7
52965,6
52966,1
52967,1
52968,7
52969,2
52970,7
52971,10
52972,10
52973,1
52974,10
52975,7
52976,5
52977,10
52978,10
52979,5
52980,7
52981,7
52982,7
52983,1
52984,1
52985,1
52986,7
52987,9
52988,7
52989,1
52990,5
52991,7
52992,5
52993,10
52994,9
52995,9
52996,6
52997,7
52998,7
52999,10
53000,5
53001,2
53002,4
53003,3
53004,9
53005,3
53006,3
53007,1
53008,6
53009,1
53010,5
53011,1
53012,1
53013,9
53014,9
53015,10
53016,8
53017,4
53018,3
53019,9
53020,6
53021,7
53022,5
53023,5
53024,6
53025,10
53026,10
53027,5
53028,5
53029,9
53030,4
53031,9
53032,5
53033,4
53034,4
53035,10
53036,8
53037,8
53038,1
53039,3
53040,5
53041,10
53042,4
53043,9
53044,5
53045,10
53046,4
53047,4
53048,7
53049,3
53050,1
53051,5
53052,1
53053,10
53054,9
53055,10
53056,5
53057,1
53058,10
53059,1
53060,9
53061,7
53062,7
53063,6
53064,5
53065,9
53066,1
53067,9
53068,9
53069,1
53070,1
53071,7
53072,2
53073,7
53074,9
53075,1
53076,10
53077,8
53078,4
53079,8
53080,8
53081,8
53082,4
53083,4
53084,1
53085,5
53086,1
53087,5
53088,1
53089,7
53090,2
53091,10
53092,2
53093,7
53094,9
53095,10
53096,5
53097,2
53098,4
53099,4
53100,10
53101,9
53102,9
53103,6
53104,7
53105,9
53106,3
53107,6
53108,6
53109,3
53110,6
53111,1
53112,1
53113,8
53114,1
53115,10
53116,7
53117,9
53118,7
53119,7
53120,5
53121,5
53122,9
53123,5
53124,4
53125,5
53126,1
53127,6
53128,10
53129,2
53130,7
53131,7
53132,3
53133,9
53134,10
53135,4
53136,4
53137,9
53138,7
53139,10
53140,4
53141,5
53142,7
53143,7
53144,5
53145,7
53146,10
53147,10
53148,10
53149,7
53150,9
53151,9
53152,9
53153,6
53154,7
53155,2
53156,3
53157,9
53158,9
53159,9
53160,5
53161,9
53162,7
53163,1
53164,3
53165,1
53166,2
53167,7
53168,7
53169,5
53170,5
53171,10
53172,7
53173,5
53174,10
53175,4
53176,8
53177,9
53178,9
53179,3
53180,9
53181,3
53182,8
53183,1
53184,7
53185,5
53186,7
53187,7
53188,6
53189,5
53190,4
53191,5
53192,6
53193,10
53194,10
53195,5
53196,4
53197,3
53198,4
53199,1
53200,10
53201,6
53202,6
53203,7
53204,6
53205,7
53206,7
53207,7
53208,7
53209,5
53210,4
53211,7
53212,5
53213,7
53214,7
53215,5
53216,5
53217,10
53218,5
53219,10
53220,10
53221,4
53222,9
53223,5
53224,5
53225,7
53226,5
53227,2
53228,1
53229,6
53230,9
53231,4
53232,9
53233,2
53234,7
53235,2
53236,9
53237,9
53238,4
53239,8
53240,8
53241,8
53242,4
53243,8
53244,4
53245,4
53246,3
53247,10
53248,4
53249,9
53250,5
53251,2
53252,5
53253,9
53254,10
53255,4
53256,9
53257,9
53258,10
53259,7
53260,6
53261,3
53262,1
53263,5
53264,1
53265,5
53266,9
53267,6
53268,6
53269,1
53270,1
53271,8
53272,6
53273,1
53274,3
53275,7
53276,7
53277,9
53278,7
53279,1
53280,7
53281,7
53282,10
53283,10
53284,10
53285,10
53286,10
53287,4
53288,5
53289,6
53290,1
53291,10
53292,5
53293,5
53294,7
53295,5
53296,7
53297,9
53298,6
53299,2
53300,5
53301,1
53302,8
53303,9
53304,7
53305,8
53306,9
53307,8
53308,4
53309,6
53310,1
53311,9
53312,5
53313,5
53314,4
53315,7
53316,3
53317,7
53318,6
53319,9
53320,9
53321,6
53322,10
53323,10
53324,1
53325,1
53326,1
53327,5
53328,7
53329,6
53330,10
53331,5
53332,5
53333,8
53334,6
53335,3
53336,1
53337,1
53338,10
53339,5
53340,7
53341,3
53342,6
53343,7
53344,4
53345,5
53346,7
53347,6
53348,5
53349,4
53350,4
53351,4
53352,7
53353,7
53354,5
53355,7
53356,5
53357,5
53358,4
53359,4
53360,4
53361,5
53362,5
53363,5
53364,7
53365,8
53366,10
53367,9
53368,7
53369,2
53370,2
53371,7
53372,4
53373,9
53374,9
53375,2
53376,2
53377,3
53378,6
53379,3
53380,1
53381,4
53382,6
53383,2
53384,6
53385,2
53386,4
53387,5
53388,4
53389,7
53390,6
53391,6
53392,6
53393,7
53394,7
53395,8
53396,7
53397,1
53398,1
53399,1
53400,5
53401,7
53402,7
53403,7
53404,7
53405,7
53406,7
53407,7
53408,7
53409,9
53410,9
53411,9
53412,2
53413,4
53414,2
53415,8
53416,7
53417,9
53418,6
53419,9
53420,9
53421,9
53422,4
53423,4
53424,6
53425,9
53426,4
53427,4
53428,4
53429,3
53430,3
53431,1
53432,1
53433,1
53434,7
53435,2
53436,2
53437,2
53438,5
53439,2
53440,2
53441,4
53442,9
53443,9
53444,10
53445,10
53446,6
53447,1
53448,1
53449,7
53450,7
53451,10
53452,10
53453,4
53454,4
53455,1
53456,3
53457,1
53458,1
53459,1
53460,6
53461,9
53462,1
53463,7
53464,1
53465,4
53466,9
53467,7
53468,5
53469,1
53470,7
53471,5
53472,5
53473,5
53474,5
53475,5
53476,4
53477,4
53478,8
53479,9
53480,2
53481,4
53482,9
53483,9
53484,6
53485,1
53486,7
53487,7
53488,3
53489,8
53490,4
53491,6
53492,1
53493,6
53494,8
53495,2
53496,5
53497,7
53498,7
53499,2
53500,4
53501,2
53502,4
53503,5
53504,5
53505,2
53506,2
53507,2
53508,9
53509,1
53510,3
53511,5
53512,5
53513,7
53514,7
53515,5
53516,7
53517,4
53518,4
53519,4
53520,4
53521,3
53522,3
53523,7
53524,5
53525,7
53526,7
53527,6
53528,7
53529,2
53530,5
53531,5
53532,9
53533,10
53534,5
53535,10
53536,5
53537,4
53538,4
53539,2
53540,1
53541,7
53542,7
53543,7
53544,5
53545,1
53546,1
53547,1
53548,1
53549,7
53550,1
53551,5
53552,7
53553,10
53554,10
53555,6
53556,5
53557,5
53558,5
53559,5
53560,5
53561,4
53562,4
53563,1
53564,5
53565,1
53566,1
53567,9
53568,1
53569,1
53570,3
53571,8
53572,5
53573,10
53574,5
53575,6
53576,5
53577,10
53578,10
53579,4
53580,4
53581,4
53582,7
53583,6
53584,6
53585,9
53586,9
53587,2
53588,8
53589,4
53590,2
53591,1
53592,9
53593,8
53594,4
53595,10
53596,4
53597,8
53598,4
53599,5
53600,6
53601,8
53602,4
53603,10
53604,4
53605,7
53606,5
53607,9
53608,4
53609,2
53610,2
53611,10
53612,10
53613,10
53614,3
53615,5
53616,1
53617,5
53618,7
53619,7
53620,7
53621,10
53622,7
53623,10
53624,5
53625,4
53626,4
53627,4
53628,6
53629,6
53630,7
53631,6
53632,10
53633,10
53634,4
53635,4
53636,6
53637,1
53638,7
53639,10
53640,5
53641,5
53642,2
53643,7
53644,7
53645,7
53646,9
53647,9
53648,2
53649,4
53650,8
53651,7
53652,9
53653,4
53654,4
53655,4
53656,10
53657,4
53658,9
53659,1
53660,1
53661,8
53662,1
53663,5
53664,7
53665,9
53666,10
53667,5
53668,5
53669,2
53670,4
53671,5
53672,10
53673,10
53674,10
53675,10
53676,10
53677,10
53678,10
53679,1
53680,10
53681,7
53682,3
53683,1
53684,7
53685,1
53686,5
53687,1
53688,6
53689,1
53690,7
53691,10
53692,10
53693,5
53694,6
53695,2
53696,2
53697,2
53698,1
53699,7
53700,9
53701,1
53702,1
53703,4
53704,3
53705,5
53706,3
53707,5
53708,3
53709,1
53710,5
53711,6
53712,7
53713,7
53714,9
53715,5
53716,10
53717,10
53718,10
53719,10
53720,10
53721,10
53722,5
53723,1
53724,4
53725,4
53726,1
53727,1
53728,10
53729,10
53730,4
53731,10
53732,9
53733,4
53734,5
53735,3
53736,9
53737,1
53738,5
53739,10
53740,5
53741,4
53742,3
53743,5
53744,7
53745,7
53746,7
53747,5
53748,10
53749,5
53750,5
53751,10
53752,10
53753,6
53754,10
53755,9
53756,4
53757,8
53758,7
53759,8
53760,8
53761,4
53762,4
53763,1
53764,3
53765,2
53766,7
53767,7
53768,2
53769,10
53770,10
53771,10
53772,2
53773,4
53774,2
53775,2
53776,2
53777,9
53778,10
53779,10
53780,10
53781,10
53782,10
53783,10
53784,6
53785,10
53786,7
53787,7
53788,5
53789,5
53790,5
53791,5
53792,4
53793,5
53794,3
53795,5
53796,6
53797,7
53798,10
53799,10
53800,10
53801,4
53802,7
53803,7
53804,8
53805,9
53806,4
53807,4
53808,6
53809,9
53810,4
53811,8
53812,8
53813,8
53814,7
53815,3
53816,6
53817,5
53818,2
53819,10
53820,5
53821,10
53822,5
53823,2
53824,10
53825,10
53826,10
53827,10
53828,10
53829,10
53830,10
53831,10
53832,9
53833,6
53834,3
53835,1
53836,5
53837,10
53838,7
53839,7
53840,10
53841,5
53842,4
53843,4
53844,1
53845,2
53846,10
53847,1
53848,3
53849,5
53850,6
53851,9
53852,10
53853,5
53854,10
53855,10
53856,10
53857,4
53858,1
53859,7
53860,10
53861,4
53862,4
53863,3
53864,9
53865,4
53866,10
53867,4
53868,1
53869,3
53870,1
53871,9
53872,1
53873,5
53874,7
53875,9
53876,5
53877,10
53878,5
53879,4
53880,5
53881,3
53882,1
53883,7
53884,10
53885,5
53886,10
53887,10
53888,4
53889,4
53890,9
53891,9
53892,9
53893,6
53894,4
53895,8
53896,4
53897,8
53898,5
53899,6
53900,5
53901,6
53902,6
53903,1
53904,1
53905,8
53906,5
53907,9
53908,10
53909,5
53910,10
53911,5
53912,5
53913,6
53914,10
53915,10
53916,5
53917,4
53918,4
53919,9
53920,8
53921,5
53922,10
53923,5
53924,9
53925,5
53926,5
53927,9
53928,2
53929,8
53930,9
53931,9
53932,10
53933,5
53934,4
53935,4
53936,8
53937,8
53938,3
53939,1
53940,2
53941,10
53942,10
53943,5
53944,5
53945,10
53946,10
53947,9
53948,1
53949,8
53950,7
53951,3
53952,1
53953,5
53954,5
53955,6
53956,5
53957,10
53958,5
53959,10
53960,5
53961,1
53962,5
53963,6
53964,8
53965,1
53966,1
53967,5
53968,5
53969,7
53970,7
53971,10
53972,10
53973,10
53974,10
53975,7
53976,5
53977,10
53978,10
53979,10
53980,7
53981,4
53982,4
53983,9
53984,4
53985,5
53986,5
53987,7
53988,7
53989,10
53990,10
53991,10
53992,9
53993,5
53994,1
53995,1
53996,10
53997,10
53998,10
53999,10
54000,10
54001,10
54002,10
54003,10
54004,10
54005,10
54006,10
54007,10
54008,10
54009,10
54010,10
54011,10
54012,10
54013,10
54014,10
54015,10
54016,10
54017,10
54018,8
54019,5
54020,5
54021,1
54022,5
54023,10
54024,5
54025,5
54026,4
54027,4
54028,4
54029,4
54030,4
54031,4
54032,4
54033,4
54034,8
54035,9
54036,9
54037,7
54038,10
54039,6
54040,6
54041,5
54042,5
54043,2
54044,7
54045,7
54046,7
54047,7
54048,7
54049,10
54050,10
54051,2
54052,4
54053,5
54054,2
54055,10
54056,10
54057,1
54058,5
54059,7
54060,5
54061,5
54062,7
54063,5
54064,10
54065,10
54066,4
54067,10
54068,9
54069,7
54070,7
54071,4
54072,2
54073,2
54074,9
54075,9
54076,10
54077,8
54078,5
54079,1
54080,2
54081,2
54082,5
54083,2
54084,4
54085,4
54086,3
54087,1
54088,5
54089,1
54090,1
54091,8
54092,7
54093,7
54094,7
54095,5
54096,5
54097,10
54098,4
54099,9
54100,5
54101,5
54102,10
54103,5
54104,4
54105,5
54106,8
54107,8
54108,9
54109,7
54110,5
54111,10
54112,5
54113,6
54114,3
54115,2
54116,10
54117,1
54118,7
54119,2
54120,8
54121,9
54122,9
54123,6
54124,5
54125,1
54126,3
54127,5
54128,7
54129,10
54130,5
54131,4
54132,8
54133,8
54134,1
54135,1
54136,5
54137,10
54138,6
54139,10
54140,4
54141,10
54142,5
54143,9
54144,7
54145,6
54146,1
54147,7
54148,7
54149,5
54150,2
54151,10
54152,10
54153,5
54154,7
54155,9
54156,2
54157,10
54158,9
54159,3
54160,7
54161,9
54162,4
54163,9
54164,3
54165,1
54166,6
54167,6
54168,5
54169,5
54170,6
54171,7
54172,5
54173,5
54174,5
54175,10
54176,4
54177,10
54178,4
54179,4
54180,4
54181,7
54182,1
54183,1
54184,1
54185,5
54186,7
54187,9
54188,7
54189,7
54190,5
54191,4
54192,4
54193,5
54194,9
54195,9
54196,2
54197,1
54198,6
54199,9
54200,6
54201,1
54202,1
54203,8
54204,6
54205,1
54206,3
54207,1
54208,6
54209,4
54210,3
54211,10
54212,10
54213,4
54214,7
54215,6
54216,4
54217,9
54218,4
54219,4
54220,9
54221,4
54222,9
54223,4
54224,8
54225,7
54226,10
54227,5
54228,6
54229,8
54230,4
54231,4
54232,8
54233,4
54234,4
54235,4
54236,1
54237,3
54238,7
54239,9
54240,6
54241,10
54242,6
54243,4
54244,7
54245,6
54246,9
54247,7
54248,1
54249,9
54250,3
54251,6
54252,9
54253,9
54254,6
54255,7
54256,2
54257,2
54258,1
54259,1
54260,3
54261,2
54262,1
54263,9
54264,5
54265,5
54266,5
54267,7
54268,7
54269,5
54270,10
54271,5
54272,5
54273,10
54274,5
54275,2
54276,6
54277,1
54278,7
54279,5
54280,5
54281,5
54282,4
54283,4
54284,9
54285,9
54286,6
54287,9
54288,6
54289,8
54290,6
54291,9
54292,2
54293,4
54294,3
54295,5
54296,1
54297,7
54298,1
54299,5
54300,5
54301,10
54302,4
54303,9
54304,9
54305,7
54306,10
54307,7
54308,7
54309,9
54310,9
54311,6
54312,6
54313,7
54314,7
54315,4
54316,5
54317,1
54318,5
54319,7
54320,8
54321,4
54322,4
54323,9
54324,1
54325,7
54326,7
54327,7
54328,10
54329,10
54330,5
54331,9
54332,8
54333,9
54334,3
54335,1
54336,3
54337,3
54338,7
54339,7
54340,8
54341,10
54342,5
54343,9
54344,7
54345,7
54346,1
54347,5
54348,10
54349,7
54350,7
54351,6
54352,10
54353,10
54354,4
54355,5
54356,4
54357,9
54358,9
54359,1
54360,3
54361,1
54362,5
54363,1
54364,1
54365,10
54366,10
54367,7
54368,7
54369,5
54370,5
54371,5
54372,10
54373,10
54374,10
54375,5
54376,10
54377,8
54378,9
54379,6
54380,9
54381,2
54382,9
54383,4
54384,3
54385,4
54386,9
54387,3
54388,1
54389,5
54390,1
54391,1
54392,10
54393,6
54394,7
54395,5
54396,9
54397,4
54398,8
54399,6
54400,4
54401,8
54402,10
54403,6
54404,6
54405,7
54406,7
54407,7
54408,7
54409,9
54410,9
54411,7
54412,4
54413,5
54414,1
54415,6
54416,5
54417,7
54418,5
54419,7
54420,6
54421,10
54422,4
54423,4
54424,9
54425,7
54426,5
54427,8
54428,1
54429,6
54430,9
54431,10
54432,1
54433,3
54434,5
54435,6
54436,4
54437,9
54438,7
54439,5
54440,6
54441,4
54442,5
54443,8
54444,9
54445,5
54446,7
54447,5
54448,3
54449,1
54450,7
54451,1
54452,7
54453,5
54454,5
54455,10
54456,2
54457,2
54458,1
54459,8
54460,8
54461,5
54462,1
54463,7
54464,6
54465,9
54466,7
54467,5
54468,10
54469,5
54470,10
54471,5
54472,8
54473,7
54474,2
54475,2
54476,7
54477,9
54478,9
54479,7
54480,9
54481,6
54482,9
54483,4
54484,4
54485,5
54486,8
54487,1
54488,3
54489,1
54490,1
54491,4
54492,8
54493,6
54494,4
54495,6
54496,1
54497,7
54498,7
54499,6
54500,5
54501,7
54502,1
54503,5
54504,10
54505,9
54506,5
54507,7
54508,7
54509,7
54510,7
54511,8
54512,9
54513,2
54514,7
54515,4
54516,2
54517,9
54518,9
54519,1
54520,5
54521,7
54522,7
54523,5
54524,10
54525,4
54526,4
54527,5
54528,9
54529,6
54530,4
54531,9
54532,6
54533,7
54534,7
54535,1
54536,7
54537,9
54538,4
54539,10
54540,5
54541,2
54542,1
54543,9
54544,8
54545,5
54546,1
54547,10
54548,6
54549,10
54550,6
54551,4
54552,6
54553,6
54554,1
54555,6
54556,5
54557,5
54558,7
54559,7
54560,9
54561,1
54562,7
54563,5
54564,1
54565,5
54566,10
54567,6
54568,7
54569,8
54570,5
54571,5
54572,10
54573,5
54574,7
54575,10
54576,7
54577,5
54578,4
54579,4
54580,8
54581,4
54582,2
54583,9
54584,8
54585,9
54586,2
54587,1
54588,9
54589,2
54590,1
54591,7
54592,7
54593,7
54594,7
54595,8
54596,7
54597,1
54598,6
54599,7
54600,7
54601,7
54602,5
54603,1
54604,7
54605,9
54606,7
54607,10
54608,10
54609,10
54610,5
54611,8
54612,9
54613,7
54614,7
54615,7
54616,7
54617,7
54618,2
54619,10
54620,8
54621,2
54622,10
54623,5
54624,1
54625,3
54626,2
54627,5
54628,8
54629,7
54630,2
54631,2
54632,2
54633,9
54634,9
54635,9
54636,4
54637,6
54638,6
54639,6
54640,6
54641,9
54642,7
54643,5
54644,7
54645,5
54646,7
54647,10
54648,5
54649,4
54650,10
54651,6
54652,5
54653,5
54654,10
54655,4
54656,8
54657,9
54658,2
54659,3
54660,2
54661,8
54662,4
54663,4
54664,10
54665,5
54666,4
54667,8
54668,1
54669,1
54670,7
54671,7
54672,8
54673,4
54674,5
54675,1
54676,3
54677,1
54678,6
54679,7
54680,5
54681,10
54682,5
54683,5
54684,5
54685,8
54686,4
54687,2
54688,9
54689,1
54690,6
54691,6
54692,9
54693,7
54694,8
54695,7
54696,1
54697,8
54698,7
54699,6
54700,5
54701,7
54702,1
54703,7
54704,10
54705,7
54706,1
54707,4
54708,4
54709,7
54710,7
54711,7
54712,7
54713,5
54714,10
54715,4
54716,2
54717,2
54718,9
54719,9
54720,2
54721,8
54722,4
54723,10
54724,2
54725,6
54726,5
54727,9
54728,10
54729,8
54730,9
54731,6
54732,5
54733,8
54734,2
54735,5
54736,3
54737,10
54738,10
54739,2
54740,1
54741,4
54742,3
54743,4
54744,2
54745,6
54746,9
54747,9
54748,7
54749,5
54750,10
54751,4
54752,3
54753,4
54754,9
54755,9
54756,8
54757,9
54758,6
54759,6
54760,2
54761,8
54762,5
54763,7
54764,5
54765,4
54766,7
54767,9
54768,4
54769,8
54770,10
54771,5
54772,7
54773,5
54774,5
54775,5
54776,5
54777,5
54778,10
54779,10
54780,5
54781,5
54782,4
54783,9
54784,9
54785,7
54786,7
54787,7
54788,6
54789,5
54790,10
54791,5
54792,5
54793,7
54794,9
54795,4
54796,4
54797,4
54798,4
54799,4
54800,9
54801,9
54802,5
54803,2
54804,9
54805,10
54806,4
54807,1
54808,5
54809,4
54810,7
54811,8
54812,7
54813,1
54814,7
54815,7
54816,6
54817,1
54818,7
54819,1
54820,4
54821,1
54822,10
54823,10
54824,2
54825,2
54826,4
54827,4
54828,5
54829,2
54830,10
54831,10
54832,7
54833,4
54834,5
54835,7
54836,5
54837,2
54838,10
54839,3
54840,1
54841,1
54842,10
54843,10
54844,5
54845,10
54846,4
54847,9
54848,8
54849,2
54850,3
54851,8
54852,4
54853,1
54854,4
54855,7
54856,3
54857,1
54858,5
54859,5
54860,10
54861,5
54862,4
54863,7
54864,4
54865,4
54866,2
54867,8
54868,4
54869,5
54870,6
54871,5
54872,5
54873,6
54874,9
54875,7
54876,4
54877,8
54878,2
54879,2
54880,10
54881,7
54882,9
54883,6
54884,5
54885,5
54886,4
54887,4
54888,5
54889,4
54890,10
54891,10
54892,7
54893,2
54894,4
54895,2
54896,4
54897,5
54898,7
54899,7
54900,1
54901,10
54902,5
54903,4
54904,5
54905,5
54906,7
54907,1
54908,5
54909,7
54910,9
54911,4
54912,5
54913,10
54914,8
54915,10
54916,10
54917,10
54918,8
54919,8
54920,4
54921,10
54922,8
54923,7
54924,7
54925,1
54926,7
54927,5
54928,5
54929,8
54930,10
54931,5
54932,10
54933,4
54934,4
54935,1
54936,7
54937,2
54938,2
54939,8
54940,4
54941,4
54942,5
54943,5
54944,10
54945,4
54946,4
54947,5
54948,1
54949,9
54950,1
54951,10
54952,2
54953,3
54954,8
54955,4
54956,4
54957,5
54958,1
54959,9
54960,4
54961,2
54962,2
54963,2
54964,4
54965,4
54966,4
54967,8
54968,8
54969,8
54970,4
54971,9
54972,6
54973,5
54974,10
54975,10
54976,4
54977,9
54978,10
54979,10
54980,8
54981,8
54982,9
54983,10
54984,4
54985,10
54986,10
54987,10
54988,8
54989,10
54990,5
54991,5
54992,2
54993,9
54994,9
54995,1
54996,5
54997,7
54998,10
54999,5
55000,10
55001,10
55002,4
55003,8
55004,8
55005,4
55006,6
55007,9
55008,9
55009,10
55010,2
55011,8
55012,8
55013,3
55014,4
55015,6
55016,8
55017,8
55018,5
55019,7
55020,5
55021,5
55022,4
55023,5
55024,6
55025,9
55026,8
55027,8
55028,8
55029,4
55030,1
55031,1
55032,6
55033,10
55034,6
55035,5
55036,8
55037,8
55038,2
55039,8
55040,2
55041,8
55042,7
55043,4
55044,3
55045,10
55046,10
55047,6
55048,4
55049,4
55050,10
55051,10
55052,9
55053,10
55054,10
55055,1
55056,10
55057,10
55058,2
55059,1
55060,5
55061,5
55062,5
55063,5
55064,10
55065,10
55066,5
55067,10
55068,5
55069,5
55070,9
55071,7
55072,7
55073,5
55074,7
55075,6
55076,10
55077,10
55078,5
55079,10
55080,8
55081,5
55082,4
55083,8
55084,4
55085,7
55086,10
55087,10
55088,9
55089,1
55090,1
55091,1
55092,10
55093,10
55094,10
55095,5
55096,10
55097,4
55098,4
55099,5
55100,10
55101,10
55102,10
55103,10
55104,10
55105,10
55106,10
55107,10
55108,10
55109,10
55110,10
55111,10
55112,10
55113,10
55114,6
55115,5
55116,1
55117,5
55118,1
55119,5
55120,10
55121,4
55122,5
55123,7
55124,9
55125,8
55126,4
55127,1
55128,1
55129,6
55130,10
55131,1
55132,1
55133,1
55134,6
55135,4
55136,9
55137,8
55138,4
55139,4
55140,5
55141,10
55142,5
55143,5
55144,10
55145,4
55146,9
55147,4
55148,4
55149,6
55150,8
55151,4
55152,5
55153,1
55154,2
55155,2
55156,2
55157,10
55158,10
55159,10
55160,2
55161,2
55162,2
55163,10
55164,10
55165,10
55166,10
55167,10
55168,4
55169,1
55170,8
55171,4
55172,5
55173,5
55174,1
55175,7
55176,5
55177,5
55178,4
55179,10
55180,5
55181,4
55182,4
55183,4
55184,8
55185,8
55186,3
55187,5
55188,5
55189,4
55190,4
55191,7
55192,5
55193,9
55194,10
55195,10
55196,5
55197,8
55198,4
55199,4
55200,10
55201,10
55202,5
55203,6
55204,10
55205,8
55206,5
55207,4
55208,10
55209,6
55210,8
55211,7
55212,8
55213,7
55214,5
55215,4
55216,5
55217,8
55218,7
55219,7
55220,5
55221,2
55222,9
55223,10
55224,10
55225,10
55226,5
55227,5
55228,10
55229,3
55230,9
55231,6
55232,10
55233,9
55234,9
55235,1
55236,7
55237,10
55238,5
55239,10
55240,10
55241,5
55242,4
55243,10
55244,5
55245,9
55246,9
55247,2
55248,9
55249,10
55250,6
55251,9
55252,9
55253,9
55254,8
55255,1
55256,6
55257,8
55258,4
55259,4
55260,9
55261,4
55262,4
55263,5
55264,1
55265,7
55266,9
55267,5
55268,10
55269,4
55270,4
55271,7
55272,5
55273,7
55274,5
55275,10
55276,9
55277,7
55278,7
55279,10
55280,9
55281,8
55282,4
55283,5
55284,4
55285,4
55286,5
55287,2
55288,4
55289,4
55290,4
55291,4
55292,7
55293,4
55294,2
55295,2
55296,4
55297,8
55298,6
55299,10
55300,5
55301,5
55302,5
55303,4
55304,9
55305,4
55306,9
55307,10
55308,1
55309,9
55310,9
55311,7
55312,5
55313,5
55314,5
55315,5
55316,7
55317,10
55318,10
55319,10
55320,5
55321,10
55322,5
55323,4
55324,8
55325,4
55326,5
55327,4
55328,4
55329,3
55330,8
55331,9
55332,10
55333,4
55334,4
55335,9
55336,10
55337,5
55338,5
55339,10
55340,10
55341,4
55342,4
55343,8
55344,8
55345,1
55346,1
55347,10
55348,8
55349,4
55350,8
55351,4
55352,2
55353,5
55354,2
55355,2
55356,2
55357,2
55358,5
55359,5
55360,5
55361,9
55362,7
55363,10
55364,10
55365,4
55366,5
55367,8
55368,2
55369,5
55370,5
55371,5
55372,3
55373,10
55374,10
55375,5
55376,2
55377,4
55378,8
55379,5
55380,2
55381,8
55382,4
55383,5
55384,5
55385,5
55386,5
55387,3
55388,7
55389,10
55390,5
55391,10
55392,10
55393,4
55394,7
55395,5
55396,7
55397,5
55398,5
55399,4
55400,8
55401,10
55402,2
55403,2
55404,2
55405,2
55406,2
55407,10
55408,2
55409,2
55410,10
55411,5
55412,5
55413,9
55414,10
55415,5
55416,2
55417,10
55418,5
55419,5
55420,10
55421,2
55422,8
55423,10
55424,4
55425,7
55426,10
55427,10
55428,5
55429,5
55430,4
55431,5
55432,10
55433,5
55434,7
55435,5
55436,7
55437,9
55438,5
55439,5
55440,10
55441,4
55442,2
55443,2
55444,10
55445,7
55446,4
55447,5
55448,10
55449,10
55450,5
55451,5
55452,4
55453,4
55454,8
55455,9
55456,2
55457,5
55458,10
55459,5
55460,8
55461,4
55462,2
55463,10
55464,9
55465,10
55466,10
55467,8
55468,4
55469,5
55470,4
55471,4
55472,2
55473,8
55474,4
55475,8
55476,3
55477,6
55478,10
55479,4
55480,4
55481,8
55482,8
55483,8
55484,8
55485,5
55486,10
55487,10
55488,5
55489,10
55490,2
55491,4
55492,8
55493,4
55494,7
55495,8
55496,6
55497,4
55498,6
55499,5
55500,5
55501,5
55502,10
55503,5
55504,4
55505,9
55506,7
55507,7
55508,4
55509,10
55510,5
55511,5
55512,5
55513,4
55514,4
55515,10
55516,9
55517,9
55518,10
55519,10
55520,10
55521,7
55522,10
55523,4
55524,2
55525,8
55526,5
55527,9
55528,5
55529,5
55530,10
55531,10
55532,5
55533,10
55534,10
55535,8
55536,10
55537,2
55538,4
55539,5
55540,5
55541,2
55542,8
55543,10
55544,8
55545,5
55546,7
55547,8
55548,10
55549,2
55550,10
55551,5
55552,10
55553,10
55554,2
55555,10
55556,5
55557,2
55558,4
55559,2
55560,2
55561,10
55562,10
55563,6
55564,10
55565,10
55566,10
55567,10
55568,10
55569,1
55570,3
55571,6
55572,4
55573,7
55574,10
55575,10
55576,4
55577,1
55578,5
55579,6
55580,7
55581,5
55582,4
55583,4
55584,4
55585,9
55586,5
55587,5
55588,2
55589,8
55590,8
55591,4
55592,4
55593,2
55594,2
55595,2
55596,2
55597,2
55598,10
55599,10
55600,8
55601,4
55602,4
55603,8
55604,5
55605,4
55606,5
55607,10
55608,5
55609,5
55610,10
55611,2
55612,2
55613,4
55614,6
55615,10
55616,10
55617,10
55618,10
55619,5
55620,10
55621,6
55622,8
55623,9
55624,1
55625,5
55626,10
55627,10
55628,10
55629,6
55630,10
55631,10
55632,8
55633,10
55634,8
55635,8
55636,8
55637,9
55638,4
55639,10
55640,5
55641,5
55642,5
55643,10
55644,10
55645,4
55646,4
55647,4
55648,10
55649,2
55650,4
55651,10
55652,10
55653,8
55654,6
55655,5
55656,10
55657,10
55658,5
55659,10
55660,5
55661,10
55662,5
55663,10
55664,4
55665,9
55666,6
55667,3
55668,5
55669,9
55670,8
55671,3
55672,4
55673,9
55674,6
55675,5
55676,10
55677,5
55678,5
55679,10
55680,5
55681,8
55682,5
55683,4
55684,4
55685,5
55686,5
55687,4
55688,5
55689,10
55690,10
55691,8
55692,4
55693,5
55694,10
55695,10
55696,5
55697,10
55698,3
55699,5
55700,4
55701,7
55702,5
55703,10
55704,5
55705,8
55706,10
55707,10
55708,5
55709,4
55710,9
55711,10
55712,10
55713,10
55714,4
55715,9
55716,3
55717,9
55718,4
55719,4
55720,8
55721,5
55722,3
55723,5
55724,1
55725,5
55726,5
55727,10
55728,7
55729,4
55730,5
55731,3
55732,5
55733,7
55734,9
55735,7
55736,10
55737,5
55738,5
55739,10
55740,4
55741,5
55742,5
55743,10
55744,10
55745,10
55746,10
55747,10
55748,10
55749,10
55750,10
55751,10
55752,10
55753,10
55754,10
55755,10
55756,10
55757,10
55758,10
55759,10
55760,10
55761,10
55762,10
55763,10
55764,10
55765,10
55766,10
55767,10
55768,10
55769,10
55770,5
55771,7
55772,7
55773,3
55774,4
55775,6
55776,10
55777,1
55778,9
55779,10
55780,7
55781,7
55782,8
55783,7
55784,10
55785,4
55786,9
55787,4
55788,4
55789,10
55790,4
55791,4
55792,5
55793,5
55794,5
55795,4
55796,4
55797,9
55798,3
55799,5
55800,10
55801,8
55802,10
55803,5
55804,10
55805,5
55806,3
55807,3
55808,10
55809,9
55810,5
55811,10
55812,5
55813,4
55814,3
55815,9
55816,5
55817,10
55818,5
55819,10
55820,2
55821,10
55822,10
55823,5
55824,10
55825,4
55826,4
55827,10
55828,10
55829,10
55830,10
55831,10
55832,6
55833,10
55834,4
55835,5
55836,4
55837,10
55838,4
55839,5
55840,5
55841,7
55842,7
55843,5
55844,10
55845,10
55846,4
55847,8
55848,8
55849,5
55850,4
55851,8
55852,4
55853,10
55854,5
55855,5
55856,10
55857,10
55858,5
55859,7
55860,5
55861,7
55862,10
55863,10
55864,10
55865,5
55866,4
55867,4
55868,10
55869,5
55870,9
55871,9
55872,9
55873,2
55874,2
55875,10
55876,10
55877,5
55878,8
55879,8
55880,9
55881,9
55882,4
55883,3
55884,9
55885,6
55886,8
55887,7
55888,10
55889,5
55890,10
55891,5
55892,10
55893,3
55894,4
55895,4
55896,8
55897,8
55898,5
55899,5
55900,8
55901,4
55902,4
55903,9
55904,3
55905,9
55906,5
55907,5
55908,9
55909,9
55910,3
55911,1
55912,5
55913,10
55914,10
55915,4
55916,8
55917,5
55918,5
55919,5
55920,4
55921,4
55922,4
55923,9
55924,4
55925,2
55926,4
55927,4
55928,4
55929,1
55930,1
55931,10
55932,10
55933,4
55934,4
55935,4
55936,3
55937,8
55938,9
55939,9
55940,3
55941,9
55942,2
55943,3
55944,5
55945,4
55946,8
55947,4
55948,6
55949,5
55950,5
55951,4
55952,9
55953,4
55954,5
55955,7
55956,10
55957,5
55958,5
55959,10
55960,5
55961,4
55962,8
55963,5
55964,10
55965,4
55966,4
55967,4
55968,1
55969,7
55970,10
55971,5
55972,8
55973,4
55974,3
55975,4
55976,9
55977,10
55978,8
55979,5
55980,4
55981,3
55982,7
55983,10
55984,5
55985,5
55986,8
55987,4
55988,8
55989,2
55990,8
55991,4
55992,4
55993,9
55994,9
55995,3
55996,2
55997,2
55998,2
55999,10
56000,10
56001,5
56002,10
56003,10
56004,5
56005,2
56006,2
56007,9
56008,3
56009,9
56010,2
56011,1
56012,5
56013,5
56014,10
56015,3
56016,4
56017,5
56018,10
56019,4
56020,4
56021,5
56022,8
56023,8
56024,4
56025,8
56026,4
56027,2
56028,5
56029,10
56030,10
56031,10
56032,5
56033,5
56034,5
56035,5
56036,5
56037,2
56038,6
56039,9
56040,5
56041,3
56042,8
56043,5
56044,5
56045,10
56046,5
56047,4
56048,4
56049,4
56050,5
56051,4
56052,5
56053,5
56054,8
56055,8
56056,2
56057,8
56058,4
56059,10
56060,1
56061,3
56062,5
56063,10
56064,10
56065,10
56066,4
56067,4
56068,4
56069,10
56070,2
56071,2
56072,5
56073,10
56074,10
56075,8
56076,4
56077,4
56078,6
56079,6
56080,4
56081,2
56082,5
56083,9
56084,5
56085,5
56086,10
56087,4
56088,4
56089,4
56090,9
56091,2
56092,6
56093,8
56094,3
56095,10
56096,8
56097,8
56098,3
56099,1
56100,3
56101,10
56102,5
56103,2
56104,4
56105,9
56106,8
56107,4
56108,3
56109,8
56110,5
56111,10
56112,10
56113,5
56114,6
56115,4
56116,2
56117,3
56118,9
56119,2
56120,2
56121,2
56122,4
56123,9
56124,8
56125,4
56126,10
56127,8
56128,8
56129,10
56130,10
56131,4
56132,5
56133,6
56134,4
56135,8
56136,1
56137,2
56138,2
56139,2
56140,10
56141,10
56142,5
56143,10
56144,3
56145,6
56146,4
56147,10
56148,8
56149,4
56150,4
56151,2
56152,2
56153,10
56154,5
56155,5
56156,2
56157,4
56158,5
56159,10
56160,8
56161,9
56162,8
56163,6
56164,4
56165,8
56166,3
56167,3
56168,6
56169,3
56170,5
56171,3
56172,7
56173,4
56174,10
56175,2
56176,9
56177,5
56178,4
56179,9
56180,8
56181,7
56182,9
56183,1
56184,10
56185,5
56186,6
56187,10
56188,6
56189,10
56190,4
56191,3
56192,2
56193,3
56194,6
56195,2
56196,10
56197,6
56198,4
56199,8
56200,5
56201,3
56202,3
56203,9
56204,10
56205,4
56206,2
56207,8
56208,10
56209,1
56210,2
56211,10
56212,5
56213,5
56214,10
56215,10
56216,10
56217,8
56218,2
56219,6
56220,2
56221,3
56222,1
56223,8
56224,4
56225,5
56226,5
56227,10
56228,5
56229,10
56230,6
56231,2
56232,4
56233,6
56234,5
56235,7
56236,10
56237,10
56238,10
56239,10
56240,10
56241,4
56242,8
56243,5
56244,6
56245,8
56246,8
56247,8
56248,9
56249,8
56250,10
56251,4
56252,8
56253,10
56254,5
56255,6
56256,4
56257,5
56258,6
56259,7
56260,10
56261,2
56262,2
56263,3
56264,10
56265,2
56266,7
56267,2
56268,10
56269,10
56270,5
56271,4
56272,4
56273,5
56274,10
56275,9
56276,6
56277,4
56278,1
56279,7
56280,10
56281,5
56282,10
56283,6
56284,5
56285,2
56286,9
56287,3
56288,1
56289,5
56290,7
56291,5
56292,1
56293,3
56294,7
56295,5
56296,5
56297,10
56298,8
56299,5
56300,10
56301,10
56302,5
56303,6
56304,8
56305,5
56306,5
56307,5
56308,5
56309,8
56310,6
56311,7
56312,4
56313,10
56314,5
56315,2
56316,9
56317,6
56318,4
56319,10
56320,5
56321,7
56322,10
56323,10
56324,10
56325,5
56326,10
56327,10
56328,10
56329,8
56330,9
56331,10
56332,9
56333,4
56334,10
56335,10
56336,10
56337,4
56338,8
56339,2
56340,2
56341,9
56342,8
56343,9
56344,10
56345,4
56346,3
56347,9
56348,10
56349,2
56350,10
56351,5
56352,10
56353,10
56354,10
56355,10
56356,5
56357,3
56358,5
56359,5
56360,10
56361,8
56362,8
56363,10
56364,10
56365,10
56366,10
56367,10
56368,1
56369,4
56370,4
56371,4
56372,4
56373,4
56374,8
56375,5
56376,5
56377,8
56378,6
56379,6
56380,7
56381,5
56382,10
56383,10
56384,10
56385,4
56386,10
56387,9
56388,10
56389,3
56390,4
56391,7
56392,8
56393,3
56394,1
56395,7
56396,6
56397,10
56398,8
56399,5
56400,3
56401,5
56402,5
56403,4
56404,8
56405,5
56406,10
56407,5
56408,4
56409,9
56410,5
56411,9
56412,3
56413,8
56414,2
56415,4
56416,3
56417,8
56418,1
56419,5
56420,10
56421,4
56422,4
56423,3
56424,3
56425,10
56426,5
56427,10
56428,6
56429,4
56430,5
56431,2
56432,2
56433,2
56434,6
56435,10
56436,10
56437,5
56438,5
56439,5
56440,8
56441,8
56442,2
56443,8
56444,3
56445,10
56446,5
56447,5
56448,8
56449,5
56450,10
56451,10
56452,8
56453,4
56454,7
56455,7
56456,7
56457,7
56458,6
56459,10
56460,2
56461,10
56462,3
56463,9
56464,5
56465,5
56466,9
56467,2
56468,10
56469,3
56470,4
56471,10
56472,6
56473,10
56474,10
56475,7
56476,7
56477,10
56478,5
56479,10
56480,10
56481,5
56482,6
56483,3
56484,3
56485,5
56486,6
56487,1
56488,5
56489,6
56490,7
56491,10
56492,10
56493,10
56494,6
56495,4
56496,4
56497,4
56498,3
56499,5
56500,1
56501,5
56502,4
56503,10
56504,10
56505,10
56506,8
56507,4
56508,8
56509,6
56510,10
56511,10
56512,10
56513,10
56514,10
56515,5
56516,10
56517,4
56518,7
56519,7
56520,7
56521,8
56522,7
56523,1
56524,1
56525,7
56526,8
56527,4
56528,3
56529,5
56530,5
56531,8
56532,5
56533,5
56534,10
56535,10
56536,4
56537,5
56538,10
56539,5
56540,5
56541,6
56542,5
56543,4
56544,10
56545,4
56546,8
56547,4
56548,5
56549,1
56550,10
56551,5
56552,4
56553,3
56554,5
56555,8
56556,3
56557,8
56558,5
56559,8
56560,1
56561,1
56562,9
56563,5
56564,9
56565,5
56566,10
56567,10
56568,10
56569,5
56570,10
56571,4
56572,4
56573,8
56574,7
56575,7
56576,8
56577,10
56578,4
56579,9
56580,4
56581,6
56582,7
56583,3
56584,10
56585,4
56586,4
56587,5
56588,5
56589,5
56590,5
56591,10
56592,10
56593,5
56594,10
56595,4
56596,8
56597,9
56598,8
56599,9
56600,10
56601,10
56602,4
56603,10
56604,6
56605,10
56606,10
56607,10
56608,10
56609,10
56610,10
56611,10
56612,6
56613,10
56614,10
56615,3
56616,10
56617,10
56618,10
56619,5
56620,4
56621,5
56622,4
56623,9
56624,4
56625,5
56626,8
56627,1
56628,4
56629,5
56630,5
56631,5
56632,6
56633,8
56634,4
56635,9
56636,8
56637,4
56638,4
56639,6
56640,8
56641,3
56642,5
56643,5
56644,10
56645,5
56646,10
56647,5
56648,5
56649,4
56650,8
56651,5
56652,1
56653,5
56654,10
56655,5
56656,5
56657,5
56658,10
56659,10
56660,10
56661,10
56662,5
56663,8
56664,7
56665,5
56666,5
56667,3
56668,6
56669,7
56670,10
56671,10
56672,6
56673,5
56674,4
56675,2
56676,9
56677,7
56678,4
56679,1
56680,5
56681,5
56682,9
56683,5
56684,10
56685,7
56686,10
56687,5
56688,3
56689,1
56690,9
56691,2
56692,4
56693,4
56694,5
56695,8
56696,7
56697,5
56698,5
56699,10
56700,5
56701,4
56702,4
56703,9
56704,4
56705,10
56706,1
56707,6
56708,1
56709,6
56710,7
56711,10
56712,4
56713,6
56714,10
56715,7
56716,10
56717,8
56718,8
56719,7
56720,5
56721,3
56722,6
56723,5
56724,1
56725,7
56726,7
56727,6
56728,10
56729,10
56730,5
56731,6
56732,5
56733,5
56734,4
56735,4
56736,4
56737,4
56738,9
56739,5
56740,5
56741,5
56742,10
56743,5
56744,7
56745,9
56746,3
56747,5
56748,7
56749,5
56750,7
56751,10
56752,6
56753,7
56754,5
56755,6
56756,10
56757,5
56758,10
56759,4
56760,9
56761,10
56762,4
56763,2
56764,3
56765,9
56766,1
56767,3
56768,4
56769,5
56770,4
56771,7
56772,6
56773,1
56774,6
56775,7
56776,5
56777,10
56778,5
56779,8
56780,7
56781,10
56782,3
56783,5
56784,2
56785,7
56786,7
56787,7
56788,5
56789,9
56790,4
56791,2
56792,3
56793,3
56794,8
56795,9
56796,4
56797,1
56798,6
56799,5
56800,5
56801,5
56802,5
56803,10
56804,1
56805,7
56806,6
56807,10
56808,4
56809,8
56810,4
56811,5
56812,5
56813,1
56814,1
56815,1
56816,1
56817,5
56818,7
56819,1
56820,10
56821,10
56822,5
56823,10
56824,7
56825,1
56826,1
56827,8
56828,5
56829,7
56830,5
56831,7
56832,5
56833,4
56834,5
56835,8
56836,8
56837,4
56838,4
56839,9
56840,8
56841,5
56842,1
56843,10
56844,10
56845,10
56846,4
56847,5
56848,9
56849,2
56850,2
56851,3
56852,6
56853,8
56854,6
56855,6
56856,7
56857,7
56858,7
56859,6
56860,4
56861,7
56862,7
56863,1
56864,7
56865,1
56866,1
56867,3
56868,5
56869,5
56870,5
56871,5
56872,5
56873,7
56874,8
56875,7
56876,4
56877,1
56878,1
56879,9
56880,2
56881,9
56882,9
56883,7
56884,7
56885,1
56886,1
56887,5
56888,1
56889,3
56890,1
56891,5
56892,5
56893,5
56894,10
56895,10
56896,5
56897,5
56898,7
56899,5
56900,4
56901,6
56902,2
56903,8
56904,3
56905,9
56906,9
56907,8
56908,3
56909,5
56910,5
56911,1
56912,5
56913,5
56914,3
56915,7
56916,4
56917,5
56918,4
56919,4
56920,8
56921,6
56922,9
56923,6
56924,1
56925,3
56926,5
56927,3
56928,7
56929,7
56930,6
56931,5
56932,10
56933,10
56934,6
56935,6
56936,10
56937,2
56938,9
56939,9
56940,9
56941,9
56942,9
56943,7
56944,3
56945,3
56946,6
56947,8
56948,7
56949,5
56950,5
56951,6
56952,4
56953,8
56954,4
56955,9
56956,10
56957,10
56958,9
56959,8
56960,6
56961,6
56962,3
56963,9
56964,7
56965,4
56966,7
56967,6
56968,6
56969,5
56970,5
56971,5
56972,10
56973,5
56974,10
56975,9
56976,7
56977,7
56978,9
56979,8
56980,7
56981,7
56982,1
56983,3
56984,3
56985,1
56986,5
56987,1
56988,5
56989,5
56990,7
56991,10
56992,7
56993,7
56994,5
56995,5
56996,5
56997,4
56998,5
56999,5
57000,7
57001,10
57002,7
57003,9
57004,4
57005,5
57006,1
57007,1
57008,7
57009,3
57010,8
57011,4
57012,3
57013,7
57014,5
57015,10
57016,5
57017,9
57018,4
57019,4
57020,2
57021,2
57022,4
57023,8
57024,1
57025,5
57026,6
57027,5
57028,10
57029,5
57030,7
57031,5
57032,4
57033,4
57034,4
57035,2
57036,7
57037,2
57038,2
57039,9
57040,9
57041,3
57042,8
57043,1
57044,1
57045,1
57046,1
57047,1
57048,7
57049,7
57050,7
57051,5
57052,7
57053,5
57054,7
57055,5
57056,10
57057,10
57058,5
57059,5
57060,10
57061,5
57062,5
57063,7
57064,5
57065,10
57066,9
57067,5
57068,4
57069,5
57070,2
57071,4
57072,2
57073,2
57074,9
57075,3
57076,6
57077,8
57078,6
57079,1
57080,8
57081,3
57082,1
57083,4
57084,8
57085,6
57086,6
57087,7
57088,5
57089,5
57090,5
57091,7
57092,5
57093,5
57094,3
57095,1
57096,5
57097,3
57098,10
57099,10
57100,2
57101,8
57102,1
57103,4
57104,9
57105,9
57106,7
57107,6
57108,1
57109,1
57110,6
57111,6
57112,1
57113,1
57114,3
57115,7
57116,7
57117,7
57118,10
57119,8
57120,5
57121,10
57122,10
57123,7
57124,8
57125,5
57126,5
57127,10
57128,4
57129,5
57130,3
57131,3
57132,7
57133,6
57134,6
57135,10
57136,10
57137,10
57138,10
57139,2
57140,2
57141,8
57142,8
57143,5
57144,5
57145,1
57146,10
57147,7
57148,6
57149,10
57150,10
57151,10
57152,10
57153,7
57154,7
57155,7
57156,5
57157,5
57158,1
57159,1
57160,5
57161,5
57162,5
57163,7
57164,7
57165,6
57166,4
57167,6
57168,10
57169,5
57170,3
57171,7
57172,5
57173,10
57174,4
57175,5
57176,4
57177,8
57178,7
57179,7
57180,7
57181,7
57182,1
57183,1
57184,7
57185,1
57186,1
57187,10
57188,7
57189,10
57190,3
57191,9
57192,1
57193,1
57194,1
57195,8
57196,4
57197,8
57198,8
57199,4
57200,3
57201,8
57202,8
57203,7
57204,3
57205,3
57206,6
57207,8
57208,6
57209,5
57210,10
57211,4
57212,8
57213,9
57214,5
57215,5
57216,9
57217,5
57218,8
57219,9
57220,7
57221,7
57222,7
57223,7
57224,6
57225,4
57226,7
57227,3
57228,2
57229,5
57230,5
57231,8
57232,9
57233,2
57234,4
57235,6
57236,8
57237,6
57238,10
57239,8
57240,3
57241,6
57242,9
57243,4
57244,9
57245,7
57246,1
57247,6
57248,9
57249,3
57250,3
57251,1
57252,1
57253,7
57254,5
57255,5
57256,10
57257,5
57258,4
57259,8
57260,9
57261,5
57262,9
57263,2
57264,4
57265,3
57266,4
57267,4
57268,8
57269,6
57270,5
57271,7
57272,5
57273,6
57274,3
57275,1
57276,4
57277,7
57278,5
57279,9
57280,7
57281,6
57282,10
57283,10
57284,10
57285,10
57286,8
57287,1
57288,7
57289,10
57290,3
57291,1
57292,3
57293,4
57294,7
57295,5
57296,10
57297,10
57298,5
57299,5
57300,8
57301,8
57302,6
57303,2
57304,6
57305,7
57306,10
57307,3
57308,1
57309,9
57310,10
57311,10
57312,2
57313,8
57314,2
57315,6
57316,6
57317,10
57318,7
57319,7
57320,3
57321,7
57322,3
57323,5
57324,7
57325,7
57326,2
57327,5
57328,5
57329,7
57330,5
57331,2
57332,7
57333,3
57334,8
57335,7
57336,2
57337,2
57338,1
57339,1
57340,7
57341,7
57342,10
57343,1
57344,7
57345,10
57346,7
57347,8
57348,4
57349,4
57350,3
57351,1
57352,1
57353,3
57354,5
57355,10
57356,7
57357,7
57358,7
57359,7
57360,10
57361,10
57362,10
57363,5
57364,5
57365,6
57366,6
57367,5
57368,6
57369,7
57370,7
57371,5
57372,5
57373,5
57374,8
57375,3
57376,8
57377,4
57378,6
57379,5
57380,1
57381,1
57382,3
57383,5
57384,1
57385,3
57386,5
57387,1
57388,7
57389,5
57390,5
57391,10
57392,10
57393,5
57394,5
57395,5
57396,4
57397,4
57398,4
57399,7
57400,10
57401,5
57402,7
57403,7
57404,1
57405,6
57406,7
57407,7
57408,6
57409,7
57410,7
57411,7
57412,9
57413,1
57414,7
57415,5
57416,10
57417,10
57418,10
57419,10
57420,5
57421,1
57422,1
57423,5
57424,4
57425,7
57426,4
57427,1
57428,6
57429,1
57430,1
57431,10
57432,7
57433,10
57434,10
57435,5
57436,10
57437,5
57438,8
57439,9
57440,3
57441,1
57442,10
57443,4
57444,1
57445,5
57446,7
57447,7
57448,7
57449,5
57450,5
57451,5
57452,6
57453,6
57454,4
57455,4
57456,10
57457,3
57458,3
57459,6
57460,5
57461,6
57462,5
57463,1
57464,1
57465,1
57466,2
57467,6
57468,7
57469,7
57470,2
57471,9
57472,5
57473,7
57474,9
57475,8
57476,2
57477,8
57478,8
57479,3
57480,2
57481,1
57482,1
57483,3
57484,6
57485,5
57486,1
57487,5
57488,1
57489,5
57490,1
57491,7
57492,7
57493,7
57494,7
57495,10
57496,10
57497,8
57498,2
57499,2
57500,9
57501,2
57502,9
57503,3
57504,9
57505,3
57506,8
57507,3
57508,4
57509,6
57510,7
57511,6
57512,5
57513,5
57514,1
57515,5
57516,10
57517,5
57518,5
57519,5
57520,5
57521,8
57522,4
57523,7
57524,8
57525,7
57526,5
57527,10
57528,5
57529,5
57530,4
57531,5
57532,4
57533,8
57534,2
57535,5
57536,5
57537,6
57538,10
57539,10
57540,7
57541,5
57542,6
57543,10
57544,2
57545,2
57546,6
57547,10
57548,9
57549,3
57550,1
57551,5
57552,5
57553,5
57554,9
57555,5
57556,4
57557,8
57558,5
57559,7
57560,9
57561,9
57562,5
57563,5
57564,4
57565,2
57566,2
57567,2
57568,8
57569,3
57570,6
57571,4
57572,8
57573,5
57574,5
57575,5
57576,7
57577,5
57578,10
57579,6
57580,3
57581,3
57582,1
57583,7
57584,1
57585,7
57586,5
57587,5
57588,5
57589,10
57590,5
57591,10
57592,5
57593,8
57594,2
57595,3
57596,1
57597,4
57598,8
57599,1
57600,3
57601,1
57602,1
57603,7
57604,4
57605,10
57606,8
57607,4
57608,4
57609,5
57610,3
57611,5
57612,5
57613,9
57614,8
57615,10
57616,10
57617,10
57618,6
57619,10
57620,9
57621,7
57622,5
57623,1
57624,6
57625,7
57626,7
57627,7
57628,9
57629,8
57630,10
57631,4
57632,5
57633,9
57634,7
57635,10
57636,5
57637,3
57638,4
57639,5
57640,3
57641,3
57642,3
57643,5
57644,2
57645,4
57646,10
57647,7
57648,5
57649,9
57650,5
57651,10
57652,5
57653,10
57654,10
57655,3
57656,4
57657,5
57658,5
57659,7
57660,8
57661,5
57662,3
57663,4
57664,5
57665,8
57666,1
57667,5
57668,10
57669,2
57670,10
57671,10
57672,8
57673,1
57674,5
57675,3
57676,7
57677,10
57678,5
57679,6
57680,10
57681,7
57682,9
57683,4
57684,2
57685,7
57686,2
57687,7
57688,7
57689,1
57690,6
57691,10
57692,8
57693,5
57694,10
57695,5
57696,8
57697,7
57698,9
57699,5
57700,9
57701,5
57702,5
57703,10
57704,10
57705,8
57706,6
57707,6
57708,10
57709,10
57710,10
57711,10
57712,4
57713,5
57714,5
57715,8
57716,6
57717,1
57718,5
57719,5
57720,10
57721,10
57722,5
57723,4
57724,3
57725,3
57726,5
57727,4
57728,2
57729,8
57730,6
57731,6
57732,3
57733,3
57734,1
57735,5
57736,7
57737,5
57738,5
57739,5
57740,2
57741,4
57742,2
57743,3
57744,4
57745,6
57746,7
57747,5
57748,10
57749,6
57750,5
57751,6
57752,3
57753,5
57754,10
57755,5
57756,9
57757,1
57758,5
57759,8
57760,8
57761,7
57762,4
57763,8
57764,3
57765,5
57766,3
57767,7
57768,7
57769,10
57770,10
57771,2
57772,4
57773,5
57774,5
57775,1
57776,9
57777,1
57778,9
57779,7
57780,5
57781,5
57782,6
57783,5
57784,10
57785,4
57786,5
57787,4
57788,5
57789,10
57790,10
57791,10
57792,10
57793,10
57794,10
57795,10
57796,10
57797,10
57798,10
57799,10
57800,10
57801,10
57802,10
57803,10
57804,10
57805,10
57806,10
57807,6
57808,10
57809,1
57810,9
57811,5
57812,1
57813,5
57814,10
57815,5
57816,5
57817,5
57818,4
57819,5
57820,5
57821,9
57822,3
57823,5
57824,10
57825,9
57826,8
57827,2
57828,8
57829,4
57830,5
57831,1
57832,5
57833,7
57834,4
57835,3
57836,6
57837,7
57838,9
57839,4
57840,8
57841,4
57842,4
57843,4
57844,1
57845,1
57846,5
57847,8
57848,5
57849,5
57850,9
57851,10
57852,4
57853,8
57854,4
57855,10
57856,7
57857,7
57858,1
57859,3
57860,10
57861,9
57862,2
57863,2
57864,6
57865,8
57866,4
57867,4
57868,9
57869,6
57870,7
57871,5
57872,4
57873,4
57874,5
57875,4
57876,10
57877,9
57878,4
57879,7
57880,9
57881,5
57882,5
57883,3
57884,1
57885,3
57886,4
57887,7
57888,10
57889,10
57890,5
57891,5
57892,5
57893,7
57894,10
57895,4
57896,9
57897,5
57898,4
57899,9
57900,4
57901,9
57902,9
57903,3
57904,9
57905,1
57906,3
57907,8
57908,8
57909,3
57910,5
57911,3
57912,1
57913,1
57914,10
57915,10
57916,10
57917,4
57918,4
57919,9
57920,10
57921,10
57922,4
57923,9
57924,5
57925,8
57926,4
57927,5
57928,3
57929,3
57930,1
57931,5
57932,7
57933,7
57934,10
57935,9
57936,4
57937,4
57938,5
57939,4
57940,9
57941,8
57942,8
57943,3
57944,3
57945,9
57946,1
57947,7
57948,10
57949,5
57950,4
57951,3
57952,3
57953,1
57954,5
57955,7
57956,1
57957,7
57958,7
57959,7
57960,7
57961,10
57962,5
57963,5
57964,10
57965,4
57966,6
57967,8
57968,10
57969,7
57970,7
57971,8
57972,8
57973,9
57974,3
57975,3
57976,1
57977,6
57978,5
57979,5
57980,5
57981,4
57982,4
57983,4
57984,9
57985,3
57986,6
57987,5
57988,7
57989,10
57990,10
57991,10
57992,5
57993,10
57994,10
57995,5
57996,4
57997,9
57998,7
57999,3
58000,1
58001,4
58002,5
58003,6
58004,7
58005,7
58006,7
58007,10
58008,5
58009,9
58010,4
58011,5
58012,1
58013,1
58014,1
58015,1
58016,5
58017,7
58018,10
58019,10
58020,5
58021,10
58022,5
58023,10
58024,5
58025,10
58026,4
58027,4
58028,10
58029,9
58030,7
58031,4
58032,2
58033,4
58034,4
58035,7
58036,7
58037,7
58038,6
58039,9
58040,9
58041,2
58042,4
58043,8
58044,7
58045,5
58046,9
58047,5
58048,1
58049,6
58050,7
58051,7
58052,7
58053,4
58054,7
58055,7
58056,7
58057,10
58058,5
58059,10
58060,10
58061,5
58062,5
58063,4
58064,4
58065,4
58066,4
58067,9
58068,9
58069,3
58070,6
58071,9
58072,6
58073,6
58074,1
58075,6
58076,4
58077,3
58078,1
58079,5
58080,5
58081,5
58082,4
58083,4
58084,6
58085,4
58086,3
58087,6
58088,6
58089,6
58090,6
58091,6
58092,7
58093,9
58094,3
58095,3
58096,5
58097,5
58098,1
58099,5
58100,7
58101,5
58102,5
58103,10
58104,5
58105,5
58106,5
58107,5
58108,4
58109,4
58110,9
58111,9
58112,9
58113,9
58114,2
58115,3
58116,6
58117,2
58118,6
58119,6
58120,4
58121,3
58122,10
58123,8
58124,5
58125,5
58126,10
58127,10
58128,4
58129,1
58130,10
58131,4
58132,5
58133,4
58134,9
58135,7
58136,7
58137,7
58138,3
58139,7
58140,3
58141,5
58142,1
58143,1
58144,1
58145,7
58146,6
58147,7
58148,5
58149,6
58150,1
58151,7
58152,1
58153,5
58154,7
58155,2
58156,7
58157,7
58158,5
58159,5
58160,5
58161,5
58162,10
58163,10
58164,10
58165,10
58166,10
58167,5
58168,5
58169,10
58170,4
58171,4
58172,5
58173,4
58174,9
58175,9
58176,9
58177,9
58178,8
58179,6
58180,1
58181,1
58182,6
58183,8
58184,9
58185,9
58186,9
58187,3
58188,1
58189,8
58190,6
58191,9
58192,8
58193,6
58194,9
58195,7
58196,9
58197,4
58198,8
58199,4
58200,9
58201,1
58202,1
58203,1
58204,1
58205,1
58206,1
58207,1
58208,7
58209,7
58210,5
58211,5
58212,5
58213,10
58214,5
58215,5
58216,4
58217,4
58218,6
58219,8
58220,2
58221,2
58222,2
58223,4
58224,3
58225,1
58226,6
58227,3
58228,6
58229,10
58230,8
58231,9
58232,10
58233,10
58234,9
58235,8
58236,2
58237,5
58238,1
58239,1
58240,7
58241,7
58242,7
58243,7
58244,6
58245,7
58246,7
58247,7
58248,7
58249,5
58250,10
58251,10
58252,10
58253,10
58254,10
58255,10
58256,10
58257,5
58258,5
58259,5
58260,9
58261,5
58262,4
58263,4
58264,5
58265,8
58266,9
58267,5
58268,5
58269,1
58270,5
58271,9
58272,4
58273,3
58274,1
58275,5
58276,6
58277,7
58278,1
58279,9
58280,7
58281,6
58282,7
58283,7
58284,5
58285,6
58286,5
58287,10
58288,10
58289,10
58290,10
58291,4
58292,4
58293,9
58294,9
58295,8
58296,8
58297,4
58298,6
58299,10
58300,5
58301,1
58302,2
58303,3
58304,1
58305,6
58306,6
58307,1
58308,2
58309,3
58310,1
58311,6
58312,6
58313,6
58314,7
58315,4
58316,9
58317,9
58318,8
58319,9
58320,3
58321,7
58322,7
58323,1
58324,1
58325,5
58326,1
58327,4
58328,4
58329,9
58330,4
58331,1
58332,7
58333,7
58334,4
58335,9
58336,7
58337,10
58338,3
58339,9
58340,10
58341,8
58342,4
58343,6
58344,8
58345,2
58346,2
58347,2
58348,8
58349,2
58350,9
58351,4
58352,7
58353,3
58354,7
58355,10
58356,7
58357,9
58358,7
58359,2
58360,7
58361,8
58362,7
58363,4
58364,9
58365,2
58366,10
58367,10
58368,3
58369,2
58370,5
58371,9
58372,2
58373,6
58374,4
58375,4
58376,2
58377,2
58378,7
58379,7
58380,1
58381,7
58382,7
58383,7
58384,4
58385,7
58386,6
58387,10
58388,7
58389,7
58390,7
58391,7
58392,7
58393,6
58394,7
58395,2
58396,2
58397,2
58398,7
58399,9
58400,7
58401,9
58402,1
58403,7
58404,7
58405,7
58406,10
58407,7
58408,4
58409,7
58410,7
58411,8
58412,7
58413,1
58414,7
58415,7
58416,2
58417,2
58418,2
58419,7
58420,2
58421,2
58422,7
58423,7
58424,7
58425,7
58426,7
58427,7
58428,7
58429,7
58430,5
58431,7
58432,8
58433,2
58434,5
58435,6
58436,5
58437,4
58438,10
58439,2
58440,2
58441,2
58442,2
58443,9
58444,10
58445,9
58446,9
58447,2
58448,9
58449,6
58450,3
58451,2
58452,9
58453,4
58454,8
58455,1
58456,7
58457,1
58458,1
58459,4
58460,1
58461,6
58462,1
58463,5
58464,5
58465,5
58466,10
58467,4
58468,10
58469,7
58470,7
58471,1
58472,7
58473,7
58474,5
58475,7
58476,10
58477,5
58478,10
58479,10
58480,8
58481,7
58482,1
58483,4
58484,1
58485,9
58486,5
58487,7
58488,5
58489,4
58490,9
58491,5
58492,3
58493,1
58494,5
58495,1
58496,1
58497,3
58498,7
58499,7
58500,10
58501,10
58502,5
58503,4
58504,3
58505,5
58506,4
58507,4
58508,9
58509,7
58510,7
58511,7
58512,6
58513,5
58514,1
58515,5
58516,1
58517,1
58518,1
58519,6
58520,1
58521,5
58522,5
58523,6
58524,5
58525,7
58526,5
58527,7
58528,7
58529,7
58530,7
58531,7
58532,5
58533,5
58534,7
58535,7
58536,5
58537,5
58538,10
58539,10
58540,5
58541,9
58542,10
58543,10
58544,5
58545,4
58546,5
58547,4
58548,4
58549,9
58550,2
58551,2
58552,7
58553,6
58554,9
58555,2
58556,7
58557,7
58558,2
58559,2
58560,9
58561,9
58562,9
58563,7
58564,3
58565,7
58566,7
58567,7
58568,7
58569,1
58570,4
58571,4
58572,8
58573,6
58574,5
58575,7
58576,4
58577,7
58578,5
58579,5
58580,5
58581,4
58582,4
58583,1
58584,1
58585,5
58586,6
58587,7
58588,7
58589,5
58590,10
58591,5
58592,7
58593,7
58594,4
58595,10
58596,10
58597,5
58598,4
58599,4
58600,7
58601,7
58602,8
58603,2
58604,1
58605,9
58606,2
58607,2
58608,8
58609,4
58610,1
58611,8
58612,2
58613,2
58614,9
58615,1
58616,6
58617,5
58618,5
58619,10
58620,10
58621,5
58622,7
58623,1
58624,4
58625,4
58626,1
58627,1
58628,3
58629,1
58630,10
58631,6
58632,10
58633,4
58634,7
58635,7
58636,7
58637,10
58638,1
58639,5
58640,6
58641,7
58642,7
58643,7
58644,4
58645,7
58646,7
58647,6
58648,7
58649,7
58650,7
58651,5
58652,7
58653,7
58654,7
58655,7
58656,7
58657,7
58658,1
58659,7
58660,1
58661,7
58662,7
58663,1
58664,1
58665,6
58666,7
58667,7
58668,7
58669,7
58670,7
58671,7
58672,9
58673,1
58674,9
58675,7
58676,7
58677,9
58678,7
58679,1
58680,6
58681,9
58682,2
58683,6
58684,2
58685,2
58686,8
58687,7
58688,5
58689,10
58690,2
58691,2
58692,5
58693,5
58694,7
58695,2
58696,4
58697,5
58698,2
58699,7
58700,10
58701,10
58702,10
58703,10
58704,7
58705,6
58706,10
58707,7
58708,7
58709,1
58710,5
58711,5
58712,7
58713,7
58714,10
58715,5
58716,5
58717,4
58718,5
58719,4
58720,4
58721,5
58722,2
58723,2
58724,2
58725,9
58726,1
58727,7
58728,5
58729,5
58730,1
58731,5
58732,5
58733,4
58734,5
58735,3
58736,1
58737,1
58738,5
58739,8
58740,5
58741,1
58742,9
58743,5
58744,5
58745,7
58746,6
58747,10
58748,7
58749,10
58750,9
58751,10
58752,5
58753,5
58754,10
58755,10
58756,5
58757,4
58758,4
58759,4
58760,4
58761,4
58762,4
58763,5
58764,4
58765,9
58766,9
58767,5
58768,1
58769,4
58770,8
58771,6
58772,4
58773,4
58774,9
58775,8
58776,2
58777,2
58778,8
58779,5
58780,4
58781,8
58782,5
58783,8
58784,5
58785,3
58786,9
58787,2
58788,3
58789,9
58790,1
58791,6
58792,1
58793,8
58794,3
58795,8
58796,5
58797,1
58798,7
58799,6
58800,6
58801,10
58802,10
58803,5
58804,4
58805,8
58806,4
58807,7
58808,7
58809,6
58810,8
58811,1
58812,9
58813,1
58814,1
58815,7
58816,7
58817,8
58818,10
58819,5
58820,7
58821,1
58822,5
58823,10
58824,9
58825,10
58826,10
58827,4
58828,3
58829,1
58830,9
58831,7
58832,1
58833,6
58834,10
58835,10
58836,10
58837,10
58838,7
58839,7
58840,7
58841,10
58842,6
58843,7
58844,4
58845,1
58846,1
58847,1
58848,5
58849,5
58850,1
58851,2
58852,10
58853,9
58854,7
58855,7
58856,9
58857,2
58858,4
58859,8
58860,8
58861,8
58862,8
58863,2
58864,8
58865,8
58866,4
58867,4
58868,8
58869,5
58870,8
58871,8
58872,2
58873,2
58874,8
58875,7
58876,1
58877,1
58878,9
58879,7
58880,7
58881,3
58882,9
58883,5
58884,5
58885,3
58886,1
58887,1
58888,7
58889,6
58890,7
58891,7
58892,6
58893,5
58894,5
58895,5
58896,5
58897,10
58898,10
58899,10
58900,5
58901,5
58902,10
58903,5
58904,4
58905,4
58906,4
58907,5
58908,4
58909,5
58910,9
58911,10
58912,10
58913,10
58914,10
58915,10
58916,10
58917,10
58918,6
58919,10
58920,10
58921,8
58922,10
58923,10
58924,10
58925,6
58926,10
58927,10
58928,10
58929,10
58930,9
58931,5
58932,8
58933,6
58934,1
58935,1
58936,10
58937,1
58938,7
58939,7
58940,1
58941,4
58942,1
58943,4
58944,7
58945,4
58946,4
58947,5
58948,2
58949,9
58950,6
58951,4
58952,8
58953,4
58954,4
58955,9
58956,4
58957,4
58958,4
58959,7
58960,6
58961,3
58962,3
58963,2
58964,2
58965,9
58966,4
58967,4
58968,4
58969,10
58970,10
58971,7
58972,5
58973,4
58974,4
58975,5
58976,3
58977,3
58978,10
58979,1
58980,3
58981,7
58982,5
58983,10
58984,5
58985,10
58986,5
58987,7
58988,6
58989,1
58990,1
58991,6
58992,1
58993,6
58994,9
58995,7
58996,7
58997,2
58998,3
58999,6
59000,6
59001,2
59002,9
59003,9
59004,4
59005,2
59006,2
59007,7
59008,2
59009,4
59010,9
59011,9
59012,4
59013,5
59014,1
59015,7
59016,5
59017,1
59018,5
59019,5
59020,4
59021,4
59022,9
59023,5
59024,1
59025,7
59026,7
59027,7
59028,5
59029,5
59030,10
59031,5
59032,10
59033,10
59034,4
59035,4
59036,7
59037,5
59038,5
59039,1
59040,1
59041,6
59042,5
59043,7
59044,7
59045,7
59046,5
59047,6
59048,7
59049,7
59050,7
59051,5
59052,7
59053,7
59054,7
59055,5
59056,10
59057,10
59058,10
59059,7
59060,5
59061,5
59062,4
59063,5
59064,4
59065,5
59066,3
59067,4
59068,5
59069,7
59070,7
59071,2
59072,2
59073,2
59074,9
59075,2
59076,5
59077,10
59078,5
59079,5
59080,5
59081,5
59082,5
59083,5
59084,1
59085,6
59086,7
59087,3
59088,5
59089,10
59090,10
59091,5
59092,4
59093,4
59094,7
59095,7
59096,8
59097,7
59098,7
59099,1
59100,7
59101,9
59102,9
59103,9
59104,9
59105,2
59106,4
59107,4
59108,6
59109,6
59110,1
59111,6
59112,10
59113,6
59114,3
59115,6
59116,4
59117,3
59118,4
59119,4
59120,6
59121,4
59122,4
59123,8
59124,10
59125,4
59126,9
59127,4
59128,4
59129,8
59130,6
59131,10
59132,6
59133,2
59134,4
59135,1
59136,4
59137,3
59138,7
59139,4
59140,7
59141,7
59142,6
59143,7
59144,5
59145,5
59146,10
59147,5
59148,10
59149,8
59150,4
59151,7
59152,7
59153,7
59154,9
59155,7
59156,7
59157,1
59158,1
59159,6
59160,8
59161,4
59162,1
59163,3
59164,1
59165,1
59166,5
59167,5
59168,2
59169,7
59170,7
59171,2
59172,2
59173,5
59174,6
59175,1
59176,5
59177,4
59178,4
59179,5
59180,3
59181,1
59182,1
59183,1
59184,9
59185,10
59186,9
59187,7
59188,1
59189,10
59190,7
59191,8
59192,10
59193,7
59194,6
59195,7
59196,7
59197,10
59198,10
59199,7
59200,10
59201,2
59202,1
59203,5
59204,1
59205,5
59206,2
59207,2
59208,7
59209,5
59210,10
59211,5
59212,8
59213,4
59214,3
59215,2
59216,10
59217,9
59218,6
59219,4
59220,10
59221,1
59222,5
59223,1
59224,6
59225,7
59226,7
59227,6
59228,5
59229,5
59230,10
59231,7
59232,7
59233,7
59234,4
59235,4
59236,5
59237,4
59238,1
59239,7
59240,5
59241,8
59242,5
59243,1
59244,7
59245,10
59246,5
59247,4
59248,10
59249,2
59250,9
59251,6
59252,9
59253,8
59254,9
59255,10
59256,5
59257,3
59258,5
59259,10
59260,10
59261,4
59262,4
59263,4
59264,4
59265,5
59266,1
59267,1
59268,5
59269,9
59270,2
59271,7
59272,7
59273,4
59274,5
59275,1
59276,3
59277,5
59278,3
59279,9
59280,5
59281,1
59282,8
59283,9
59284,8
59285,7
59286,7
59287,9
59288,5
59289,7
59290,7
59291,7
59292,7
59293,7
59294,7
59295,5
59296,5
59297,10
59298,10
59299,6
59300,5
59301,10
59302,10
59303,8
59304,7
59305,7
59306,7
59307,2
59308,9
59309,9
59310,5
59311,5
59312,10
59313,10
59314,5
59315,4
59316,4
59317,3
59318,4
59319,8
59320,4
59321,5
59322,7
59323,4
59324,7
59325,7
59326,3
59327,4
59328,1
59329,1
59330,9
59331,10
59332,7
59333,2
59334,5
59335,6
59336,8
59337,10
59338,10
59339,10
59340,9
59341,1
59342,8
59343,5
59344,9
59345,10
59346,3
59347,9
59348,6
59349,5
59350,1
59351,5
59352,7
59353,10
59354,5
59355,10
59356,5
59357,4
59358,1
59359,7
59360,7
59361,9
59362,8
59363,1
59364,7
59365,7
59366,7
59367,5
59368,1
59369,7
59370,10
59371,7
59372,7
59373,2
59374,2
59375,10
59376,7
59377,9
59378,10
59379,7
59380,9
59381,1
59382,7
59383,10
59384,7
59385,3
59386,3
59387,9
59388,4
59389,2
59390,1
59391,3
59392,1
59393,3
59394,3
59395,6
59396,9
59397,8
59398,1
59399,1
59400,7
59401,7
59402,7
59403,7
59404,7
59405,7
59406,1
59407,5
59408,5
59409,7
59410,5
59411,5
59412,7
59413,9
59414,7
59415,5
59416,5
59417,4
59418,4
59419,5
59420,2
59421,2
59422,9
59423,9
59424,1
59425,9
59426,4
59427,3
59428,10
59429,1
59430,5
59431,10
59432,1
59433,9
59434,7
59435,4
59436,7
59437,7
59438,5
59439,10
59440,9
59441,7
59442,9
59443,9
59444,7
59445,8
59446,9
59447,9
59448,6
59449,1
59450,7
59451,1
59452,3
59453,1
59454,5
59455,6
59456,9
59457,8
59458,1
59459,7
59460,7
59461,5
59462,5
59463,1
59464,6
59465,7
59466,7
59467,5
59468,5
59469,5
59470,7
59471,5
59472,6
59473,10
59474,10
59475,10
59476,10
59477,10
59478,10
59479,10
59480,5
59481,10
59482,4
59483,9
59484,4
59485,9
59486,5
59487,5
59488,5
59489,10
59490,1
59491,10
59492,2
59493,2
59494,2
59495,10
59496,10
59497,9
59498,5
59499,5
59500,6
59501,10
59502,10
59503,10
59504,5
59505,8
59506,5
59507,5
59508,5
59509,4
59510,8
59511,10
59512,5
59513,10
59514,5
59515,6
59516,5
59517,10
59518,3
59519,7
59520,1
59521,5
59522,8
59523,5
59524,8
59525,4
59526,10
59527,9
59528,10
59529,4
59530,6
59531,10
59532,3
59533,4
59534,8
59535,10
59536,5
59537,4
59538,4
59539,6
59540,4
59541,5
59542,1
59543,9
59544,10
59545,3
59546,9
59547,4
59548,9
59549,8
59550,2
59551,1
59552,6
59553,9
59554,9
59555,1
59556,6
59557,6
59558,9
59559,1
59560,1
59561,4
59562,1
59563,10
59564,7
59565,4
59566,10
59567,10
59568,9
59569,3
59570,1
59571,5
59572,1
59573,7
59574,5
59575,7
59576,7
59577,7
59578,7
59579,6
59580,7
59581,1
59582,9
59583,8
59584,5
59585,10
59586,5
59587,10
59588,10
59589,4
59590,9
59591,4
59592,1
59593,10
59594,6
59595,5
59596,2
59597,7
59598,9
59599,9
59600,9
59601,2
59602,9
59603,9
59604,9
59605,1
59606,1
59607,2
59608,4
59609,2
59610,10
59611,4
59612,2
59613,7
59614,7
59615,1
59616,7
59617,7
59618,7
59619,6
59620,6
59621,7
59622,7
59623,1
59624,7
59625,6
59626,7
59627,2
59628,7
59629,7
59630,7
59631,7
59632,7
59633,3
59634,7
59635,6
59636,7
59637,7
59638,7
59639,10
59640,2
59641,2
59642,2
59643,8
59644,6
59645,7
59646,10
59647,6
59648,9
59649,9
59650,7
59651,7
59652,5
59653,1
59654,1
59655,9
59656,1
59657,1
59658,1
59659,7
59660,6
59661,9
59662,5
59663,10
59664,5
59665,5
59666,7
59667,4
59668,1
59669,9
59670,9
59671,6
59672,3
59673,7
59674,5
59675,7
59676,6
59677,5
59678,1
59679,1
59680,7
59681,6
59682,5
59683,4
59684,5
59685,7
59686,5
59687,6
59688,9
59689,10
59690,5
59691,10
59692,5
59693,10
59694,5
59695,5
59696,4
59697,6
59698,5
59699,1
59700,7
59701,7
59702,7
59703,5
59704,10
59705,4
59706,4
59707,4
59708,5
59709,5
59710,8
59711,9
59712,5
59713,7
59714,10
59715,5
59716,6
59717,5
59718,4
59719,4
59720,4
59721,4
59722,4
59723,10
59724,10
59725,7
59726,7
59727,7
59728,7
59729,1
59730,5
59731,9
59732,6
59733,1
59734,10
59735,8
59736,8
59737,4
59738,9
59739,8
59740,4
59741,1
59742,1
59743,9
59744,9
59745,2
59746,2
59747,2
59748,9
59749,5
59750,7
59751,7
59752,9
59753,1
59754,8
59755,2
59756,2
59757,2
59758,1
59759,8
59760,9
59761,1
59762,6
59763,8
59764,1
59765,7
59766,2
59767,10
59768,8
59769,6
59770,8
59771,8
59772,4
59773,7
59774,7
59775,7
59776,1
59777,6
59778,4
59779,7
59780,1
59781,6
59782,10
59783,6
59784,4
59785,1
59786,6
59787,5
59788,5
59789,5
59790,10
59791,10
59792,2
59793,9
59794,8
59795,2
59796,8
59797,8
59798,2
59799,4
59800,3
59801,1
59802,1
59803,3
59804,4
59805,8
59806,3
59807,3
59808,7
59809,10
59810,4
59811,5
59812,9
59813,9
59814,2
59815,8
59816,2
59817,8
59818,8
59819,8
59820,7
59821,3
59822,7
59823,5
59824,5
59825,5
59826,4
59827,9
59828,10
59829,10
59830,5
59831,5
59832,6
59833,8
59834,5
59835,2
59836,4
59837,4
59838,5
59839,2
59840,10
59841,2
59842,2
59843,10
59844,9
59845,6
59846,6
59847,10
59848,10
59849,10
59850,10
59851,10
59852,10
59853,10
59854,2
59855,9
59856,3
59857,8
59858,7
59859,3
59860,3
59861,5
59862,8
59863,6
59864,5
59865,5
59866,6
59867,5
59868,7
59869,5
59870,7
59871,4
59872,10
59873,7
59874,7
59875,7
59876,5
59877,5
59878,5
59879,5
59880,4
59881,8
59882,4
59883,9
59884,6
59885,4
59886,8
59887,1
59888,5
59889,8
59890,5
59891,5
59892,1
59893,5
59894,10
59895,10
59896,1
59897,1
59898,3
59899,3
59900,9
59901,6
59902,1
59903,1
59904,1
59905,9
59906,1
59907,4
59908,10
59909,7
59910,1
59911,3
59912,7
59913,9
59914,9
59915,4
59916,10
59917,4
59918,6
59919,5
59920,4
59921,9
59922,4
59923,8
59924,8
59925,4
59926,6
59927,4
59928,4
59929,8
59930,8
59931,4
59932,9
59933,1
59934,6
59935,5
59936,7
59937,10
59938,5
59939,5
59940,10
59941,5
59942,1
59943,5
59944,10
59945,5
59946,4
59947,4
59948,5
59949,1
59950,2
59951,2
59952,10
59953,2
59954,2
59955,10
59956,9
59957,10
59958,10
59959,10
59960,6
59961,10
59962,10
59963,10
59964,10
59965,10
59966,10
59967,10
59968,10
59969,10
59970,10
59971,10
59972,10
59973,5
59974,5
59975,5
59976,7
59977,9
59978,1
59979,5
59980,5
59981,8
59982,5
59983,5
59984,10
59985,8
59986,5
59987,5
59988,2
59989,2
59990,8
59991,8
59992,8
59993,3
59994,10
59995,5
59996,10
59997,4
59998,5
59999,9
60000,5
60001,5
60002,10
60003,4
60004,8
60005,2
60006,7
60007,7
60008,1
60009,2
60010,4
60011,6
60012,1
60013,2
60014,8
60015,8
60016,8
60017,6
60018,4
60019,6
60020,6
60021,6
60022,7
60023,10
60024,10
60025,5
60026,7
60027,1
60028,4
60029,8
60030,7
60031,9
60032,4
60033,9
60034,5
60035,1
60036,7
60037,10
60038,5
60039,10
60040,5
60041,1
60042,1
60043,1
60044,9
60045,8
60046,7
60047,7
60048,5
60049,6
60050,7
60051,7
60052,10
60053,10
60054,10
60055,5
60056,1
60057,5
60058,5
60059,5
60060,5
60061,5
60062,10
60063,10
60064,4
60065,1
60066,4
60067,4
60068,5
60069,9
60070,1
60071,7
60072,5
60073,7
60074,5
60075,5
60076,1
60077,9
60078,9
60079,1
60080,9
60081,9
60082,2
60083,2
60084,2
60085,8
60086,1
60087,4
60088,4
60089,4
60090,7
60091,9
60092,9
60093,9
60094,4
60095,5
60096,7
60097,5
60098,4
60099,7
60100,1
60101,7
60102,1
60103,4
60104,4
60105,7
60106,4
60107,6
60108,7
60109,1
60110,4
60111,4
60112,10
60113,4
60114,4
60115,1
60116,7
60117,6
60118,6
60119,4
60120,2
60121,1
60122,2
60123,10
60124,10
60125,9
60126,10
60127,10
60128,10
60129,7
60130,7
60131,7
60132,2
60133,9
60134,10
60135,1
60136,7
60137,7
60138,10
60139,1
60140,5
60141,5
60142,7
60143,2
60144,1
60145,7
60146,1
60147,1
60148,10
60149,1
60150,5
60151,10
60152,10
60153,10
60154,10
60155,10
60156,10
60157,10
60158,10
60159,6
60160,10
60161,8
60162,7
60163,7
60164,9
60165,8
60166,7
60167,8
60168,7
60169,10
60170,2
60171,6
60172,7
60173,2
60174,2
60175,5
60176,1
60177,7
60178,1
60179,9
60180,4
60181,7
60182,5
60183,10
60184,9
60185,8
60186,7
60187,4
60188,6
60189,1
60190,1
60191,4
60192,10
60193,1
60194,10
60195,10
60196,10
60197,5
60198,5
60199,5
60200,4
60201,6
60202,7
60203,7
60204,8
60205,6
60206,5
60207,5
60208,10
60209,7
60210,7
60211,9
60212,2
60213,4
60214,2
60215,1
60216,5
60217,5
60218,3
60219,1
60220,5
60221,5
60222,7
60223,10
60224,2
60225,10
60226,5
60227,10
60228,2
60229,10
60230,1
60231,1
60232,1
60233,1
60234,1
60235,1
60236,1
60237,1
60238,9
60239,8
60240,9
60241,7
60242,7
60243,7
60244,1
60245,4
60246,7
60247,5
60248,10
60249,5
60250,10
60251,9
60252,4
60253,4
60254,5
60255,4
60256,5
60257,4
60258,5
60259,8
60260,6
60261,8
60262,9
60263,9
60264,8
60265,9
60266,9
60267,1
60268,3
60269,1
60270,3
60271,1
60272,1
60273,4
60274,10
60275,5
60276,5
60277,10
60278,8
60279,7
60280,1
60281,6
60282,10
60283,10
60284,5
60285,4
60286,1
60287,7
60288,7
60289,1
60290,3
60291,4
60292,10
60293,3
60294,4
60295,4
60296,7
60297,1
60298,1
60299,1
60300,7
60301,2
60302,5
60303,5
60304,9
60305,3
60306,8
60307,7
60308,5
60309,10
60310,1
60311,1
60312,3
60313,5
60314,7
60315,10
60316,4
60317,7
60318,5
60319,10
60320,5
60321,10
60322,10
60323,6
60324,7
60325,9
60326,4
60327,7
60328,7
60329,5
60330,7
60331,9
60332,7
60333,7
60334,9
60335,5
60336,6
60337,4
60338,7
60339,1
60340,7
60341,7
60342,2
60343,5
60344,7
60345,6
60346,2
60347,7
60348,2
60349,7
60350,7
60351,1
60352,7
60353,7
60354,7
60355,6
60356,7
60357,7
60358,7
60359,9
60360,10
60361,2
60362,8
60363,2
60364,7
60365,7
60366,7
60367,5
60368,7
60369,7
60370,1
60371,6
60372,3
60373,6
60374,5
60375,10
60376,7
60377,7
60378,7
60379,7
60380,10
60381,5
60382,5
60383,5
60384,4
60385,4
60386,2
60387,9
60388,9
60389,6
60390,9
60391,9
60392,6
60393,3
60394,6
60395,6
60396,2
60397,5
60398,1
60399,5
60400,1
60401,7
60402,7
60403,5
60404,7
60405,7
60406,10
60407,10
60408,5
60409,4
60410,8
60411,2
60412,7
60413,3
60414,5
60415,7
60416,7
60417,5
60418,5
60419,10
60420,2
60421,9
60422,4
60423,3
60424,8
60425,1
60426,9
60427,8
60428,8
60429,4
60430,3
60431,6
60432,1
60433,4
60434,7
60435,7
60436,7
60437,5
60438,5
60439,6
60440,7
60441,5
60442,1
60443,6
60444,1
60445,5
60446,1
60447,1
60448,6
60449,7
60450,5
60451,7
60452,7
60453,10
60454,5
60455,7
60456,7
60457,5
60458,6
60459,10
60460,10
60461,9
60462,10
60463,10
60464,4
60465,10
60466,5
60467,4
60468,4
60469,5
60470,8
60471,7
60472,9
60473,5
60474,5
60475,5
60476,5
60477,10
60478,5
60479,10
60480,1
60481,5
60482,5
60483,7
60484,5
60485,10
60486,10
60487,4
60488,8
60489,2
60490,9
60491,9
60492,9
60493,5
60494,7
60495,4
60496,10
60497,5
60498,10
60499,7
60500,10
60501,8
60502,4
60503,4
60504,10
60505,3
60506,8
60507,4
60508,4
60509,5
60510,9
60511,1
60512,2
60513,6
60514,2
60515,9
60516,9
60517,4
60518,9
60519,4
60520,4
60521,7
60522,7
60523,10
60524,8
60525,1
60526,5
60527,10
60528,2
60529,2
60530,9
60531,9
60532,7
60533,7
60534,9
60535,6
60536,7
60537,7
60538,9
60539,9
60540,1
60541,6
60542,1
60543,7
60544,3
60545,2
60546,10
60547,6
60548,4
60549,4
60550,9
60551,5
60552,8
60553,9
60554,1
60555,7
60556,7
60557,7
60558,7
60559,4
60560,7
60561,1
60562,7
60563,10
60564,4
60565,2
60566,7
60567,2
60568,2
60569,2
60570,7
60571,2
60572,7
60573,10
60574,10
60575,6
60576,10
60577,7
60578,7
60579,6
60580,2
60581,7
60582,10
60583,6
60584,7
60585,6
60586,2
60587,6
60588,1
60589,2
60590,6
60591,6
60592,9
60593,1
60594,4
60595,1
60596,1
60597,7
60598,7
60599,7
60600,1
60601,1
60602,4
60603,5
60604,7
60605,6
60606,10
60607,5
60608,4
60609,4
60610,5
60611,2
60612,10
60613,6
60614,7
60615,1
60616,5
60617,2
60618,7
60619,6
60620,5
60621,10
60622,7
60623,4
60624,7
60625,1
60626,8
60627,9
60628,2
60629,5
60630,8
60631,8
60632,2
60633,4
60634,4
60635,9
60636,3
60637,1
60638,6
60639,10
60640,7
60641,10
60642,7
60643,7
60644,7
60645,1
60646,7
60647,8
60648,7
60649,5
60650,5
60651,1
60652,5
60653,3
60654,1
60655,1
60656,9
60657,1
60658,7
60659,1
60660,3
60661,7
60662,7
60663,5
60664,7
60665,5
60666,10
60667,10
60668,10
60669,5
60670,5
60671,10
60672,10
60673,6
60674,5
60675,4
60676,5
60677,4
60678,5
60679,8
60680,5
60681,4
60682,9
60683,9
60684,9
60685,2
60686,1
60687,1
60688,1
60689,7
60690,2
60691,7
60692,7
60693,2
60694,2
60695,10
60696,10
60697,5
60698,9
60699,4
60700,4
60701,3
60702,1
60703,7
60704,5
60705,10
60706,1
60707,7
60708,5
60709,4
60710,2
60711,5
60712,9
60713,7
60714,7
60715,7
60716,7
60717,10
60718,3
60719,1
60720,5
60721,5
60722,1
60723,3
60724,9
60725,7
60726,5
60727,5
60728,5
60729,5
60730,5
60731,4
60732,4
60733,1
60734,5
60735,1
60736,1
60737,1
60738,6
60739,7
60740,7
60741,7
60742,7
60743,7
60744,2
60745,8
60746,4
60747,2
60748,7
60749,1
60750,9
60751,8
60752,7
60753,9
60754,4
60755,5
60756,3
60757,4
60758,4
60759,4
60760,9
60761,2
60762,2
60763,10
60764,10
60765,10
60766,10
60767,10
60768,7
60769,1
60770,1
60771,6
60772,6
60773,9
60774,1
60775,5
60776,5
60777,10
60778,5
60779,10
60780,5
60781,4
60782,5
60783,2
60784,2
60785,2
60786,9
60787,4
60788,7
60789,1
60790,5
60791,7
60792,1
60793,10
60794,5
60795,4
60796,4
60797,5
60798,9
60799,4
60800,6
60801,6
60802,7
60803,3
60804,1
60805,5
60806,1
60807,5
60808,10
60809,10
60810,5
60811,5
60812,6
60813,4
60814,4
60815,3
60816,7
60817,3
60818,1
60819,5
60820,6
60821,5
60822,1
60823,5
60824,5
60825,1
60826,8
60827,7
60828,10
60829,7
60830,7
60831,7
60832,10
60833,10
60834,10
60835,10
60836,10
60837,10
60838,10
60839,4
60840,4
60841,5
60842,4
60843,5
60844,4
60845,8
60846,4
60847,9
60848,4
60849,5
60850,8
60851,10
60852,4
60853,9
60854,2
60855,9
60856,3
60857,2
60858,9
60859,6
60860,4
60861,7
60862,6
60863,10
60864,10
60865,6
60866,10
60867,10
60868,10
60869,10
60870,10
60871,10
60872,10
60873,6
60874,6
60875,5
60876,6
60877,1
60878,7
60879,7
60880,10
60881,10
60882,5
60883,10
60884,10
60885,4
60886,8
60887,4
60888,5
60889,5
60890,2
60891,10
60892,10
60893,1
60894,7
60895,1
60896,8
60897,9
60898,9
60899,3
60900,5
60901,1
60902,7
60903,5
60904,7
60905,10
60906,10
60907,1
60908,4
60909,5
60910,8
60911,5
60912,5
60913,3
60914,1
60915,7
60916,5
60917,1
60918,7
60919,7
60920,10
60921,5
60922,5
60923,9
60924,2
60925,4
60926,4
60927,2
60928,10
60929,10
60930,9
60931,5
60932,7
60933,5
60934,5
60935,5
60936,5
60937,5
60938,1
60939,7
60940,7
60941,5
60942,1
60943,6
60944,7
60945,8
60946,10
60947,10
60948,10
60949,10
60950,4
60951,5
60952,4
60953,8
60954,6
60955,4
60956,5
60957,10
60958,10
60959,10
60960,7
60961,7
60962,6
60963,5
60964,4
60965,4
60966,6
60967,5
60968,5
60969,3
60970,6
60971,6
60972,4
60973,9
60974,5
60975,9
60976,7
60977,6
60978,10
60979,10
60980,10
60981,5
60982,4
60983,6
60984,4
60985,6
60986,7
60987,5
60988,4
60989,10
60990,10
60991,5
60992,10
60993,4
60994,1
60995,1
60996,1
60997,6
60998,3
60999,7
61000,6
61001,5
61002,7
61003,5
61004,7
61005,5
61006,1
61007,3
61008,3
61009,1
61010,7
61011,4
61012,10
61013,7
61014,9
61015,1
61016,7
61017,1
61018,7
61019,7
61020,7
61021,7
61022,8
61023,7
61024,7
61025,6
61026,4
61027,4
61028,10
61029,8
61030,9
61031,9
61032,5
61033,10
61034,3
61035,9
61036,4
61037,4
61038,8
61039,9
61040,4
61041,4
61042,4
61043,6
61044,4
61045,4
61046,8
61047,7
61048,8
61049,8
61050,9
61051,8
61052,7
61053,9
61054,9
61055,10
61056,10
61057,10
61058,4
61059,10
61060,10
61061,10
61062,10
61063,10
61064,10
61065,10
61066,10
61067,10
61068,10
61069,10
61070,10
61071,10
61072,10
61073,10
61074,10
61075,10
61076,10
61077,10
61078,10
61079,10
61080,7
61081,4
61082,1
61083,2
61084,6
61085,4
61086,8
61087,4
61088,7
61089,6
61090,10
61091,7
61092,7
61093,8
61094,6
61095,5
61096,1
61097,7
61098,5
61099,4
61100,4
61101,5
61102,4
61103,2
61104,2
61105,2
61106,10
61107,5
61108,1
61109,5
61110,5
61111,5
61112,5
61113,5
61114,8
61115,9
61116,9
61117,3
61118,3
61119,3
61120,9
61121,9
61122,1
61123,4
61124,6
61125,4
61126,7
61127,7
61128,7
61129,7
61130,7
61131,5
61132,10
61133,1
61134,10
61135,10
61136,4
61137,4
61138,5
61139,7
61140,3
61141,1
61142,9
61143,6
61144,1
61145,1
61146,7
61147,7
61148,7
61149,7
61150,7
61151,7
61152,7
61153,6
61154,4
61155,5
61156,10
61157,5
61158,10
61159,5
61160,10
61161,6
61162,9
61163,3
61164,3
61165,1
61166,3
61167,1
61168,1
61169,2
61170,6
61171,5
61172,10
61173,1
61174,7
61175,10
61176,5
61177,10
61178,5
61179,9
61180,5
61181,10
61182,10
61183,5
61184,4
61185,4
61186,4
61187,5
61188,4
61189,4
61190,4
61191,9
61192,1
61193,7
61194,4
61195,9
61196,2
61197,4
61198,7
61199,6
61200,7
61201,9
61202,7
61203,7
61204,9
61205,9
61206,3
61207,2
61208,2
61209,2
61210,2
61211,6
61212,2
61213,3
61214,3
61215,3
61216,2
61217,2
61218,6
61219,9
61220,6
61221,1
61222,9
61223,1
61224,1
61225,8
61226,1
61227,10
61228,4
61229,10
61230,10
61231,6
61232,9
61233,8
61234,10
61235,1
61236,8
61237,8
61238,6
61239,6
61240,7
61241,5
61242,1
61243,1
61244,1
61245,6
61246,3
61247,7
61248,7
61249,7
61250,5
61251,7
61252,10
61253,10
61254,5
61255,10
61256,10
61257,4
61258,10
61259,4
61260,8
61261,6
61262,4
61263,7
61264,7
61265,7
61266,10
61267,7
61268,5
61269,1
61270,7
61271,9
61272,7
61273,2
61274,1
61275,10
61276,6
61277,7
61278,2
61279,7
61280,6
61281,2
61282,4
61283,3
61284,5
61285,1
61286,9
61287,1
61288,7
61289,1
61290,10
61291,5
61292,7
61293,5
61294,5
61295,6
61296,7
61297,7
61298,5
61299,4
61300,5
61301,6
61302,7
61303,9
61304,6
61305,1
61306,6
61307,9
61308,8
61309,3
61310,1
61311,7
61312,7
61313,5
61314,4
61315,5
61316,5
61317,10
61318,2
61319,1
61320,9
61321,5
61322,1
61323,1
61324,5
61325,5
61326,5
61327,9
61328,8
61329,7
61330,1
61331,6
61332,3
61333,5
61334,1
61335,5
61336,5
61337,4
61338,4
61339,8
61340,6
61341,3
61342,3
61343,3
61344,5
61345,1
61346,1
61347,1
61348,6
61349,1
61350,1
61351,9
61352,1
61353,1
61354,7
61355,6
61356,7
61357,6
61358,5
61359,5
61360,7
61361,6
61362,7
61363,10
61364,1
61365,5
61366,5
61367,6
61368,10
61369,9
61370,5
61371,10
61372,10
61373,5
61374,5
61375,10
61376,5
61377,8
61378,4
61379,5
61380,9
61381,10
61382,9
61383,3
61384,9
61385,5
61386,7
61387,7
61388,5
61389,5
61390,10
61391,5
61392,5
61393,4
61394,10
61395,5
61396,9
61397,5
61398,1
61399,5
61400,5
61401,8
61402,5
61403,5
61404,3
61405,5
61406,5
61407,3
61408,5
61409,5
61410,5
61411,10
61412,5
61413,1
61414,7
61415,5
61416,5
61417,8
61418,5
61419,5
61420,6
61421,5
61422,5
61423,1
61424,10
61425,2
61426,3
61427,9
61428,3
61429,8
61430,6
61431,6
61432,6
61433,9
61434,3
61435,9
61436,9
61437,8
61438,4
61439,4
61440,4
61441,4
61442,1
61443,1
61444,1
61445,3
61446,6
61447,4
61448,4
61449,9
61450,3
61451,8
61452,3
61453,9
61454,4
61455,5
61456,1
61457,8
61458,1
61459,7
61460,7
61461,9
61462,7
61463,7
61464,7
61465,8
61466,1
61467,7
61468,1
61469,8
61470,7
61471,7
61472,7
61473,7
61474,6
61475,1
61476,7
61477,7
61478,7
61479,1
61480,1
61481,6
61482,7
61483,7
61484,7
61485,5
61486,10
61487,5
61488,10
61489,5
61490,10
61491,7
61492,7
61493,7
61494,1
61495,7
61496,4
61497,1
61498,1
61499,6
61500,1
61501,7
61502,5
61503,7
61504,10
61505,4
61506,7
61507,3
61508,5
61509,6
61510,8
61511,6
61512,10
61513,1
61514,1
61515,7
61516,5
61517,3
61518,9
61519,5
61520,7
61521,5
61522,4
61523,5
61524,4
61525,5
61526,10
61527,4
61528,9
61529,6
61530,7
61531,3
61532,1
61533,1
61534,5
61535,9
61536,6
61537,1
61538,6
61539,5
61540,10
61541,5
61542,7
61543,7
61544,9
61545,5
61546,10
61547,10
61548,5
61549,5
61550,10
61551,10
61552,10
61553,10
61554,4
61555,5
61556,9
61557,6
61558,1
61559,9
61560,5
61561,3
61562,1
61563,10
61564,4
61565,3
61566,1
61567,6
61568,6
61569,10
61570,5
61571,7
61572,5
61573,5
61574,5
61575,4
61576,9
61577,4
61578,7
61579,3
61580,1
61581,5
61582,10
61583,10
61584,5
61585,10
61586,10
61587,9
61588,5
61589,5
61590,9
61591,5
61592,3
61593,7
61594,9
61595,7
61596,10
61597,10
61598,5
61599,5
61600,10
61601,5
61602,7
61603,1
61604,2
61605,2
61606,7
61607,7
61608,2
61609,7
61610,7
61611,7
61612,7
61613,7
61614,2
61615,2
61616,2
61617,9
61618,9
61619,9
61620,9
61621,3
61622,3
61623,6
61624,9
61625,3
61626,5
61627,1
61628,9
61629,3
61630,1
61631,9
61632,10
61633,6
61634,7
61635,5
61636,6
61637,10
61638,9
61639,5
61640,8
61641,4
61642,9
61643,1
61644,8
61645,9
61646,9
61647,5
61648,8
61649,4
61650,3
61651,10
61652,3
61653,4
61654,4
61655,4
61656,4
61657,9
61658,6
61659,4
61660,8
61661,4
61662,7
61663,7
61664,10
61665,5
61666,7
61667,8
61668,6
61669,10
61670,2
61671,2
61672,2
61673,2
61674,2
61675,2
61676,7
61677,10
61678,7
61679,7
61680,7
61681,9
61682,7
61683,7
61684,7
61685,7
61686,7
61687,7
61688,6
61689,6
61690,7
61691,7
61692,7
61693,7
61694,7
61695,7
61696,7
61697,9
61698,3
61699,4
61700,5
61701,1
61702,5
61703,10
61704,10
61705,5
61706,10
61707,4
61708,4
61709,4
61710,6
61711,7
61712,7
61713,3
61714,6
61715,6
61716,1
61717,6
61718,5
61719,7
61720,10
61721,10
61722,4
61723,8
61724,3
61725,5
61726,3
61727,1
61728,6
61729,1
61730,7
61731,6
61732,7
61733,7
61734,5
61735,10
61736,3
61737,6
61738,5
61739,10
61740,6
61741,1
61742,1
61743,1
61744,1
61745,4
61746,7
61747,5
61748,7
61749,5
61750,7
61751,7
61752,4
61753,10
61754,5
61755,10
61756,5
61757,10
61758,5
61759,5
61760,5
61761,5
61762,5
61763,4
61764,4
61765,8
61766,4
61767,4
61768,9
61769,8
61770,4
61771,10
61772,3
61773,4
61774,8
61775,10
61776,10
61777,10
61778,10
61779,4
61780,10
61781,4
61782,8
61783,7
61784,7
61785,1
61786,2
61787,2
61788,2
61789,2
61790,10
61791,10
61792,3
61793,6
61794,4
61795,5
61796,4
61797,6
61798,10
61799,10
61800,3
61801,1
61802,7
61803,4
61804,6
61805,1
61806,5
61807,5
61808,5
61809,10
61810,9
61811,7
61812,6
61813,4
61814,10
61815,7
61816,5
61817,3
61818,1
61819,5
61820,9
61821,7
61822,7
61823,10
61824,9
61825,9
61826,9
61827,9
61828,8
61829,1
61830,1
61831,9
61832,10
61833,6
61834,3
61835,8
61836,6
61837,2
61838,9
61839,2
61840,2
61841,4
61842,6
61843,4
61844,7
61845,7
61846,10
61847,6
61848,10
61849,8
61850,1
61851,7
61852,8
61853,8
61854,2
61855,7
61856,5
61857,2
61858,10
61859,5
61860,10
61861,4
61862,6
61863,10
61864,10
61865,10
61866,6
61867,5
61868,10
61869,5
61870,9
61871,3
61872,3
61873,5
61874,8
61875,4
61876,4
61877,4
61878,1
61879,8
61880,2
61881,4
61882,2
61883,8
61884,2
61885,5
61886,3
61887,6
61888,5
61889,1
61890,1
61891,1
61892,7
61893,7
61894,4
61895,7
61896,10
61897,10
61898,5
61899,5
61900,5
61901,10
61902,5
61903,5
61904,10
61905,5
61906,4
61907,4
61908,5
61909,4
61910,4
61911,2
61912,2
61913,2
61914,10
61915,6
61916,1
61917,10
61918,6
61919,3
61920,1
61921,1
61922,3
61923,5
61924,4
61925,5
61926,4
61927,5
61928,5
61929,4
61930,8
61931,4
61932,4
61933,4
61934,4
61935,4
61936,4
61937,8
61938,8
61939,4
61940,2
61941,4
61942,3
61943,1
61944,5
61945,7
61946,10
61947,5
61948,4
61949,9
61950,1
61951,2
61952,2
61953,8
61954,5
61955,3
61956,6
61957,5
61958,5
61959,4
61960,10
61961,10
61962,5
61963,5
61964,4
61965,2
61966,2
61967,10
61968,10
61969,10
61970,10
61971,10
61972,6
61973,10
61974,10
61975,10
61976,10
61977,10
61978,10
61979,10
61980,10
61981,10
61982,10
61983,10
61984,10
61985,10
61986,9
61987,7
61988,5
61989,10
61990,6
61991,5
61992,4
61993,4
61994,5
61995,3
61996,5
61997,1
61998,7
61999,10
62000,5
62001,5
62002,3
62003,4
62004,4
62005,5
62006,1
62007,10
62008,5
62009,6
62010,4
62011,2
62012,2
62013,3
62014,5
62015,7
62016,10
62017,1
62018,5
62019,5
62020,2
62021,5
62022,1
62023,1
62024,6
62025,5
62026,7
62027,7
62028,10
62029,10
62030,5
62031,5
62032,5
62033,4
62034,4
62035,4
62036,9
62037,4
62038,9
62039,4
62040,9
62041,8
62042,4
62043,4
62044,4
62045,9
62046,7
62047,9
62048,9
62049,9
62050,9
62051,8
62052,8
62053,9
62054,2
62055,5
62056,4
62057,4
62058,6
62059,10
62060,10
62061,10
62062,10
62063,5
62064,10
62065,5
62066,10
62067,5
62068,6
62069,5
62070,1
62071,5
62072,4
62073,2
62074,2
62075,1
62076,8
62077,4
62078,5
62079,2
62080,6
62081,6
62082,6
62083,4
62084,3
62085,6
62086,5
62087,5
62088,10
62089,4
62090,5
62091,5
62092,6
62093,5
62094,5
62095,5
62096,10
62097,10
62098,5
62099,10
62100,10
62101,10
62102,4
62103,4
62104,5
62105,4
62106,4
62107,5
62108,4
62109,5
62110,8
62111,9
62112,10
62113,9
62114,9
62115,4
62116,6
62117,4
62118,9
62119,9
62120,2
62121,9
62122,5
62123,8
62124,3
62125,5
62126,6
62127,5
62128,5
62129,10
62130,4
62131,4
62132,4
62133,5
62134,5
62135,5
62136,10
62137,10
62138,4
62139,10
62140,4
62141,9
62142,9
62143,2
62144,2
62145,5
62146,9
62147,6
62148,10
62149,9
62150,9
62151,9
62152,6
62153,10
62154,10
62155,10
62156,10
62157,5
62158,5
62159,9
62160,3
62161,10
62162,10
62163,10
62164,10
62165,5
62166,1
62167,10
62168,10
62169,8
62170,3
62171,2
62172,5
62173,10
62174,7
62175,2
62176,5
62177,8
62178,2
62179,10
62180,8
62181,4
62182,10
62183,9
62184,5
62185,7
62186,10
62187,10
62188,10
62189,5
62190,5
62191,7
62192,6
62193,1
62194,1
62195,10
62196,5
62197,5
62198,4
62199,10
62200,3
62201,4
62202,5
62203,8
62204,5
62205,10
62206,5
62207,5
62208,5
62209,4
62210,4
62211,5
62212,10
62213,5
62214,9
62215,10
62216,9
62217,2
62218,2
62219,4
62220,9
62221,8
62222,9
62223,5
62224,3
62225,10
62226,10
62227,4
62228,4
62229,2
62230,10
62231,10
62232,6
62233,10
62234,4
62235,2
62236,3
62237,2
62238,7
62239,2
62240,5
62241,2
62242,4
62243,5
62244,8
62245,9
62246,9
62247,10
62248,9
62249,2
62250,5
62251,10
62252,4
62253,4
62254,10
62255,10
62256,2
62257,9
62258,8
62259,4
62260,5
62261,3
62262,10
62263,5
62264,10
62265,10
62266,10
62267,10
62268,5
62269,4
62270,4
62271,4
62272,5
62273,2
62274,9
62275,8
62276,1
62277,2
62278,4
62279,9
62280,10
62281,10
62282,5
62283,10
62284,1
62285,4
62286,5
62287,1
62288,8
62289,9
62290,10
62291,7
62292,5
62293,10
62294,10
62295,8
62296,10
62297,5
62298,5
62299,10
62300,9
62301,5
62302,10
62303,10
62304,7
62305,1
62306,10
62307,6
62308,10
62309,10
62310,10
62311,5
62312,4
62313,5
62314,10
62315,10
62316,2
62317,2
62318,2
62319,2
62320,10
62321,9
62322,10
62323,10
62324,10
62325,10
62326,10
62327,10
62328,8
62329,2
62330,4
62331,5
62332,8
62333,4
62334,3
62335,5
62336,10
62337,10
62338,10
62339,10
62340,4
62341,5
62342,4
62343,10
62344,3
62345,5
62346,1
62347,5
62348,6
62349,7
62350,5
62351,9
62352,5
62353,5
62354,10
62355,10
62356,10
62357,5
62358,10
62359,10
62360,5
62361,5
62362,5
62363,10
62364,10
62365,10
62366,10
62367,4
62368,8
62369,10
62370,8
62371,5
62372,9
62373,2
62374,8
62375,8
62376,3
62377,10
62378,2
62379,9
62380,6
62381,7
62382,9
62383,6
62384,1
62385,4
62386,10
62387,4
62388,4
62389,4
62390,7
62391,10
62392,5
62393,10
62394,5
62395,5
62396,4
62397,2
62398,2
62399,2
62400,2
62401,2
62402,7
62403,10
62404,4
62405,4
62406,1
62407,10
62408,5
62409,10
62410,10
62411,2
62412,4
62413,5
62414,2
62415,4
62416,10
62417,10
62418,10
62419,10
62420,10
62421,6
62422,10
62423,5
62424,1
62425,10
62426,6
62427,6
62428,5
62429,10
62430,7
62431,8
62432,4
62433,4
62434,4
62435,7
62436,6
62437,7
62438,7
62439,8
62440,10
62441,4
62442,5
62443,6
62444,6
62445,10
62446,10
62447,10
62448,10
62449,5
62450,5
62451,10
62452,5
62453,5
62454,2
62455,10
62456,4
62457,10
62458,1
62459,6
62460,9
62461,5
62462,10
62463,4
62464,5
62465,6
62466,10
62467,3
62468,1
62469,1
62470,8
62471,5
62472,9
62473,10
62474,10
62475,10
62476,10
62477,5
62478,5
62479,10
62480,10
62481,5
62482,6
62483,9
62484,4
62485,8
62486,2
62487,8
62488,8
62489,9
62490,3
62491,4
62492,1
62493,3
62494,3
62495,5
62496,10
62497,9
62498,1
62499,8
62500,10
62501,4
62502,6
62503,4
62504,4
62505,8
62506,10
62507,5
62508,4
62509,4
62510,5
62511,10
62512,7
62513,5
62514,10
62515,5
62516,6
62517,5
62518,5
62519,5
62520,7
62521,8
62522,4
62523,2
62524,2
62525,10
62526,10
62527,10
62528,10
62529,10
62530,10
62531,10
62532,6
62533,6
62534,10
62535,6
62536,10
62537,10
62538,10
62539,10
62540,10
62541,10
62542,10
62543,10
62544,10
62545,10
62546,10
62547,10
62548,10
62549,10
62550,10
62551,10
62552,10
62553,10
62554,10
62555,10
62556,10
62557,10
62558,10
62559,1
62560,5
62561,10
62562,10
62563,5
62564,1
62565,7
62566,10
62567,8
62568,10
62569,5
62570,4
62571,5
62572,5
62573,1
62574,9
62575,3
62576,9
62577,8
62578,7
62579,7
62580,7
62581,10
62582,10
62583,10
62584,10
62585,5
62586,10
62587,10
62588,10
62589,10
62590,4
62591,5
62592,9
62593,5
62594,4
62595,5
62596,10
62597,2
62598,10
62599,6
62600,9
62601,10
62602,10
62603,10
62604,10
62605,10
62606,10
62607,7
62608,4
62609,9
62610,10
62611,9
62612,5
62613,5
62614,9
62615,8
62616,10
62617,8
62618,4
62619,1
62620,4
62621,4
62622,10
62623,10
62624,10
62625,4
62626,4
62627,4
62628,5
62629,5
62630,1
62631,4
62632,7
62633,10
62634,5
62635,4
62636,4
62637,6
62638,9
62639,9
62640,9
62641,9
62642,2
62643,9
62644,4
62645,6
62646,4
62647,4
62648,5
62649,6
62650,8
62651,4
62652,6
62653,10
62654,10
62655,8
62656,4
62657,4
62658,7
62659,6
62660,10
62661,8
62662,9
62663,5
62664,7
62665,5
62666,10
62667,9
62668,4
62669,10
62670,4
62671,2
62672,7
62673,10
62674,10
62675,10
62676,5
62677,4
62678,4
62679,1
62680,1
62681,10
62682,10
62683,5
62684,4
62685,8
62686,3
62687,7
62688,1
62689,10
62690,5
62691,1
62692,1
62693,7
62694,9
62695,7
62696,10
62697,10
62698,10
62699,10
62700,1
62701,4
62702,4
62703,4
62704,5
62705,5
62706,8
62707,10
62708,6
62709,8
62710,6
62711,5
62712,5
62713,10
62714,10
62715,10
62716,5
62717,9
62718,4
62719,6
62720,4
62721,4
62722,8
62723,6
62724,10
62725,4
62726,4
62727,8
62728,4
62729,2
62730,9
62731,4
62732,9
62733,9
62734,8
62735,8
62736,2
62737,2
62738,9
62739,4
62740,6
62741,4
62742,4
62743,9
62744,10
62745,9
62746,5
62747,5
62748,10
62749,10
62750,10
62751,1
62752,5
62753,10
62754,5
62755,10
62756,10
62757,1
62758,6
62759,7
62760,2
62761,2
62762,2
62763,10
62764,2
62765,2
62766,9
62767,9
62768,6
62769,10
62770,10
62771,10
62772,10
62773,10
62774,10
62775,10
62776,5
62777,6
62778,2
62779,1
62780,7
62781,5
62782,10
62783,5
62784,8
62785,4
62786,4
62787,10
62788,4
62789,6
62790,7
62791,9
62792,4
62793,4
62794,5
62795,1
62796,5
62797,10
62798,5
62799,6
62800,9
62801,5
62802,2
62803,9
62804,2
62805,2
62806,2
62807,9
62808,5
62809,3
62810,9
62811,1
62812,1
62813,7
62814,5
62815,6
62816,10
62817,5
62818,10
62819,10
62820,5
62821,10
62822,5
62823,10
62824,8
62825,4
62826,5
62827,4
62828,10
62829,5
62830,5
62831,3
62832,8
62833,3
62834,2
62835,8
62836,8
62837,5
62838,6
62839,1
62840,6
62841,7
62842,7
62843,5
62844,10
62845,5
62846,10
62847,4
62848,5
62849,4
62850,4
62851,4
62852,8
62853,6
62854,8
62855,4
62856,10
62857,4
62858,9
62859,4
62860,5
62861,5
62862,5
62863,1
62864,5
62865,2
62866,9
62867,2
62868,9
62869,5
62870,5
62871,5
62872,5
62873,2
62874,10
62875,5
62876,5
62877,2
62878,4
62879,5
62880,10
62881,9
62882,10
62883,10
62884,10
62885,10
62886,8
62887,10
62888,9
62889,8
62890,5
62891,7
62892,1
62893,10
62894,5
62895,1
62896,7
62897,5
62898,7
62899,5
62900,10
62901,10
62902,10
62903,4
62904,4
62905,5
62906,8
62907,5
62908,5
62909,5
62910,10
62911,10
62912,9
62913,9
62914,4
62915,9
62916,2
62917,4
62918,5
62919,10
62920,6
62921,6
62922,3
62923,10
62924,2
62925,5
62926,8
62927,4
62928,5
62929,1
62930,5
62931,5
62932,4
62933,5
62934,2
62935,5
62936,7
62937,7
62938,5
62939,5
62940,10
62941,10
62942,10
62943,5
62944,10
62945,4
62946,6
62947,10
62948,5
62949,10
62950,10
62951,3
62952,10
62953,7
62954,4
62955,1
62956,10
62957,10
62958,4
62959,10
62960,8
62961,9
62962,8
62963,4
62964,2
62965,6
62966,3
62967,9
62968,8
62969,2
62970,1
62971,7
62972,10
62973,5
62974,7
62975,1
62976,7
62977,4
62978,8
62979,10
62980,3
62981,1
62982,1
62983,10
62984,10
62985,5
62986,10
62987,9
62988,4
62989,4
62990,6
62991,3
62992,3
62993,10
62994,10
62995,10
62996,2
62997,3
62998,1
62999,10
63000,5
63001,2
63002,9
63003,10
63004,10
63005,9
63006,8
63007,1
63008,9
63009,7
63010,10
63011,8
63012,9
63013,9
63014,7
63015,6
63016,5
63017,10
63018,6
63019,5
63020,10
63021,4
63022,5
63023,4
63024,4
63025,5
63026,5
63027,3
63028,5
63029,5
63030,3
63031,10
63032,4
63033,5
63034,10
63035,4
63036,1
63037,5
63038,10
63039,5
63040,5
63041,1
63042,10
63043,10
63044,8
63045,5
63046,7
63047,7
63048,5
63049,6
63050,5
63051,6
63052,2
63053,7
63054,3
63055,3
63056,3
63057,1
63058,5
63059,1
63060,7
63061,3
63062,1
63063,1
63064,5
63065,10
63066,5
63067,10
63068,10
63069,10
63070,4
63071,5
63072,5
63073,10
63074,4
63075,6
63076,5
63077,10
63078,5
63079,8
63080,4
63081,4
63082,4
63083,2
63084,10
63085,3
63086,5
63087,7
63088,10
63089,8
63090,5
63091,10
63092,5
63093,8
63094,4
63095,3
63096,1
63097,3
63098,7
63099,7
63100,3
63101,5
63102,10
63103,8
63104,5
63105,7
63106,5
63107,5
63108,6
63109,10
63110,5
63111,5
63112,9
63113,4
63114,8
63115,4
63116,4
63117,5
63118,4
63119,8
63120,8
63121,3
63122,9
63123,8
63124,10
63125,7
63126,1
63127,10
63128,7
63129,7
63130,9
63131,6
63132,10
63133,10
63134,4
63135,4
63136,4
63137,4
63138,10
63139,8
63140,7
63141,1
63142,6
63143,1
63144,5
63145,5
63146,5
63147,4
63148,6
63149,4
63150,7
63151,7
63152,5
63153,10
63154,10
63155,5
63156,3
63157,6
63158,5
63159,5
63160,5
63161,8
63162,9
63163,5
63164,7
63165,7
63166,10
63167,6
63168,8
63169,4
63170,10
63171,10
63172,10
63173,10
63174,10
63175,10
63176,10
63177,10
63178,10
63179,6
63180,10
63181,10
63182,10
63183,6
63184,10
63185,10
63186,10
63187,10
63188,10
63189,10
63190,7
63191,6
63192,3
63193,5
63194,5
63195,5
63196,5
63197,5
63198,4
63199,4
63200,4
63201,1
63202,5
63203,9
63204,5
63205,5
63206,5
63207,10
63208,4
63209,4
63210,9
63211,4
63212,4
63213,9
63214,10
63215,10
63216,4
63217,1
63218,3
63219,10
63220,10
63221,5
63222,6
63223,10
63224,5
63225,5
63226,3
63227,5
63228,3
63229,7
63230,7
63231,10
63232,5
63233,5
63234,5
63235,5
63236,5
63237,5
63238,3
63239,1
63240,3
63241,5
63242,4
63243,1
63244,1
63245,7
63246,7
63247,10
63248,10
63249,10
63250,10
63251,10
63252,10
63253,10
63254,10
63255,10
63256,10
63257,9
63258,10
63259,1
63260,6
63261,8
63262,5
63263,4
63264,4
63265,5
63266,4
63267,2
63268,2
63269,8
63270,8
63271,9
63272,8
63273,8
63274,7
63275,5
63276,10
63277,8
63278,5
63279,5
63280,5
63281,3
63282,7
63283,5
63284,5
63285,5
63286,7
63287,7
63288,3
63289,3
63290,5
63291,8
63292,4
63293,1
63294,7
63295,10
63296,5
63297,4
63298,9
63299,3
63300,10
63301,7
63302,1
63303,3
63304,9
63305,8
63306,7
63307,6
63308,7
63309,3
63310,5
63311,5
63312,9
63313,5
63314,3
63315,8
63316,7
63317,8
63318,7
63319,7
63320,3
63321,6
63322,5
63323,5
63324,5
63325,10
63326,10
63327,9
63328,10
63329,2
63330,3
63331,9
63332,3
63333,5
63334,3
63335,9
63336,6
63337,8
63338,1
63339,1
63340,5
63341,3
63342,6
63343,7
63344,7
63345,5
63346,7
63347,5
63348,5
63349,8
63350,10
63351,10
63352,10
63353,5
63354,10
63355,5
63356,6
63357,10
63358,10
63359,2
63360,2
63361,2
63362,4
63363,8
63364,4
63365,7
63366,10
63367,7
63368,7
63369,5
63370,6
63371,5
63372,8
63373,10
63374,9
63375,9
63376,9
63377,10
63378,9
63379,1
63380,3
63381,1
63382,6
63383,6
63384,6
63385,4
63386,1
63387,8
63388,8
63389,4
63390,4
63391,1
63392,8
63393,1
63394,5
63395,1
63396,9
63397,5
63398,10
63399,10
63400,10
63401,10
63402,5
63403,9
63404,4
63405,4
63406,4
63407,4
63408,3
63409,10
63410,5
63411,5
63412,5
63413,4
63414,5
63415,7
63416,7
63417,7
63418,1
63419,7
63420,7
63421,10
63422,8
63423,10
63424,8
63425,8
63426,4
63427,10
63428,4
63429,9
63430,4
63431,7
63432,5
63433,10
63434,4
63435,4
63436,2
63437,10
63438,7
63439,7
63440,7
63441,7
63442,7
63443,10
63444,7
63445,7
63446,7
63447,7
63448,9
63449,10
63450,10
63451,6
63452,2
63453,7
63454,4
63455,8
63456,7
63457,7
63458,10
63459,10
63460,7
63461,2
63462,4
63463,9
63464,2
63465,9
63466,2
63467,2
63468,6
63469,4
63470,6
63471,5
63472,1
63473,8
63474,1
63475,4
63476,5
63477,1
63478,5
63479,10
63480,10
63481,4
63482,4
63483,8
63484,9
63485,2
63486,5
63487,3
63488,8
63489,6
63490,8
63491,1
63492,8
63493,6
63494,1
63495,3
63496,6
63497,10
63498,10
63499,10
63500,6
63501,7
63502,10
63503,4
63504,5
63505,7
63506,10
63507,7
63508,6
63509,7
63510,1
63511,1
63512,1
63513,2
63514,7
63515,6
63516,7
63517,2
63518,10
63519,5
63520,10
63521,10
63522,2
63523,6
63524,7
63525,5
63526,9
63527,8
63528,1
63529,3
63530,8
63531,4
63532,4
63533,9
63534,7
63535,10
63536,8
63537,3
63538,8
63539,9
63540,4
63541,4
63542,4
63543,5
63544,1
63545,5
63546,5
63547,1
63548,5
63549,6
63550,2
63551,5
63552,7
63553,9
63554,5
63555,5
63556,4
63557,4
63558,5
63559,4
63560,4
63561,8
63562,1
63563,10
63564,8
63565,7
63566,8
63567,5
63568,9
63569,1
63570,1
63571,5
63572,7
63573,6
63574,5
63575,7
63576,10
63577,5
63578,5
63579,5
63580,4
63581,8
63582,4
63583,2
63584,2
63585,2
63586,8
63587,7
63588,1
63589,5
63590,3
63591,1
63592,7
63593,5
63594,5
63595,7
63596,3
63597,9
63598,5
63599,5
63600,10
63601,10
63602,7
63603,5
63604,4
63605,7
63606,9
63607,8
63608,1
63609,1
63610,4
63611,9
63612,8
63613,4
63614,10
63615,1
63616,7
63617,6
63618,7
63619,3
63620,7
63621,6
63622,1
63623,7
63624,6
63625,4
63626,4
63627,9
63628,6
63629,6
63630,8
63631,7
63632,6
63633,7
63634,9
63635,4
63636,9
63637,4
63638,7
63639,7
63640,7
63641,5
63642,3
63643,5
63644,1
63645,1
63646,8
63647,2
63648,7
63649,7
63650,7
63651,2
63652,4
63653,8
63654,5
63655,9
63656,7
63657,2
63658,3
63659,10
63660,7
63661,4
63662,9
63663,6
63664,5
63665,7
63666,7
63667,5
63668,10
63669,9
63670,9
63671,7
63672,7
63673,9
63674,6
63675,7
63676,1
63677,1
63678,9
63679,4
63680,5
63681,4
63682,9
63683,4
63684,5
63685,8
63686,7
63687,8
63688,4
63689,4
63690,10
63691,10
63692,7
63693,3
63694,6
63695,7
63696,7
63697,6
63698,5
63699,5
63700,4
63701,5
63702,3
63703,1
63704,7
63705,1
63706,7
63707,5
63708,10
63709,4
63710,4
63711,5
63712,1
63713,5
63714,1
63715,9
63716,4
63717,5
63718,7
63719,7
63720,5
63721,6
63722,10
63723,9
63724,9
63725,9
63726,4
63727,10
63728,5
63729,1
63730,7
63731,7
63732,4
63733,10
63734,5
63735,9
63736,7
63737,2
63738,9
63739,5
63740,7
63741,9
63742,2
63743,3
63744,6
63745,2
63746,1
63747,4
63748,3
63749,1
63750,2
63751,2
63752,9
63753,7
63754,7
63755,7
63756,6
63757,7
63758,7
63759,1
63760,1
63761,1
63762,1
63763,1
63764,7
63765,7
63766,5
63767,10
63768,5
63769,7
63770,10
63771,6
63772,2
63773,10
63774,10
63775,9
63776,6
63777,1
63778,1
63779,3
63780,1
63781,7
63782,6
63783,5
63784,7
63785,7
63786,7
63787,4
63788,3
63789,8
63790,10
63791,6
63792,1
63793,7
63794,5
63795,7
63796,9
63797,2
63798,9
63799,4
63800,3
63801,9
63802,3
63803,5
63804,7
63805,5
63806,1
63807,3
63808,6
63809,10
63810,10
63811,10
63812,8
63813,3
63814,5
63815,7
63816,1
63817,10
63818,4
63819,5
63820,7
63821,7
63822,7
63823,2
63824,7
63825,6
63826,5
63827,7
63828,8
63829,4
63830,4
63831,7
63832,5
63833,3
63834,7
63835,1
63836,5
63837,5
63838,7
63839,8
63840,3
63841,10
63842,5
63843,5
63844,10
63845,1
63846,7
63847,5
63848,5
63849,10
63850,1
63851,7
63852,5
63853,10
63854,5
63855,5
63856,5
63857,1
63858,3
63859,1
63860,7
63861,5
63862,7
63863,5
63864,10
63865,4
63866,7
63867,7
63868,7
63869,4
63870,4
63871,10
63872,10
63873,7
63874,10
63875,10
63876,10
63877,10
63878,7
63879,9
63880,6
63881,9
63882,7
63883,5
63884,2
63885,9
63886,9
63887,9
63888,7
63889,2
63890,9
63891,1
63892,9
63893,9
63894,9
63895,4
63896,2
63897,2
63898,7
63899,9
63900,6
63901,6
63902,7
63903,8
63904,6
63905,1
63906,6
63907,9
63908,9
63909,4
63910,9
63911,5
63912,7
63913,6
63914,10
63915,2
63916,4
63917,6
63918,8
63919,8
63920,4
63921,6
63922,3
63923,8
63924,1
63925,7
63926,7
63927,1
63928,1
63929,4
63930,1
63931,7
63932,7
63933,7
63934,1
63935,4
63936,7
63937,6
63938,5
63939,7
63940,6
63941,5
63942,5
63943,1
63944,10
63945,4
63946,7
63947,7
63948,7
63949,7
63950,1
63951,7
63952,7
63953,6
63954,7
63955,6
63956,7
63957,1
63958,7
63959,7
63960,7
63961,2
63962,2
63963,2
63964,8
63965,2
63966,4
63967,2
63968,10
63969,7
63970,6
63971,1
63972,1
63973,5
63974,2
63975,2
63976,10
63977,2
63978,1
63979,10
63980,5
63981,2
63982,4
63983,4
63984,4
63985,8
63986,2
63987,9
63988,10
63989,2
63990,4
63991,6
63992,9
63993,7
63994,3
63995,5
63996,3
63997,1
63998,4
63999,8
64000,9
64001,4
64002,7
64003,1
64004,5
64005,5
64006,7
64007,10
64008,10
64009,10
64010,2
64011,6
64012,2
64013,3
64014,9
64015,6
64016,6
64017,10
64018,5
64019,1
64020,9
64021,10
64022,9
64023,8
64024,5
64025,10
64026,5
64027,10
64028,7
64029,6
64030,1
64031,5
64032,7
64033,5
64034,4
64035,7
64036,5
64037,1
64038,10
64039,5
64040,10
64041,5
64042,9
64043,4
64044,4
64045,4
64046,4
64047,4
64048,2
64049,9
64050,8
64051,10
64052,8
64053,3
64054,6
64055,1
64056,7
64057,9
64058,5
64059,5
64060,3
64061,6
64062,5
64063,3
64064,1
64065,5
64066,9
64067,1
64068,1
64069,5
64070,4
64071,4
64072,5
64073,4
64074,9
64075,9
64076,4
64077,4
64078,6
64079,3
64080,1
64081,2
64082,2
64083,3
64084,10
64085,6
64086,10
64087,10
64088,6
64089,10
64090,7
64091,7
64092,6
64093,1
64094,7
64095,7
64096,1
64097,7
64098,7
64099,9
64100,1
64101,1
64102,2
64103,6
64104,7
64105,1
64106,3
64107,10
64108,5
64109,5
64110,5
64111,4
64112,4
64113,4
64114,9
64115,3
64116,10
64117,4
64118,5
64119,6
64120,4
64121,9
64122,8
64123,8
64124,4
64125,3
64126,6
64127,5
64128,3
64129,5
64130,5
64131,1
64132,5
64133,10
64134,5
64135,9
64136,10
64137,5
64138,4
64139,9
64140,4
64141,3
64142,2
64143,2
64144,7
64145,9
64146,7
64147,7
64148,1
64149,2
64150,2
64151,1
64152,1
64153,2
64154,4
64155,5
64156,5
64157,3
64158,8
64159,1
64160,3
64161,2
64162,2
64163,7
64164,5
64165,10
64166,10
64167,10
64168,4
64169,4
64170,10
64171,10
64172,10
64173,3
64174,4
64175,9
64176,4
64177,7
64178,6
64179,5
64180,5
64181,5
64182,5
64183,6
64184,1
64185,8
64186,1
64187,5
64188,1
64189,5
64190,5
64191,5
64192,5
64193,10
64194,5
64195,2
64196,5
64197,5
64198,10
64199,10
64200,4
64201,9
64202,4
64203,5
64204,10
64205,9
64206,5
64207,10
64208,1
64209,5
64210,5
64211,1
64212,5
64213,7
64214,9
64215,2
64216,2
64217,2
64218,9
64219,4
64220,5
64221,3
64222,10
64223,6
64224,4
64225,10
64226,10
64227,4
64228,4
64229,5
64230,4
64231,4
64232,1
64233,5
64234,7
64235,2
64236,6
64237,7
64238,10
64239,5
64240,10
64241,10
64242,6
64243,10
64244,10
64245,10
64246,10
64247,4
64248,5
64249,4
64250,6
64251,8
64252,3
64253,1
64254,1
64255,1
64256,10
64257,6
64258,1
64259,4
64260,7
64261,7
64262,7
64263,7
64264,5
64265,1
64266,5
64267,1
64268,1
64269,8
64270,10
64271,6
64272,4
64273,8
64274,10
64275,3
64276,8
64277,3
64278,3
64279,1
64280,10
64281,10
64282,6
64283,4
64284,1
64285,1
64286,5
64287,9
64288,3
64289,5
64290,1
64291,7
64292,10
64293,10
64294,5
64295,10
64296,10
64297,3
64298,1
64299,1
64300,1
64301,1
64302,1
64303,1
64304,5
64305,1
64306,4
64307,7
64308,7
64309,5
64310,7
64311,7
64312,5
64313,10
64314,10
64315,1
64316,5
64317,10
64318,5
64319,5
64320,10
64321,10
64322,5
64323,8
64324,5
64325,4
64326,6
64327,9
64328,10
64329,6
64330,5
64331,7
64332,6
64333,6
64334,4
64335,8
64336,4
64337,4
64338,4
64339,1
64340,10
64341,9
64342,3
64343,10
64344,1
64345,5
64346,5
64347,2
64348,2
64349,2
64350,3
64351,3
64352,5
64353,9
64354,1
64355,5
64356,5
64357,10
64358,5
64359,5
64360,3
64361,6
64362,8
64363,6
64364,1
64365,8
64366,1
64367,1
64368,3
64369,1
64370,4
64371,4
64372,4
64373,4
64374,8
64375,4
64376,9
64377,4
64378,8
64379,7
64380,7
64381,7
64382,7
64383,5
64384,1
64385,3
64386,10
64387,10
64388,5
64389,10
64390,5
64391,5
64392,3
64393,3
64394,9
64395,4
64396,10
64397,6
64398,8
64399,9
64400,1
64401,6
64402,4
64403,10
64404,10
64405,10
64406,10
64407,10
64408,10
64409,8
64410,10
64411,10
64412,10
64413,10
64414,10
64415,10
64416,10
64417,10
64418,10
64419,10
64420,10
64421,10
64422,1
64423,5
64424,2
64425,4
64426,8
64427,5
64428,8
64429,5
64430,10
64431,3
64432,3
64433,9
64434,2
64435,4
64436,9
64437,1
64438,7
64439,5
64440,10
64441,5
64442,10
64443,5
64444,5
64445,1
64446,3
64447,5
64448,10
64449,5
64450,5
64451,5
64452,9
64453,5
64454,4
64455,4
64456,8
64457,9
64458,2
64459,2
64460,9
64461,4
64462,1
64463,7
64464,7
64465,5
64466,4
64467,4
64468,5
64469,8
64470,10
64471,5
64472,9
64473,5
64474,4
64475,5
64476,10
64477,5
64478,10
64479,5
64480,4
64481,8
64482,7
64483,9
64484,7
64485,4
64486,4
64487,4
64488,1
64489,1
64490,7
64491,2
64492,4
64493,8
64494,4
64495,5
64496,6
64497,7
64498,2
64499,7
64500,7
64501,7
64502,10
64503,8
64504,6
64505,10
64506,9
64507,9
64508,6
64509,6
64510,9
64511,10
64512,10
64513,8
64514,1
64515,1
64516,5
64517,6
64518,4
64519,5
64520,5
64521,5
64522,9
64523,1
64524,1
64525,7
64526,5
64527,7
64528,5
64529,6
64530,10
64531,10
64532,5
64533,9
64534,8
64535,2
64536,2
64537,8
64538,3
64539,4
64540,9
64541,8
64542,7
64543,5
64544,4
64545,5
64546,9
64547,5
64548,5
64549,6
64550,1
64551,5
64552,6
64553,7
64554,7
64555,7
64556,5
64557,10
64558,5
64559,10
64560,5
64561,1
64562,5
64563,5
64564,10
64565,7
64566,5
64567,8
64568,4
64569,5
64570,9
64571,4
64572,3
64573,5
64574,10
64575,10
64576,4
64577,9
64578,1
64579,7
64580,7
64581,9
64582,7
64583,9
64584,9
64585,9
64586,1
64587,7
64588,8
64589,8
64590,8
64591,7
64592,4
64593,1
64594,9
64595,9
64596,3
64597,8
64598,6
64599,8
64600,9
64601,9
64602,9
64603,4
64604,8
64605,5
64606,4
64607,10
64608,4
64609,3
64610,5
64611,1
64612,1
64613,6
64614,7
64615,5
64616,10
64617,10
64618,5
64619,10
64620,4
64621,1
64622,6
64623,5
64624,6
64625,7
64626,9
64627,7
64628,6
64629,7
64630,7
64631,10
64632,5
64633,5
64634,5
64635,5
64636,4
64637,8
64638,2
64639,1
64640,7
64641,7
64642,8
64643,7
64644,1
64645,6
64646,2
64647,4
64648,4
64649,5
64650,4
64651,9
64652,1
64653,8
64654,9
64655,1
64656,1
64657,1
64658,1
64659,6
64660,1
64661,8
64662,6
64663,9
64664,10
64665,5
64666,10
64667,4
64668,4
64669,6
64670,5
64671,5
64672,1
64673,1
64674,9
64675,10
64676,4
64677,4
64678,5
64679,3
64680,6
64681,9
64682,6
64683,6
64684,1
64685,6
64686,3
64687,4
64688,4
64689,6
64690,1
64691,1
64692,10
64693,4
64694,5
64695,1
64696,6
64697,7
64698,7
64699,5
64700,5
64701,4
64702,7
64703,2
64704,1
64705,5
64706,1
64707,1
64708,7
64709,5
64710,5
64711,4
64712,7
64713,10
64714,5
64715,9
64716,2
64717,2
64718,9
64719,1
64720,4
64721,1
64722,1
64723,4
64724,10
64725,1
64726,6
64727,1
64728,1
64729,1
64730,5
64731,7
64732,5
64733,10
64734,5
64735,4
64736,4
64737,2
64738,9
64739,9
64740,3
64741,8
64742,3
64743,1
64744,1
64745,6
64746,8
64747,2
64748,6
64749,6
64750,4
64751,8
64752,4
64753,6
64754,5
64755,9
64756,5
64757,1
64758,4
64759,7
64760,7
64761,1
64762,7
64763,10
64764,5
64765,10
64766,10
64767,10
64768,7
64769,7
64770,5
64771,1
64772,7
64773,10
64774,10
64775,5
64776,7
64777,2
64778,3
64779,4
64780,9
64781,2
64782,2
64783,6
64784,1
64785,10
64786,5
64787,5
64788,10
64789,4
64790,5
64791,4
64792,8
64793,4
64794,9
64795,2
64796,1
64797,9
64798,9
64799,2
64800,3
64801,3
64802,8
64803,1
64804,6
64805,3
64806,6
64807,1
64808,1
64809,7
64810,5
64811,4
64812,1
64813,1
64814,10
64815,7
64816,9
64817,5
64818,5
64819,2
64820,8
64821,1
64822,1
64823,10
64824,3
64825,3
64826,1
64827,3
64828,3
64829,6
64830,1
64831,3
64832,7
64833,10
64834,4
64835,4
64836,6
64837,1
64838,5
64839,5
64840,1
64841,10
64842,5
64843,5
64844,10
64845,5
64846,10
64847,5
64848,10
64849,5
64850,6
64851,4
64852,5
64853,5
64854,4
64855,9
64856,5
64857,4
64858,4
64859,3
64860,3
64861,7
64862,4
64863,1
64864,3
64865,1
64866,1
64867,4
64868,4
64869,9
64870,1
64871,10
64872,6
64873,10
64874,3
64875,5
64876,5
64877,5
64878,1
64879,1
64880,5
64881,5
64882,10
64883,4
64884,6
64885,4
64886,4
64887,1
64888,9
64889,7
64890,6
64891,1
64892,6
64893,7
64894,7
64895,5
64896,10
64897,5
64898,4
64899,4
64900,1
64901,2
64902,4
64903,8
64904,8
64905,8
64906,2
64907,3
64908,4
64909,3
64910,10
64911,10
64912,4
64913,4
64914,5
64915,5
64916,10
64917,6
64918,6
64919,7
64920,10
64921,10
64922,5
64923,5
64924,10
64925,5
64926,5
64927,4
64928,8
64929,4
64930,8
64931,5
64932,7
64933,7
64934,2
64935,7
64936,7
64937,7
64938,7
64939,7
64940,9
64941,4
64942,8
64943,8
64944,1
64945,1
64946,1
64947,1
64948,1
64949,7
64950,1
64951,7
64952,5
64953,7
64954,6
64955,10
64956,10
64957,5
64958,2
64959,5
64960,2
64961,1
64962,2
64963,9
64964,6
64965,7
64966,7
64967,9
64968,9
64969,4
64970,7
64971,6
64972,5
64973,7
64974,1
64975,1
64976,6
64977,1
64978,5
64979,4
64980,1
64981,5
64982,5
64983,5
64984,9
64985,10
64986,4
64987,4
64988,9
64989,9
64990,1
64991,1
64992,6
64993,1
64994,6
64995,1
64996,4
64997,1
64998,6
64999,2
65000,9
65001,5
65002,4
65003,5
65004,3
65005,1
65006,1
65007,5
65008,1
65009,7
65010,7
65011,5
65012,7
65013,5
65014,5
65015,10
65016,5
65017,4
65018,5
65019,5
65020,7
65021,7
65022,7
65023,2
65024,6
65025,7
65026,7
65027,1
65028,1
65029,10
65030,7
65031,5
65032,4
65033,4
65034,10
65035,10
65036,10
65037,4
65038,7
65039,1
65040,7
65041,7
65042,7
65043,7
65044,6
65045,7
65046,1
65047,9
65048,7
65049,1
65050,6
65051,1
65052,1
65053,7
65054,7
65055,9
65056,8
65057,9
65058,9
65059,3
65060,2
65061,9
65062,6
65063,3
65064,1
65065,1
65066,1
65067,7
65068,1
65069,3
65070,4
65071,6
65072,1
65073,5
65074,7
65075,6
65076,7
65077,7
65078,10
65079,10
65080,4
65081,4
65082,4
65083,9
65084,3
65085,3
65086,10
65087,5
65088,10
65089,4
65090,4
65091,4
65092,1
65093,1
65094,8
65095,2
65096,2
65097,1
65098,5
65099,1
65100,5
65101,10
65102,7
65103,4
65104,2
65105,4
65106,6
65107,10
65108,4
65109,1
65110,1
65111,1
65112,4
65113,5
65114,7
65115,6
65116,10
65117,10
65118,9
65119,10
65120,4
65121,8
65122,5
65123,1
65124,5
65125,5
65126,5
65127,10
65128,5
65129,8
65130,6
65131,3
65132,7
65133,4
65134,1
65135,7
65136,5
65137,6
65138,5
65139,7
65140,10
65141,10
65142,10
65143,10
65144,4
65145,5
65146,4
65147,4
65148,10
65149,5
65150,5
65151,10
65152,6
65153,3
65154,1
65155,7
65156,10
65157,5
65158,10
65159,5
65160,5
65161,7
65162,8
65163,7
65164,5
65165,5
65166,7
65167,7
65168,4
65169,4
65170,4
65171,7
65172,10
65173,7
65174,1
65175,4
65176,4
65177,7
65178,3
65179,8
65180,2
65181,6
65182,9
65183,7
65184,9
65185,2
65186,6
65187,5
65188,1
65189,7
65190,6
65191,5
65192,10
65193,10
65194,7
65195,7
65196,7
65197,7
65198,6
65199,5
65200,7
65201,10
65202,4
65203,3
65204,1
65205,1
65206,3
65207,1
65208,7
65209,5
65210,5
65211,10
65212,5
65213,5
65214,10
65215,10
65216,9
65217,10
65218,5
65219,4
65220,4
65221,5
65222,6
65223,1
65224,5
65225,4
65226,5
65227,10
65228,10
65229,9
65230,3
65231,1
65232,5
65233,5
65234,1
65235,10
65236,5
65237,5
65238,5
65239,10
65240,10
65241,4
65242,6
65243,1
65244,1
65245,5
65246,9
65247,7
65248,2
65249,9
65250,10
65251,10
65252,9
65253,9
65254,4
65255,1
65256,10
65257,1
65258,3
65259,6
65260,10
65261,10
65262,10
65263,7
65264,7
65265,9
65266,7
65267,1
65268,7
65269,7
65270,6
65271,5
65272,10
65273,6
65274,4
65275,5
65276,10
65277,7
65278,7
65279,3
65280,1
65281,1
65282,5
65283,10
65284,1
65285,10
65286,1
65287,5
65288,5
65289,6
65290,7
65291,5
65292,1
65293,5
65294,7
65295,7
65296,6
65297,5
65298,10
65299,10
65300,5
65301,10
65302,5
65303,10
65304,10
65305,4
65306,5
65307,5
65308,4
65309,2
65310,1
65311,6
65312,6
65313,6
65314,1
65315,1
65316,10
65317,1
65318,10
65319,2
65320,2
65321,2
65322,2
65323,2
65324,1
65325,2
65326,8
65327,10
65328,9
65329,8
65330,2
65331,6
65332,10
65333,9
65334,9
65335,4
65336,4
65337,10
65338,9
65339,4
65340,10
65341,10
65342,6
65343,10
65344,3
65345,1
65346,7
65347,8
65348,7
65349,5
65350,5
65351,10
65352,10
65353,5
65354,10
65355,10
65356,9
65357,1
65358,5
65359,7
65360,5
65361,5
65362,10
65363,5
65364,10
65365,3
65366,5
65367,1
65368,5
65369,6
65370,5
65371,10
65372,4
65373,10
65374,9
65375,2
65376,8
65377,2
65378,9
65379,1
65380,10
65381,2
65382,2
65383,2
65384,9
65385,9
65386,7
65387,7
65388,7
65389,2
65390,2
65391,7
65392,10
65393,7
65394,7
65395,7
65396,1
65397,6
65398,7
65399,7
65400,6
65401,1
65402,1
65403,10
65404,6
65405,5
65406,2
65407,2
65408,10
65409,6
65410,5
65411,7
65412,7
65413,7
65414,5
65415,10
65416,10
65417,10
65418,10
65419,5
65420,10
65421,5
65422,4
65423,5
65424,4
65425,4
65426,8
65427,4
65428,10
65429,9
65430,9
65431,9
65432,10
65433,10
65434,7
65435,6
65436,6
65437,1
65438,10
65439,5
65440,9
65441,5
65442,1
65443,10
65444,8
65445,4
65446,9
65447,9
65448,3
65449,1
65450,6
65451,2
65452,4
65453,5
65454,7
65455,8
65456,4
65457,10
65458,8
65459,8
65460,9
65461,4
65462,4
65463,4
65464,10
65465,7
65466,10
65467,5
65468,8
65469,9
65470,5
65471,1
65472,7
65473,5
65474,10
65475,4
65476,7
65477,10
65478,10
65479,10
65480,3
65481,2
65482,2
65483,10
65484,1
65485,5
65486,1
65487,7
65488,10
65489,10
65490,8
65491,2
65492,8
65493,1
65494,7
65495,10
65496,4
65497,10
65498,10
65499,9
65500,9
65501,2
65502,2
65503,2
65504,9
65505,8
65506,9
65507,9
65508,9
65509,9
65510,10
65511,2
65512,5
65513,6
65514,1
65515,3
65516,5
65517,9
65518,6
65519,1
65520,1
65521,1
65522,7
65523,5
65524,5
65525,7
65526,1
65527,7
65528,6
65529,5
65530,7
65531,10
65532,10
65533,10
65534,4
65535,10
65536,10
65537,3
65538,8
65539,2
65540,6
65541,6
65542,8
65543,8
65544,9
65545,9
65546,9
65547,9
65548,8
65549,4
65550,1
65551,1
65552,8
65553,10
65554,10
65555,6
65556,10
65557,7
65558,10
65559,10
65560,6
65561,10
65562,4
65563,10
65564,3
65565,6
65566,8
65567,7
65568,3
65569,9
65570,8
65571,6
65572,1
65573,1
65574,1
65575,1
65576,10
65577,3
65578,4
65579,4
65580,10
65581,8
65582,4
65583,4
65584,4
65585,4
65586,4
65587,4
65588,4
65589,4
65590,1
65591,6
65592,6
65593,5
65594,9
65595,4
65596,4
65597,4
65598,9
65599,5
65600,4
65601,5
65602,2
65603,1
65604,1
65605,5
65606,10
65607,10
65608,4
65609,4
65610,4
65611,1
65612,7
65613,5
65614,1
65615,6
65616,9
65617,6
65618,8
65619,7
65620,7
65621,7
65622,9
65623,9
65624,9
65625,10
65626,7
65627,1
65628,5
65629,5
65630,7
65631,8
65632,5
65633,10
65634,10
65635,10
65636,10
65637,10
65638,5
65639,10
65640,1
65641,4
65642,5
65643,4
65644,3
65645,10
65646,2
65647,2
65648,10
65649,5
65650,3
65651,3
65652,1
65653,10
65654,3
65655,10
65656,10
65657,1
65658,10
65659,10
65660,10
65661,10
65662,10
65663,1
65664,10
65665,5
65666,5
65667,9
65668,10
65669,4
65670,9
65671,6
65672,1
65673,6
65674,1
65675,4
65676,6
65677,9
65678,8
65679,6
65680,1
65681,10
65682,1
65683,4
65684,4
65685,8
65686,10
65687,4
65688,7
65689,6
65690,7
65691,4
65692,7
65693,7
65694,7
65695,9
65696,2
65697,2
65698,3
65699,4
65700,8
65701,9
65702,6
65703,6
65704,6
65705,6
65706,7
65707,7
65708,8
65709,6
65710,6
65711,7
65712,7
65713,6
65714,1
65715,4
65716,7
65717,4
65718,9
65719,1
65720,7
65721,6
65722,5
65723,5
65724,4
65725,9
65726,5
65727,4
65728,5
65729,7
65730,10
65731,4
65732,6
65733,6
65734,1
65735,10
65736,7
65737,7
65738,6
65739,4
65740,9
65741,9
65742,7
65743,1
65744,7
65745,7
65746,7
65747,6
65748,9
65749,9
65750,9
65751,8
65752,1
65753,9
65754,4
65755,6
65756,6
65757,1
65758,6
65759,5
65760,6
65761,10
65762,10
65763,10
65764,5
65765,8
65766,4
65767,2
65768,7
65769,2
65770,1
65771,7
65772,9
65773,2
65774,2
65775,10
65776,6
65777,3
65778,1
65779,1
65780,6
65781,6
65782,1
65783,6
65784,6
65785,1
65786,5
65787,9
65788,4
65789,1
65790,1
65791,8
65792,8
65793,4
65794,10
65795,4
65796,10
65797,1
65798,1
65799,1
65800,1
65801,3
65802,4
65803,6
65804,5
65805,7
65806,5
65807,7
65808,5
65809,10
65810,5
65811,5
65812,5
65813,4
65814,5
65815,4
65816,6
65817,3
65818,8
65819,1
65820,6
65821,7
65822,5
65823,5
65824,5
65825,4
65826,4
65827,4
65828,1
65829,5
65830,5
65831,4
65832,9
65833,8
65834,9
65835,9
65836,1
65837,9
65838,6
65839,9
65840,1
65841,4
65842,6
65843,6
65844,10
65845,9
65846,8
65847,2
65848,6
65849,6
65850,6
65851,5
65852,1
65853,1
65854,5
65855,5
65856,9
65857,5
65858,5
65859,10
65860,10
65861,4
65862,8
65863,8
65864,9
65865,9
65866,8
65867,4
65868,1
65869,1
65870,9
65871,6
65872,7
65873,10
65874,5
65875,5
65876,8
65877,5
65878,5
65879,8
65880,1
65881,1
65882,2
65883,1
65884,4
65885,9
65886,6
65887,1
65888,7
65889,9
65890,5
65891,7
65892,7
65893,4
65894,9
65895,5
65896,6
65897,9
65898,1
65899,9
65900,4
65901,9
65902,7
65903,6
65904,8
65905,9
65906,1
65907,6
65908,2
65909,2
65910,1
65911,7
65912,3
65913,1
65914,1
65915,9
65916,5
65917,10
65918,10
65919,1
65920,1
65921,1
65922,1
65923,7
65924,5
65925,4
65926,8
65927,4
65928,6
65929,2
65930,4
65931,9
65932,8
65933,7
65934,1
65935,1
65936,5
65937,1
65938,9
65939,10
65940,10
65941,9
65942,6
65943,10
65944,6
65945,5
65946,5
65947,2
65948,6
65949,8
65950,7
65951,7
65952,7
65953,6
65954,5
65955,6
65956,5
65957,10
65958,5
65959,7
65960,7
65961,7
65962,5
65963,5
65964,10
65965,5
65966,4
65967,1
65968,1
65969,1
65970,1
65971,10
65972,4
65973,5
65974,6
65975,2
65976,9
65977,5
65978,4
65979,9
65980,6
65981,9
65982,1
65983,2
65984,9
65985,9
65986,8
65987,1
65988,1
65989,1
65990,7
65991,10
65992,5
65993,4
65994,4
65995,9
65996,8
65997,2
65998,6
65999,4
66000,6
66001,4
66002,8
66003,1
66004,1
66005,5
66006,3
66007,7
66008,10
66009,4
66010,5
66011,10
66012,4
66013,3
66014,5
66015,8
66016,2
66017,2
66018,10
66019,8
66020,2
66021,3
66022,7
66023,6
66024,1
66025,1
66026,1
66027,5
66028,6
66029,9
66030,4
66031,4
66032,4
66033,7
66034,2
66035,7
66036,1
66037,8
66038,1
66039,4
66040,4
66041,1
66042,1
66043,6
66044,6
66045,1
66046,7
66047,9
66048,7
66049,5
66050,9
66051,10
66052,8
66053,4
66054,3
66055,6
66056,3
66057,7
66058,7
66059,3
66060,1
66061,6
66062,10
66063,5
66064,2
66065,3
66066,7
66067,1
66068,7
66069,5
66070,5
66071,7
66072,7
66073,9
66074,5
66075,8
66076,6
66077,8
66078,6
66079,9
66080,3
66081,6
66082,9
66083,2
66084,9
66085,9
66086,8
66087,4
66088,10
66089,7
66090,4
66091,8
66092,1
66093,1
66094,1
66095,5
66096,5
66097,9
66098,10
66099,1
66100,1
66101,7
66102,7
66103,5
66104,5
66105,4
66106,4
66107,2
66108,7
66109,1
66110,10
66111,6
66112,3
66113,8
66114,9
66115,4
66116,4
66117,7
66118,7
66119,3
66120,1
66121,1
66122,1
66123,1
66124,5
66125,10
66126,10
66127,5
66128,6
66129,4
66130,4
66131,9
66132,4
66133,4
66134,9
66135,5
66136,10
66137,8
66138,1
66139,1
66140,5
66141,4
66142,4
66143,6
66144,8
66145,9
66146,2
66147,10
66148,1
66149,1
66150,7
66151,7
66152,5
66153,4
66154,5
66155,6
66156,4
66157,2
66158,2
66159,8
66160,5
66161,1
66162,5
66163,7
66164,7
66165,8
66166,4
66167,4
66168,8
66169,8
66170,5
66171,9
66172,8
66173,6
66174,2
66175,5
66176,1
66177,1
66178,9
66179,9
66180,6
66181,9
66182,7
66183,10
66184,10
66185,10
66186,5
66187,2
66188,4
66189,1
66190,5
66191,3
66192,10
66193,6
66194,6
66195,6
66196,9
66197,7
66198,7
66199,5
66200,5
66201,4
66202,9
66203,4
66204,2
66205,2
66206,9
66207,3
66208,1
66209,4
66210,9
66211,3
66212,2
66213,6
66214,7
66215,10
66216,9
66217,3
66218,1
66219,5
66220,7
66221,7
66222,10
66223,10
66224,5
66225,4
66226,4
66227,1
66228,9
66229,9
66230,6
66231,7
66232,2
66233,5
66234,1
66235,9
66236,10
66237,10
66238,4
66239,4
66240,7
66241,7
66242,2
66243,6
66244,8
66245,7
66246,7
66247,9
66248,2
66249,9
66250,4
66251,10
66252,9
66253,2
66254,1
66255,8
66256,2
66257,3
66258,9
66259,8
66260,2
66261,2
66262,5
66263,3
66264,6
66265,1
66266,8
66267,7
66268,5
66269,10
66270,5
66271,5
66272,4
66273,2
66274,10
66275,7
66276,7
66277,7
66278,9
66279,6
66280,3
66281,9
66282,1
66283,6
66284,8
66285,9
66286,1
66287,1
66288,9
66289,10
66290,2
66291,4
66292,6
66293,8
66294,10
66295,10
66296,9
66297,2
66298,2
66299,4
66300,1
66301,7
66302,6
66303,7
66304,9
66305,2
66306,4
66307,1
66308,4
66309,3
66310,9
66311,5
66312,6
66313,8
66314,7
66315,6
66316,10
66317,6
66318,4
66319,7
66320,2
66321,9
66322,9
66323,2
66324,8
66325,4
66326,4
66327,4
66328,4
66329,4
66330,3
66331,9
66332,6
66333,1
66334,1
66335,9
66336,1
66337,6
66338,5
66339,7
66340,3
66341,6
66342,7
66343,10
66344,4
66345,4
66346,4
66347,4
66348,4
66349,4
66350,4
66351,2
66352,10
66353,10
66354,5
66355,10
66356,4
66357,1
66358,2
66359,3
66360,1
66361,10
66362,1
66363,1
66364,5
66365,5
66366,2
66367,5
66368,5
66369,7
66370,7
66371,5
66372,10
66373,10
66374,1
66375,1
66376,8
66377,2
66378,7
66379,5
66380,1
66381,10
66382,9
66383,7
66384,5
66385,10
66386,10
66387,4
66388,2
66389,4
66390,1
66391,5
66392,2
66393,1
66394,7
66395,1
66396,7
66397,7
66398,7
66399,7
66400,7
66401,7
66402,10
66403,7
66404,7
66405,10
66406,7
66407,3
66408,6
66409,7
66410,1
66411,7
66412,5
66413,10
66414,8
66415,2
66416,7
66417,2
66418,7
66419,9
66420,10
66421,8
66422,9
66423,10
66424,7
66425,1
66426,7
66427,7
66428,5
66429,5
66430,5
66431,7
66432,6
66433,7
66434,8
66435,5
66436,10
66437,9
66438,6
66439,5
66440,1
66441,1
66442,2
66443,7
66444,1
66445,5
66446,1
66447,2
66448,2
66449,9
66450,2
66451,2
66452,10
66453,7
66454,6
66455,7
66456,7
66457,5
66458,10
66459,10
66460,6
66461,5
66462,9
66463,4
66464,2
66465,8
66466,8
66467,1
66468,1
66469,5
66470,5
66471,10
66472,1
66473,7
66474,7
66475,6
66476,7
66477,2
66478,1
66479,6
66480,6
66481,1
66482,5
66483,7
66484,1
66485,8
66486,7
66487,5
66488,4
66489,4
66490,5
66491,7
66492,2
66493,7
66494,5
66495,5
66496,9
66497,4
66498,6
66499,4
66500,5
66501,6
66502,1
66503,7
66504,10
66505,4
66506,4
66507,7
66508,6
66509,3
66510,2
66511,4
66512,7
66513,9
66514,3
66515,9
66516,5
66517,1
66518,9
66519,10
66520,10
66521,10
66522,10
66523,8
66524,5
66525,9
66526,7
66527,6
66528,1
66529,5
66530,5
66531,6
66532,10
66533,5
66534,10
66535,10
66536,4
66537,5
66538,5
66539,10
66540,5
66541,5
66542,1
66543,7
66544,5
66545,5
66546,9
66547,10
66548,4
66549,6
66550,2
66551,3
66552,10
66553,7
66554,10
66555,9
66556,9
66557,2
66558,9
66559,8
66560,1
66561,2
66562,9
66563,4
66564,4
66565,9
66566,4
66567,8
66568,9
66569,10
66570,10
66571,2
66572,4
66573,9
66574,7
66575,5
66576,3
66577,5
66578,1
66579,5
66580,7
66581,5
66582,10
66583,5
66584,4
66585,10
66586,5
66587,2
66588,9
66589,2
66590,2
66591,10
66592,10
66593,10
66594,6
66595,5
66596,3
66597,2
66598,7
66599,5
66600,4
66601,9
66602,1
66603,4
66604,7
66605,6
66606,5
66607,7
66608,7
66609,2
66610,9
66611,4
66612,5
66613,5
66614,5
66615,5
66616,5
66617,5
66618,2
66619,2
66620,7
66621,3
66622,5
66623,5
66624,10
66625,5
66626,5
66627,6
66628,4
66629,3
66630,4
66631,8
66632,9
66633,2
66634,5
66635,5
66636,10
66637,6
66638,1
66639,1
66640,10
66641,10
66642,4
66643,5
66644,10
66645,4
66646,8
66647,9
66648,9
66649,9
66650,4
66651,6
66652,5
66653,10
66654,5
66655,10
66656,5
66657,10
66658,10
66659,5
66660,3
66661,5
66662,6
66663,1
66664,10
66665,5
66666,5
66667,10
66668,6
66669,5
66670,9
66671,4
66672,1
66673,10
66674,10
66675,4
66676,8
66677,7
66678,7
66679,8
66680,9
66681,6
66682,5
66683,4
66684,4
66685,8
66686,9
66687,9
66688,9
66689,1
66690,1
66691,7
66692,5
66693,7
66694,5
66695,1
66696,5
66697,5
66698,5
66699,10
66700,4
66701,2
66702,5
66703,5
66704,2
66705,8
66706,9
66707,2
66708,2
66709,5
66710,5
66711,1
66712,1
66713,7
66714,6
66715,10
66716,9
66717,10
66718,1
66719,10
66720,5
66721,10
66722,10
66723,8
66724,7
66725,2
66726,9
66727,9
66728,5
66729,1
66730,6
66731,9
66732,6
66733,5
66734,5
66735,10
66736,5
66737,8
66738,9
66739,4
66740,10
66741,10
66742,10
66743,10
66744,10
66745,10
66746,4
66747,5
66748,4
66749,2
66750,2
66751,7
66752,5
66753,8
66754,6
66755,5
66756,6
66757,10
66758,1
66759,7
66760,1
66761,1
66762,4
66763,7
66764,8
66765,1
66766,1
66767,1
66768,7
66769,6
66770,10
66771,5
66772,7
66773,5
66774,9
66775,7
66776,1
66777,5
66778,5
66779,7
66780,5
66781,10
66782,5
66783,5
66784,8
66785,5
66786,4
66787,1
66788,1
66789,7
66790,9
66791,8
66792,10
66793,1
66794,7
66795,5
66796,10
66797,5
66798,10
66799,4
66800,8
66801,9
66802,3
66803,5
66804,1
66805,7
66806,5
66807,2
66808,5
66809,2
66810,10
66811,5
66812,5
66813,10
66814,9
66815,10
66816,2
66817,1
66818,1
66819,3
66820,7
66821,9
66822,8
66823,8
66824,3
66825,7
66826,1
66827,4
66828,9
66829,4
66830,9
66831,2
66832,4
66833,6
66834,3
66835,1
66836,5
66837,1
66838,3
66839,5
66840,5
66841,10
66842,10
66843,4
66844,7
66845,10
66846,1
66847,1
66848,1
66849,10
66850,3
66851,1
66852,1
66853,1
66854,10
66855,10
66856,10
66857,6
66858,10
66859,10
66860,10
66861,10
66862,10
66863,10
66864,10
66865,10
66866,10
66867,10
66868,10
66869,10
66870,6
66871,10
66872,10
66873,8
66874,4
66875,4
66876,4
66877,5
66878,1
66879,1
66880,10
66881,1
66882,7
66883,9
66884,6
66885,5
66886,7
66887,5
66888,10
66889,8
66890,5
66891,9
66892,4
66893,1
66894,5
66895,1
66896,7
66897,5
66898,7
66899,6
66900,8
66901,4
66902,6
66903,5
66904,5
66905,5
66906,9
66907,5
66908,5
66909,10
66910,5
66911,10
66912,4
66913,4
66914,9
66915,4
66916,7
66917,10
66918,10
66919,5
66920,4
66921,8
66922,8
66923,3
66924,5
66925,10
66926,9
66927,5
66928,4
66929,6
66930,1
66931,7
66932,8
66933,5
66934,10
66935,10
66936,5
66937,4
66938,4
66939,8
66940,10
66941,10
66942,10
66943,10
66944,10
66945,9
66946,1
66947,5
66948,8
66949,10
66950,7
66951,10
66952,10
66953,6
66954,3
66955,5
66956,10
66957,10
66958,4
66959,4
66960,5
66961,5
66962,8
66963,4
66964,10
66965,3
66966,9
66967,5
66968,5
66969,5
66970,4
66971,10
66972,9
66973,1
66974,4
66975,7
66976,1
66977,1
66978,9
66979,6
66980,7
66981,10
66982,10
66983,1
66984,4
66985,9
66986,4
66987,1
66988,1
66989,10
66990,3
66991,10
66992,7
66993,1
66994,10
66995,5
66996,10
66997,2
66998,9
66999,7
67000,6
67001,7
67002,5
67003,9
67004,9
67005,4
67006,4
67007,1
67008,1
67009,1
67010,7
67011,5
67012,1
67013,1
67014,5
67015,5
67016,10
67017,5
67018,4
67019,5
67020,5
67021,9
67022,9
67023,1
67024,9
67025,10
67026,10
67027,5
67028,5
67029,2
67030,5
67031,4
67032,4
67033,4
67034,6
67035,6
67036,6
67037,4
67038,9
67039,9
67040,9
67041,8
67042,7
67043,2
67044,1
67045,1
67046,6
67047,1
67048,5
67049,5
67050,5
67051,5
67052,9
67053,1
67054,9
67055,5
67056,5
67057,3
67058,8
67059,10
67060,5
67061,9
67062,8
67063,4
67064,8
67065,8
67066,5
67067,1
67068,7
67069,7
67070,4
67071,7
67072,6
67073,1
67074,4
67075,1
67076,7
67077,7
67078,4
67079,10
67080,8
67081,10
67082,9
67083,10
67084,2
67085,1
67086,10
67087,9
67088,9
67089,2
67090,2
67091,9
67092,1
67093,2
67094,10
67095,4
67096,9
67097,8
67098,4
67099,6
67100,6
67101,6
67102,8
67103,7
67104,7
67105,1
67106,10
67107,10
67108,5
67109,1
67110,1
67111,1
67112,5
67113,6
67114,1
67115,7
67116,1
67117,4
67118,9
67119,1
67120,10
67121,6
67122,1
67123,6
67124,9
67125,9
67126,1
67127,6
67128,7
67129,6
67130,9
67131,1
67132,1
67133,1
67134,6
67135,1
67136,3
67137,9
67138,7
67139,9
67140,10
67141,5
67142,4
67143,5
67144,5
67145,6
67146,2
67147,3
67148,1
67149,1
67150,5
67151,3
67152,5
67153,7
67154,7
67155,7
67156,10
67157,6
67158,10
67159,10
67160,5
67161,5
67162,4
67163,4
67164,2
67165,7
67166,9
67167,9
67168,8
67169,6
67170,4
67171,1
67172,3
67173,5
67174,10
67175,10
67176,10
67177,10
67178,10
67179,4
67180,4
67181,9
67182,6
67183,6
67184,9
67185,9
67186,6
67187,9
67188,6
67189,6
67190,6
67191,8
67192,1
67193,3
67194,1
67195,10
67196,7
67197,10
67198,6
67199,6
67200,8
67201,7
67202,7
67203,6
67204,5
67205,1
67206,7
67207,6
67208,9
67209,4
67210,1
67211,6
67212,3
67213,1
67214,6
67215,1
67216,6
67217,10
67218,10
67219,6
67220,5
67221,4
67222,9
67223,5
67224,7
67225,9
67226,2
67227,2
67228,8
67229,1
67230,4
67231,4
67232,8
67233,2
67234,6
67235,6
67236,9
67237,7
67238,9
67239,6
67240,1
67241,1
67242,9
67243,5
67244,5
67245,10
67246,5
67247,9
67248,6
67249,1
67250,1
67251,1
67252,5
67253,4
67254,2
67255,2
67256,4
67257,6
67258,9
67259,2
67260,4
67261,1
67262,1
67263,4
67264,4
67265,5
67266,4
67267,4
67268,4
67269,4
67270,8
67271,6
67272,10
67273,7
67274,10
67275,9
67276,2
67277,7
67278,8
67279,5
67280,1
67281,9
67282,1
67283,5
67284,1
67285,9
67286,4
67287,7
67288,6
67289,1
67290,5
67291,9
67292,10
67293,10
67294,10
67295,4
67296,5
67297,5
67298,8
67299,5
67300,6
67301,5
67302,8
67303,10
67304,8
67305,6
67306,8
67307,1
67308,9
67309,9
67310,1
67311,6
67312,9
67313,1
67314,9
67315,5
67316,6
67317,3
67318,1
67319,1
67320,1
67321,6
67322,10
67323,1
67324,10
67325,10
67326,10
67327,5
67328,4
67329,6
67330,8
67331,6
67332,7
67333,10
67334,10
67335,8
67336,1
67337,3
67338,7
67339,10
67340,5
67341,10
67342,9
67343,1
67344,8
67345,4
67346,1
67347,8
67348,6
67349,9
67350,10
67351,4
67352,9
67353,7
67354,10
67355,9
67356,6
67357,5
67358,1
67359,1
67360,1
67361,9
67362,7
67363,5
67364,5
67365,6
67366,7
67367,7
67368,10
67369,10
67370,5
67371,10
67372,8
67373,4
67374,4
67375,5
67376,2
67377,6
67378,2
67379,1
67380,1
67381,6
67382,5
67383,5
67384,1
67385,1
67386,1
67387,5
67388,7
67389,6
67390,10
67391,5
67392,10
67393,5
67394,10
67395,9
67396,4
67397,4
67398,8
67399,9
67400,4
67401,9
67402,1
67403,4
67404,1
67405,7
67406,9
67407,7
67408,5
67409,1
67410,1
67411,7
67412,7
67413,10
67414,7
67415,7
67416,1
67417,5
67418,5
67419,8
67420,8
67421,5
67422,8
67423,9
67424,10
67425,5
67426,4
67427,2
67428,8
67429,7
67430,9
67431,1
67432,6
67433,1
67434,3
67435,7
67436,8
67437,10
67438,8
67439,6
67440,1
67441,1
67442,4
67443,9
67444,6
67445,9
67446,9
67447,3
67448,1
67449,1
67450,5
67451,1
67452,3
67453,1
67454,6
67455,10
67456,5
67457,7
67458,5
67459,1
67460,9
67461,10
67462,10
67463,10
67464,5
67465,5
67466,5
67467,8
67468,4
67469,5
67470,5
67471,4
67472,7
67473,10
67474,9
67475,9
67476,6
67477,7
67478,7
67479,6
67480,1
67481,7
67482,7
67483,1
67484,1
67485,6
67486,5
67487,6
67488,5
67489,6
67490,5
67491,5
67492,5
67493,7
67494,10
67495,5
67496,10
67497,6
67498,4
67499,4
67500,10
67501,6
67502,4
67503,9
67504,1
67505,1
67506,6
67507,1
67508,7
67509,9
67510,5
67511,4
67512,8
67513,10
67514,2
67515,7
67516,8
67517,4
67518,1
67519,5
67520,5
67521,5
67522,10
67523,5
67524,4
67525,5
67526,8
67527,5
67528,8
67529,8
67530,6
67531,6
67532,9
67533,6
67534,1
67535,5
67536,5
67537,7
67538,5
67539,5
67540,5
67541,5
67542,10
67543,5
67544,2
67545,2
67546,2
67547,7
67548,7
67549,10
67550,1
67551,1
67552,1
67553,5
67554,4
67555,2
67556,6
67557,9
67558,1
67559,10
67560,3
67561,7
67562,5
67563,1
67564,5
67565,5
67566,5
67567,2
67568,4
67569,8
67570,5
67571,2
67572,6
67573,1
67574,7
67575,7
67576,9
67577,4
67578,5
67579,4
67580,7
67581,6
67582,1
67583,1
67584,1
67585,10
67586,2
67587,9
67588,1
67589,9
67590,8
67591,2
67592,8
67593,9
67594,1
67595,4
67596,5
67597,5
67598,5
67599,10
67600,5
67601,1
67602,1
67603,6
67604,1
67605,10
67606,5
67607,1
67608,10
67609,6
67610,7
67611,8
67612,1
67613,5
67614,2
67615,7
67616,2
67617,10
67618,1
67619,5
67620,1
67621,5
67622,9
67623,10
67624,7
67625,2
67626,8
67627,3
67628,2
67629,10
67630,6
67631,9
67632,1
67633,9
67634,10
67635,7
67636,7
67637,7
67638,7
67639,5
67640,6
67641,1
67642,2
67643,4
67644,6
67645,1
67646,8
67647,6
67648,10
67649,5
67650,6
67651,1
67652,4
67653,6
67654,4
67655,7
67656,7
67657,1
67658,1
67659,5
67660,5
67661,10
67662,10
67663,10
67664,8
67665,6
67666,1
67667,5
67668,5
67669,4
67670,5
67671,1
67672,9
67673,7
67674,5
67675,5
67676,10
67677,8
67678,8
67679,1
67680,9
67681,2
67682,10
67683,2
67684,1
67685,6
67686,3
67687,1
67688,3
67689,9
67690,6
67691,4
67692,1
67693,6
67694,1
67695,2
67696,10
67697,5
67698,4
67699,2
67700,4
67701,7
67702,7
67703,9
67704,9
67705,1
67706,10
67707,1
67708,7
67709,9
67710,1
67711,7
67712,7
67713,7
67714,10
67715,7
67716,8
67717,4
67718,9
67719,8
67720,2
67721,1
67722,1
67723,1
67724,6
67725,6
67726,6
67727,3
67728,10
67729,1
67730,4
67731,9
67732,7
67733,5
67734,5
67735,10
67736,10
67737,4
67738,4
67739,4
67740,1
67741,1
67742,4
67743,10
67744,3
67745,7
67746,2
67747,2
67748,2
67749,1
67750,10
67751,8
67752,1
67753,1
67754,7
67755,5
67756,10
67757,7
67758,7
67759,7
67760,4
67761,10
67762,5
67763,10
67764,10
67765,4
67766,4
67767,1
67768,9
67769,6
67770,1
67771,2
67772,1
67773,7
67774,1
67775,5
67776,1
67777,10
67778,7
67779,2
67780,10
67781,4
67782,4
67783,7
67784,7
67785,4
67786,4
67787,1
67788,1
67789,6
67790,7
67791,10
67792,4
67793,8
67794,2
67795,2
67796,7
67797,7
67798,7
67799,7
67800,10
67801,8
67802,1
67803,1
67804,1
67805,1
67806,7
67807,8
67808,6
67809,9
67810,5
67811,1
67812,1
67813,1
67814,5
67815,1
67816,6
67817,5
67818,10
67819,5
67820,7
67821,2
67822,9
67823,9
67824,1
67825,5
67826,7
67827,7
67828,7
67829,1
67830,7
67831,1
67832,9
67833,9
67834,2
67835,10
67836,1
67837,4
67838,1
67839,7
67840,1
67841,1
67842,7
67843,5
67844,10
67845,10
67846,10
67847,8
67848,10
67849,7
67850,1
67851,7
67852,7
67853,7
67854,5
67855,5
67856,5
67857,2
67858,10
67859,1
67860,7
67861,4
67862,8
67863,4
67864,7
67865,9
67866,9
67867,7
67868,9
67869,5
67870,1
67871,5
67872,7
67873,5
67874,5
67875,4
67876,6
67877,9
67878,10
67879,2
67880,7
67881,1
67882,1
67883,1
67884,4
67885,9
67886,10
67887,1
67888,7
67889,1
67890,6
67891,5
67892,5
67893,10
67894,5
67895,10
67896,5
67897,4
67898,1
67899,8
67900,1
67901,8
67902,8
67903,5
67904,5
67905,10
67906,4
67907,7
67908,10
67909,7
67910,1
67911,5
67912,6
67913,8
67914,1
67915,9
67916,5
67917,1
67918,6
67919,6
67920,7
67921,2
67922,5
67923,5
67924,10
67925,4
67926,2
67927,9
67928,7
67929,2
67930,4
67931,2
67932,7
67933,5
67934,1
67935,3
67936,7
67937,5
67938,5
67939,10
67940,6
67941,5
67942,10
67943,5
67944,4
67945,2
67946,8
67947,2
67948,9
67949,3
67950,9
67951,4
67952,9
67953,7
67954,2
67955,10
67956,10
67957,10
67958,7
67959,9
67960,1
67961,5
67962,8
67963,10
67964,10
67965,10
67966,10
67967,4
67968,1
67969,5
67970,5
67971,1
67972,10
67973,4
67974,5
67975,5
67976,5
67977,5
67978,1
67979,4
67980,1
67981,9
67982,7
67983,10
67984,10
67985,10
67986,8
67987,8
67988,1
67989,7
67990,9
67991,1
67992,5
67993,8
67994,2
67995,1
67996,9
67997,9
67998,9
67999,10
68000,1
68001,5
68002,5
68003,10
68004,10
68005,9
68006,8
68007,8
68008,5
68009,5
68010,5
68011,5
68012,10
68013,7
68014,7
68015,2
68016,3
68017,4
68018,5
68019,7
68020,6
68021,5
68022,5
68023,10
68024,10
68025,9
68026,10
68027,2
68028,2
68029,4
68030,4
68031,9
68032,2
68033,2
68034,6
68035,2
68036,1
68037,1
68038,5
68039,7
68040,1
68041,7
68042,5
68043,5
68044,10
68045,5
68046,10
68047,5
68048,10
68049,8
68050,4
68051,2
68052,7
68053,2
68054,1
68055,1
68056,7
68057,9
68058,5
68059,9
68060,10
68061,10
68062,5
68063,10
68064,2
68065,9
68066,7
68067,1
68068,7
68069,7
68070,5
68071,5
68072,5
68073,5
68074,5
68075,7
68076,1
68077,4
68078,10
68079,5
68080,6
68081,9
68082,10
68083,10
68084,4
68085,4
68086,6
68087,4
68088,2
68089,10
68090,4
68091,10
68092,10
68093,10
68094,4
68095,8
68096,9
68097,5
68098,5
68099,10
68100,9
68101,9
68102,2
68103,9
68104,1
68105,10
68106,5
68107,7
68108,7
68109,5
68110,5
68111,9
68112,2
68113,4
68114,8
68115,9
68116,10
68117,4
68118,6
68119,5
68120,9
68121,5
68122,10
68123,1
68124,10
68125,9
68126,10
68127,5
68128,2
68129,10
68130,8
68131,9
68132,10
68133,2
68134,8
68135,4
68136,5
68137,7
68138,4
68139,6
68140,2
68141,10
68142,8
68143,5
68144,10
68145,9
68146,5
68147,5
68148,10
68149,10
68150,5
68151,8
68152,8
68153,10
68154,10
68155,10
68156,2
68157,9
68158,1
68159,9
68160,10
68161,5
68162,10
68163,5
68164,7
68165,10
68166,10
68167,10
68168,2
68169,2
68170,7
68171,5
68172,1
68173,5
68174,5
68175,6
68176,10
68177,9
68178,5
68179,9
68180,4
68181,2
68182,10
68183,10
68184,5
68185,10
68186,9
68187,5
68188,7
68189,5
68190,1
68191,5
68192,10
68193,10
68194,10
68195,5
68196,5
68197,10
68198,4
68199,10
68200,9
68201,9
68202,8
68203,2
68204,9
68205,6
68206,9
68207,1
68208,2
68209,6
68210,5
68211,10
68212,5
68213,10
68214,4
68215,2
68216,1
68217,3
68218,9
68219,1
68220,10
68221,6
68222,10
68223,4
68224,1
68225,6
68226,9
68227,3
68228,1
68229,5
68230,10
68231,8
68232,4
68233,9
68234,1
68235,3
68236,1
68237,7
68238,6
68239,3
68240,2
68241,4
68242,1
68243,5
68244,5
68245,2
68246,6
68247,4
68248,9
68249,1
68250,2
68251,2
68252,2
68253,2
68254,4
68255,6
68256,3
68257,9
68258,5
68259,5
68260,10
68261,4
68262,10
68263,7
68264,4
68265,4
68266,1
68267,1
68268,1
68269,5
68270,7
68271,5
68272,6
68273,5
68274,5
68275,1
68276,9
68277,7
68278,5
68279,1
68280,4
68281,2
68282,3
68283,3
68284,1
68285,7
68286,7
68287,7
68288,7
68289,10
68290,5
68291,10
68292,6
68293,5
68294,5
68295,5
68296,4
68297,9
68298,10
68299,5
68300,5
68301,10
68302,5
68303,10
68304,6
68305,10
68306,10
68307,10
68308,10
68309,10
68310,10
68311,3
68312,7
68313,10
68314,10
68315,10
68316,10
68317,10
68318,10
68319,6
68320,10
68321,6
68322,1
68323,6
68324,3
68325,1
68326,5
68327,1
68328,1
68329,7
68330,5
68331,4
68332,9
68333,4
68334,8
68335,4
68336,8
68337,4
68338,1
68339,4
68340,4
68341,8
68342,1
68343,5
68344,1
68345,5
68346,1
68347,10
68348,4
68349,7
68350,7
68351,5
68352,1
68353,6
68354,10
68355,10
68356,10
68357,4
68358,9
68359,1
68360,5
68361,2
68362,4
68363,10
68364,10
68365,10
68366,5
68367,9
68368,5
68369,1
68370,8
68371,5
68372,5
68373,6
68374,10
68375,5
68376,5
68377,5
68378,1
68379,1
68380,7
68381,1
68382,1
68383,7
68384,2
68385,2
68386,6
68387,5
68388,7
68389,4
68390,1
68391,6
68392,10
68393,6
68394,10
68395,5
68396,5
68397,10
68398,6
68399,4
68400,9
68401,1
68402,9
68403,4
68404,4
68405,6
68406,10
68407,4
68408,7
68409,7
68410,8
68411,9
68412,5
68413,5
68414,6
68415,7
68416,6
68417,10
68418,5
68419,10
68420,10
68421,4
68422,9
68423,5
68424,1
68425,4
68426,5
68427,10
68428,4
68429,2
68430,9
68431,9
68432,2
68433,1
68434,7
68435,6
68436,1
68437,1
68438,5
68439,4
68440,7
68441,10
68442,5
68443,10
68444,8
68445,10
68446,5
68447,7
68448,7
68449,1
68450,7
68451,3
68452,9
68453,7
68454,7
68455,7
68456,4
68457,1
68458,6
68459,6
68460,5
68461,4
68462,8
68463,1
68464,1
68465,1
68466,5
68467,7
68468,7
68469,1
68470,5
68471,7
68472,1
68473,2
68474,9
68475,9
68476,4
68477,1
68478,1
68479,9
68480,8
68481,8
68482,3
68483,1
68484,1
68485,6
68486,5
68487,7
68488,6
68489,4
68490,6
68491,4
68492,4
68493,1
68494,1
68495,3
68496,1
68497,1
68498,7
68499,10
68500,4
68501,4
68502,6
68503,6
68504,4
68505,4
68506,9
68507,4
68508,1
68509,3
68510,6
68511,6
68512,6
68513,1
68514,6
68515,7
68516,5
68517,5
68518,10
68519,1
68520,4
68521,5
68522,9
68523,8
68524,10
68525,9
68526,9
68527,1
68528,1
68529,1
68530,8
68531,1
68532,9
68533,7
68534,7
68535,10
68536,4
68537,8
68538,4
68539,8
68540,9
68541,8
68542,7
68543,2
68544,10
68545,9
68546,10
68547,5
68548,10
68549,9
68550,1
68551,2
68552,1
68553,5
68554,1
68555,7
68556,1
68557,1
68558,6
68559,4
68560,5
68561,2
68562,1
68563,1
68564,9
68565,6
68566,10
68567,5
68568,7
68569,10
68570,5
68571,4
68572,6
68573,6
68574,1
68575,7
68576,10
68577,6
68578,6
68579,7
68580,5
68581,4
68582,9
68583,4
68584,4
68585,6
68586,10
68587,2
68588,6
68589,5
68590,6
68591,4
68592,5
68593,2
68594,8
68595,1
68596,1
68597,5
68598,5
68599,6
68600,5
68601,6
68602,7
68603,5
68604,9
68605,10
68606,10
68607,10
68608,10
68609,10
68610,2
68611,4
68612,7
68613,9
68614,10
68615,9
68616,4
68617,9
68618,8
68619,4
68620,6
68621,4
68622,1
68623,5
68624,1
68625,1
68626,5
68627,5
68628,7
68629,10
68630,10
68631,4
68632,3
68633,1
68634,1
68635,7
68636,7
68637,9
68638,9
68639,9
68640,7
68641,2
68642,7
68643,9
68644,5
68645,9
68646,5
68647,5
68648,7
68649,10
68650,6
68651,3
68652,1
68653,1
68654,7
68655,5
68656,5
68657,10
68658,5
68659,5
68660,5
68661,2
68662,9
68663,4
68664,8
68665,7
68666,5
68667,5
68668,2
68669,4
68670,6
68671,7
68672,5
68673,1
68674,5
68675,3
68676,8
68677,7
68678,7
68679,7
68680,8
68681,2
68682,5
68683,10
68684,4
68685,4
68686,4
68687,5
68688,9
68689,8
68690,9
68691,9
68692,9
68693,1
68694,10
68695,5
68696,7
68697,7
68698,5
68699,7
68700,1
68701,5
68702,10
68703,10
68704,10
68705,5
68706,3
68707,3
68708,7
68709,10
68710,9
68711,1
68712,4
68713,8
68714,6
68715,1
68716,1
68717,7
68718,6
68719,10
68720,7
68721,5
68722,7
68723,6
68724,1
68725,7
68726,3
68727,10
68728,10
68729,3
68730,5
68731,8
68732,1
68733,7
68734,7
68735,5
68736,10
68737,10
68738,5
68739,6
68740,3
68741,4
68742,2
68743,6
68744,6
68745,9
68746,9
68747,3
68748,5
68749,3
68750,1
68751,1
68752,3
68753,3
68754,5
68755,10
68756,5
68757,4
68758,4
68759,7
68760,8
68761,3
68762,5
68763,9
68764,10
68765,10
68766,10
68767,4
68768,5
68769,8
68770,8
68771,6
68772,1
68773,8
68774,1
68775,10
68776,10
68777,9
68778,5
68779,7
68780,9
68781,1
68782,1
68783,1
68784,1
68785,5
68786,7
68787,10
68788,5
68789,10
68790,5
68791,7
68792,2
68793,8
68794,5
68795,2
68796,8
68797,8
68798,7
68799,10
68800,10
68801,10
68802,6
68803,5
68804,8
68805,4
68806,6
68807,3
68808,8
68809,1
68810,5
68811,5
68812,2
68813,4
68814,8
68815,9
68816,9
68817,6
68818,5
68819,6
68820,4
68821,4
68822,6
68823,10
68824,2
68825,6
68826,8
68827,5
68828,4
68829,2
68830,2
68831,5
68832,6
68833,5
68834,4
68835,9
68836,5
68837,6
68838,4
68839,9
68840,9
68841,2
68842,3
68843,6
68844,10
68845,10
68846,7
68847,6
68848,1
68849,1
68850,5
68851,7
68852,10
68853,5
68854,5
68855,5
68856,5
68857,4
68858,9
68859,2
68860,7
68861,2
68862,2
68863,1
68864,5
68865,1
68866,7
68867,5
68868,5
68869,10
68870,4
68871,2
68872,2
68873,8
68874,2
68875,6
68876,8
68877,1
68878,7
68879,5
68880,10
68881,5
68882,9
68883,2
68884,7
68885,7
68886,7
68887,7
68888,6
68889,7
68890,6
68891,1
68892,7
68893,6
68894,2
68895,10
68896,7
68897,1
68898,7
68899,5
68900,5
68901,6
68902,10
68903,5
68904,9
68905,6
68906,10
68907,10
68908,10
68909,10
68910,4
68911,4
68912,5
68913,2
68914,6
68915,10
68916,2
68917,8
68918,5
68919,6
68920,1
68921,4
68922,10
68923,7
68924,1
68925,10
68926,2
68927,6
68928,9
68929,4
68930,1
68931,9
68932,1
68933,5
68934,5
68935,10
68936,10
68937,9
68938,8
68939,9
68940,6
68941,2
68942,4
68943,4
68944,10
68945,8
68946,7
68947,10
68948,7
68949,1
68950,5
68951,1
68952,8
68953,7
68954,7
68955,7
68956,7
68957,5
68958,5
68959,10
68960,5
68961,10
68962,3
68963,3
68964,1
68965,10
68966,9
68967,8
68968,2
68969,7
68970,8
68971,1
68972,7
68973,8
68974,9
68975,4
68976,9
68977,6
68978,5
68979,6
68980,1
68981,3
68982,2
68983,5
68984,5
68985,4
68986,2
68987,3
68988,5
68989,10
68990,10
68991,3
68992,7
68993,6
68994,7
68995,6
68996,7
68997,5
68998,5
68999,9
69000,10
69001,2
69002,6
69003,4
69004,1
69005,4
69006,2
69007,2
69008,2
69009,3
69010,5
69011,8
69012,7
69013,1
69014,3
69015,1
69016,5
69017,10
69018,5
69019,6
69020,4
69021,7
69022,6
69023,7
69024,6
69025,7
69026,4
69027,7
69028,1
69029,1
69030,1
69031,1
69032,5
69033,8
69034,9
69035,5
69036,1
69037,8
69038,6
69039,7
69040,8
69041,7
69042,7
69043,10
69044,6
69045,10
69046,5
69047,2
69048,2
69049,4
69050,6
69051,8
69052,10
69053,8
69054,10
69055,4
69056,2
69057,2
69058,9
69059,10
69060,10
69061,10
69062,7
69063,2
69064,5
69065,9
69066,8
69067,8
69068,1
69069,9
69070,6
69071,1
69072,5
69073,5
69074,4
69075,10
69076,10
69077,10
69078,10
69079,4
69080,3
69081,2
69082,2
69083,8
69084,1
69085,9
69086,1
69087,10
69088,4
69089,2
69090,3
69091,2
69092,2
69093,8
69094,10
69095,10
69096,9
69097,10
69098,2
69099,5
69100,5
69101,5
69102,9
69103,9
69104,2
69105,5
69106,6
69107,5
69108,10
69109,10
69110,10
69111,10
69112,4
69113,4
69114,5
69115,5
69116,5
69117,2
69118,2
69119,9
69120,5
69121,1
69122,7
69123,10
69124,10
69125,10
69126,4
69127,5
69128,5
69129,5
69130,9
69131,4
69132,4
69133,10
69134,10
69135,8
69136,8
69137,4
69138,7
69139,7
69140,5
69141,1
69142,2
69143,7
69144,2
69145,8
69146,9
69147,10
69148,10
69149,7
69150,7
69151,8
69152,9
69153,7
69154,10
69155,1
69156,1
69157,9
69158,5
69159,1
69160,7
69161,5
69162,5
69163,5
69164,10
69165,10
69166,10
69167,5
69168,7
69169,8
69170,7
69171,10
69172,7
69173,2
69174,7
69175,4
69176,2
69177,2
69178,2
69179,5
69180,5
69181,5
69182,5
69183,4
69184,10
69185,2
69186,5
69187,5
69188,5
69189,5
69190,5
69191,10
69192,4
69193,9
69194,2
69195,2
69196,5
69197,9
69198,9
69199,7
69200,7
69201,10
69202,2
69203,4
69204,8
69205,9
69206,1
69207,10
69208,10
69209,1
69210,1
69211,3
69212,1
69213,4
69214,8
69215,7
69216,5
69217,6
69218,5
69219,5
69220,4
69221,2
69222,4
69223,4
69224,7
69225,5
69226,9
69227,5
69228,5
69229,5
69230,10
69231,9
69232,2
69233,10
69234,5
69235,8
69236,5
69237,10
69238,2
69239,6
69240,9
69241,7
69242,9
69243,6
69244,4
69245,2
69246,2
69247,8
69248,1
69249,3
69250,8
69251,6
69252,9
69253,9
69254,10
69255,5
69256,5
69257,5
69258,8
69259,5
69260,8
69261,10
69262,10
69263,10
69264,10
69265,10
69266,4
69267,4
69268,5
69269,4
69270,9
69271,2
69272,1
69273,4
69274,5
69275,10
69276,4
69277,1
69278,7
69279,9
69280,7
69281,10
69282,10
69283,5
69284,5
69285,9
69286,7
69287,2
69288,7
69289,10
69290,10
69291,10
69292,4
69293,9
69294,4
69295,2
69296,2
69297,1
69298,2
69299,3
69300,6
69301,5
69302,4
69303,7
69304,4
69305,2
69306,2
69307,3
69308,4
69309,5
69310,10
69311,2
69312,5
69313,7
69314,5
69315,10
69316,7
69317,5
69318,5
69319,5
69320,4
69321,9
69322,2
69323,3
69324,8
69325,5
69326,5
69327,1
69328,1
69329,5
69330,5
69331,5
69332,10
69333,5
69334,10
69335,5
69336,5
69337,4
69338,1
69339,4
69340,5
69341,10
69342,5
69343,5
69344,4
69345,7
69346,1
69347,10
69348,5
69349,4
69350,8
69351,5
69352,10
69353,5
69354,4
69355,2
69356,8
69357,9
69358,8
69359,8
69360,10
69361,1
69362,5
69363,5
69364,10
69365,2
69366,2
69367,8
69368,2
69369,7
69370,3
69371,7
69372,1
69373,5
69374,10
69375,10
69376,10
69377,4
69378,10
69379,10
69380,5
69381,9
69382,8
69383,9
69384,10
69385,10
69386,10
69387,10
69388,10
69389,10
69390,10
69391,8
69392,10
69393,7
69394,10
69395,10
69396,7
69397,8
69398,7
69399,10
69400,10
69401,10
69402,10
69403,10
69404,10
69405,7
69406,5
69407,10
69408,5
69409,4
69410,4
69411,4
69412,9
69413,8
69414,9
69415,2
69416,4
69417,9
69418,8
69419,5
69420,8
69421,5
69422,5
69423,9
69424,2
69425,9
69426,9
69427,10
69428,10
69429,5
69430,6
69431,1
69432,5
69433,5
69434,4
69435,4
69436,6
69437,5
69438,9
69439,10
69440,5
69441,5
69442,8
69443,1
69444,10
69445,10
69446,4
69447,4
69448,9
69449,3
69450,4
69451,10
69452,5
69453,10
69454,6
69455,4
69456,5
69457,5
69458,10
69459,7
69460,4
69461,4
69462,9
69463,4
69464,4
69465,9
69466,9
69467,4
69468,4
69469,10
69470,7
69471,10
69472,5
69473,9
69474,9
69475,7
69476,4
69477,8
69478,10
69479,5
69480,4
69481,5
69482,4
69483,5
69484,5
69485,5
69486,5
69487,4
69488,5
69489,5
69490,4
69491,5
69492,5
69493,5
69494,5
69495,10
69496,4
69497,8
69498,5
69499,8
69500,9
69501,10
69502,5
69503,3
69504,6
69505,9
69506,9
69507,4
69508,4
69509,5
69510,5
69511,5
69512,4
69513,9
69514,3
69515,9
69516,9
69517,9
69518,9
69519,1
69520,10
69521,10
69522,5
69523,4
69524,4
69525,6
69526,4
69527,2
69528,9
69529,10
69530,9
69531,4
69532,4
69533,2
69534,4
69535,9
69536,8
69537,9
69538,10
69539,2
69540,4
69541,1
69542,6
69543,5
69544,10
69545,10
69546,9
69547,5
69548,10
69549,5
69550,4
69551,1
69552,2
69553,9
69554,5
69555,5
69556,6
69557,9
69558,8
69559,4
69560,1
69561,10
69562,2
69563,5
69564,4
69565,2
69566,4
69567,2
69568,2
69569,5
69570,10
69571,4
69572,5
69573,1
69574,10
69575,10
69576,5
69577,4
69578,5
69579,1
69580,5
69581,7
69582,2
69583,9
69584,9
69585,5
69586,5
69587,10
69588,5
69589,8
69590,7
69591,10
69592,10
69593,6
69594,10
69595,8
69596,4
69597,9
69598,10
69599,10
69600,5
69601,9
69602,10
69603,4
69604,5
69605,5
69606,4
69607,5
69608,9
69609,2
69610,10
69611,5
69612,10
69613,2
69614,9
69615,7
69616,9
69617,8
69618,6
69619,2
69620,7
69621,5
69622,4
69623,5
69624,5
69625,10
69626,6
69627,4
69628,4
69629,9
69630,3
69631,1
69632,6
69633,10
69634,4
69635,7
69636,10
69637,4
69638,8
69639,9
69640,6
69641,7
69642,10
69643,2
69644,4
69645,4
69646,9
69647,2
69648,1
69649,4
69650,9
69651,9
69652,8
69653,8
69654,5
69655,10
69656,5
69657,4
69658,4
69659,9
69660,2
69661,4
69662,9
69663,10
69664,5
69665,5
69666,10
69667,4
69668,4
69669,2
69670,4
69671,4
69672,2
69673,5
69674,9
69675,4
69676,9
69677,9
69678,10
69679,10
69680,4
69681,4
69682,5
69683,4
69684,5
69685,10
69686,9
69687,2
69688,10
69689,4
69690,2
69691,2
69692,4
69693,3
69694,10
69695,4
69696,9
69697,9
69698,4
69699,10
69700,6
69701,10
69702,10
69703,4
69704,1
69705,5
69706,10
69707,8
69708,5
69709,10
69710,9
69711,4
69712,5
69713,10
69714,4
69715,4
69716,4
69717,2
69718,2
69719,2
69720,7
69721,9
69722,8
69723,8
69724,8
69725,9
69726,4
69727,2
69728,10
69729,10
69730,2
69731,5
69732,1
69733,5
69734,10
69735,10
69736,10
69737,4
69738,4
69739,2
69740,8
69741,8
69742,4
69743,4
69744,4
69745,2
69746,10
69747,2
69748,4
69749,7
69750,5
69751,10
69752,5
69753,4
69754,4
69755,4
69756,8
69757,2
69758,4
69759,3
69760,6
69761,4
69762,1
69763,10
69764,10
69765,4
69766,7
69767,10
69768,5
69769,4
69770,2
69771,8
69772,2
69773,7
69774,5
69775,10
69776,4
69777,9
69778,10
69779,2
69780,7
69781,5
69782,5
69783,10
69784,5
69785,5
69786,5
69787,7
69788,10
69789,9
69790,2
69791,8
69792,8
69793,5
69794,2
69795,8
69796,5
69797,5
69798,6
69799,8
69800,5
69801,10
69802,4
69803,9
69804,9
69805,5
69806,10
69807,10
69808,10
69809,4
69810,4
69811,4
69812,2
69813,2
69814,10
69815,10
69816,9
69817,7
69818,10
69819,4
69820,5
69821,4
69822,1
69823,4
69824,5
69825,6
69826,4
69827,8
69828,2
69829,2
69830,5
69831,10
69832,10
69833,4
69834,9
69835,8
69836,2
69837,5
69838,10
69839,2
69840,8
69841,5
69842,4
69843,4
69844,5
69845,10
69846,5
69847,10
69848,10
69849,5
69850,9
69851,4
69852,5
69853,7
69854,10
69855,10
69856,4
69857,3
69858,4
69859,10
69860,10
69861,5
69862,10
69863,5
69864,10
69865,2
69866,4
69867,9
69868,4
69869,9
69870,2
69871,9
69872,2
69873,9
69874,3
69875,5
69876,5
69877,5
69878,8
69879,1
69880,6
69881,4
69882,2
69883,10
69884,7
69885,5
69886,5
69887,10
69888,10
69889,10
69890,10
69891,10
69892,4
69893,5
69894,7
69895,7
69896,7
69897,2
69898,8
69899,10
69900,5
69901,10
69902,9
69903,2
69904,10
69905,1
69906,3
69907,5
69908,10
69909,5
69910,8
69911,4
69912,2
69913,5
69914,2
69915,5
69916,10
69917,7
69918,7
69919,10
69920,5
69921,5
69922,5
69923,10
69924,6
69925,2
69926,10
69927,2
69928,10
69929,10
69930,1
69931,5
69932,5
69933,10
69934,10
69935,9
69936,5
69937,10
69938,1
69939,1
69940,10
69941,4
69942,8
69943,3
69944,8
69945,10
69946,5
69947,10
69948,10
69949,10
69950,10
69951,4
69952,5
69953,9
69954,8
69955,2
69956,9
69957,8
69958,4
69959,2
69960,4
69961,9
69962,8
69963,4
69964,4
69965,5
69966,5
69967,5
69968,10
69969,10
69970,4
69971,4
69972,9
69973,9
69974,10
69975,10
69976,5
69977,5
69978,5
69979,9
69980,2
69981,2
69982,10
69983,5
69984,5
69985,5
69986,5
69987,5
69988,10
69989,10
69990,10
69991,10
69992,4
69993,4
69994,4
69995,7
69996,7
69997,4
69998,4
69999,2
70000,3
70001,6
70002,10
70003,4
70004,6
70005,9
70006,4
70007,10
70008,2
70009,5
70010,4
70011,1
70012,10
70013,6
70014,10
70015,5
70016,7
70017,7
70018,10
70019,9
70020,4
70021,5
70022,5
70023,4
70024,5
70025,8
70026,10
70027,8
70028,5
70029,5
70030,5
70031,10
70032,5
70033,5
70034,8
70035,10
70036,4
70037,2
70038,2
70039,2
70040,2
70041,8
70042,9
70043,9
70044,10
70045,10
70046,10
70047,5
70048,4
70049,9
70050,10
70051,5
70052,10
70053,5
70054,5
70055,4
70056,2
70057,2
70058,5
70059,10
70060,7
70061,10
70062,10
70063,5
70064,4
70065,5
70066,9
70067,10
70068,1
70069,10
70070,8
70071,10
70072,10
70073,10
70074,5
70075,5
70076,4
70077,4
70078,4
70079,9
70080,4
70081,3
70082,3
70083,10
70084,7
70085,10
70086,8
70087,8
70088,10
70089,10
70090,10
70091,10
70092,10
70093,10
70094,10
70095,10
70096,10
70097,10
70098,9
70099,5
70100,10
70101,10
70102,10
70103,10
70104,4
70105,10
70106,4
70107,10
70108,4
70109,5
70110,4
70111,10
70112,9
70113,10
70114,4
70115,6
70116,10
70117,10
70118,10
70119,10
70120,7
70121,6
70122,8
70123,5
70124,5
70125,5
70126,10
70127,4
70128,8
70129,10
70130,10
70131,4
70132,9
70133,4
70134,9
70135,10
70136,5
70137,4
70138,5
70139,4
70140,9
70141,4
70142,7
70143,10
70144,10
70145,5
70146,10
70147,10
70148,10
70149,10
70150,10
70151,10
70152,10
70153,10
70154,4
70155,7
70156,8
70157,10
70158,5
70159,10
70160,10
70161,4
70162,4
70163,4
70164,4
70165,8
70166,4
70167,8
70168,2
70169,4
70170,4
70171,4
70172,4
70173,3
70174,9
70175,6
70176,5
70177,10
70178,5
70179,5
70180,10
70181,9
70182,4
70183,8
70184,10
70185,5
70186,4
70187,10
70188,5
70189,5
70190,4
70191,4
70192,4
70193,7
70194,2
70195,9
70196,4
70197,9
70198,4
70199,8
70200,2
70201,8
70202,6
70203,10
70204,10
70205,4
70206,9
70207,8
70208,4
70209,9
70210,6
70211,10
70212,4
70213,6
70214,4
70215,10
70216,5
70217,9
70218,3
70219,9
70220,7
70221,3
70222,4
70223,5
70224,10
70225,5
70226,5
70227,4
70228,4
70229,4
70230,10
70231,4
70232,5
70233,7
70234,5
70235,9
70236,9
70237,7
70238,6
70239,6
70240,5
70241,10
70242,9
70243,9
70244,4
70245,10
70246,5
70247,5
70248,10
70249,4
70250,5
70251,2
70252,9
70253,8
70254,4
70255,8
70256,9
70257,6
70258,6
70259,5
70260,10
70261,10
70262,4
70263,4
70264,5
70265,10
70266,10
70267,5
70268,4
70269,9
70270,4
70271,9
70272,10
70273,10
70274,9
70275,8
70276,1
70277,6
70278,4
70279,9
70280,5
70281,7
70282,10
70283,5
70284,6
70285,4
70286,9
70287,9
70288,5
70289,10
70290,9
70291,1
70292,9
70293,8
70294,4
70295,4
70296,9
70297,1
70298,7
70299,10
70300,10
70301,5
70302,10
70303,9
70304,5
70305,4
70306,5
70307,5
70308,5
70309,5
70310,5
70311,10
70312,9
70313,2
70314,5
70315,10
70316,5
70317,10
70318,5
70319,5
70320,4
70321,2
70322,8
70323,5
70324,4
70325,7
70326,4
70327,8
70328,4
70329,5
70330,5
70331,5
70332,10
70333,5
70334,5
70335,5
70336,4
70337,9
70338,1
70339,5
70340,7
70341,4
70342,9
70343,10
70344,5
70345,10
70346,10
70347,4
70348,4
70349,5
70350,3
70351,3
70352,5
70353,6
70354,5
70355,10
70356,10
70357,7
70358,2
70359,8
70360,2
70361,2
70362,9
70363,10
70364,5
70365,6
70366,10
70367,10
70368,2
70369,4
70370,10
70371,10
70372,6
70373,9
70374,4
70375,4
70376,10
70377,5
70378,6
70379,4
70380,4
70381,6
70382,9
70383,9
70384,9
70385,4
70386,5
70387,4
70388,10
70389,10
70390,5
70391,4
70392,2
70393,8
70394,5
70395,5
70396,10
70397,10
70398,6
70399,5
70400,2
70401,9
70402,10
70403,10
70404,10
70405,10
70406,4
70407,8
70408,5
70409,8
70410,4
70411,5
70412,5
70413,10
70414,10
70415,5
70416,4
70417,5
70418,10
70419,4
70420,5
70421,10
70422,5
70423,5
70424,9
70425,2
70426,2
70427,8
70428,10
70429,5
70430,10
70431,10
70432,4
70433,4
70434,10
70435,10
70436,10
70437,6
70438,5
70439,4
70440,4
70441,5
70442,8
70443,2
70444,2
70445,6
70446,7
70447,4
70448,4
70449,4
70450,4
70451,4
70452,4
70453,5
70454,5
70455,10
70456,2
70457,9
70458,4
70459,1
70460,5
70461,5
70462,10
70463,10
70464,5
70465,4
70466,4
70467,4
70468,9
70469,9
70470,2
70471,2
70472,8
70473,8
70474,2
70475,2
70476,9
70477,3
70478,5
70479,10
70480,4
70481,4
70482,2
70483,1
70484,7
70485,2
70486,10
70487,2
70488,6
70489,2
70490,4
70491,4
70492,2
70493,4
70494,9
70495,10
70496,10
70497,10
70498,5
70499,10
70500,2
70501,8
70502,6
70503,2
70504,9
70505,6
70506,1
70507,5
70508,5
70509,9
70510,5
70511,2
70512,5
70513,9
70514,4
70515,9
70516,8
70517,9
70518,2
70519,8
70520,9
70521,6
70522,10
70523,9
70524,7
70525,7
70526,5
70527,10
70528,5
70529,4
70530,9
70531,4
70532,6
70533,4
70534,10
70535,8
70536,7
70537,6
70538,10
70539,10
70540,5
70541,8
70542,4
70543,4
70544,1
70545,7
70546,10
70547,5
70548,5
70549,4
70550,8
70551,4
70552,8
70553,2
70554,2
70555,10
70556,10
70557,10
70558,5
70559,10
70560,10
70561,4
70562,2
70563,4
70564,5
70565,2
70566,7
70567,9
70568,4
70569,10
70570,1
70571,5
70572,10
70573,9
70574,4
70575,6
70576,3
70577,9
70578,10
70579,5
70580,4
70581,2
70582,4
70583,5
70584,2
70585,7
70586,7
70587,4
70588,4
70589,5
70590,7
70591,4
70592,10
70593,10
70594,10
70595,5
70596,9
70597,4
70598,8
70599,7
70600,8
70601,4
70602,6
70603,4
70604,5
70605,10
70606,4
70607,4
70608,10
70609,4
70610,4
70611,4
70612,5
70613,5
70614,4
70615,10
70616,5
70617,5
70618,4
70619,3
70620,7
70621,5
70622,10
70623,4
70624,8
70625,7
70626,2
70627,8
70628,2
70629,5
70630,10
70631,8
70632,9
70633,9
70634,10
70635,5
70636,4
70637,2
70638,3
70639,9
70640,4
70641,6
70642,1
70643,1
70644,5
70645,10
70646,10
70647,5
70648,5
70649,5
70650,1
70651,6
70652,10
70653,10
70654,10
70655,10
70656,9
70657,9
70658,5
70659,5
70660,5
70661,6
70662,4
70663,10
70664,5
70665,10
70666,10
70667,5
70668,5
70669,10
70670,2
70671,4
70672,9
70673,2
70674,9
70675,2
70676,2
70677,2
70678,6
70679,1
70680,5
70681,5
70682,9
70683,1
70684,10
70685,4
70686,2
70687,10
70688,9
70689,5
70690,9
70691,3
70692,8
70693,8
70694,6
70695,2
70696,9
70697,9
70698,10
70699,10
70700,10
70701,10
70702,6
70703,3
70704,5
70705,4
70706,6
70707,5
70708,5
70709,3
70710,10
70711,5
70712,9
70713,9
70714,2
70715,8
70716,1
70717,1
70718,1
70719,10
70720,5
70721,4
70722,5
70723,5
70724,4
70725,4
70726,4
70727,1
70728,2
70729,2
70730,9
70731,2
70732,2
70733,9
70734,2
70735,4
70736,4
70737,8
70738,1
70739,5
70740,10
70741,2
70742,8
70743,4
70744,5
70745,5
70746,5
70747,5
70748,10
70749,3
70750,1
70751,10
70752,5
70753,2
70754,3
70755,3
70756,9
70757,5
70758,1
70759,5
70760,10
70761,4
70762,10
70763,5
70764,9
70765,4
70766,10
70767,9
70768,9
70769,10
70770,6
70771,10
70772,5
70773,5
70774,4
70775,5
70776,2
70777,5
70778,9
70779,7
70780,5
70781,10
70782,4
70783,4
70784,9
70785,3
70786,10
70787,5
70788,8
70789,10
70790,7
70791,3
70792,9
70793,10
70794,4
70795,5
70796,9
70797,4
70798,9
70799,6
70800,6
70801,8
70802,8
70803,10
70804,5
70805,5
70806,2
70807,10
70808,7
70809,5
70810,10
70811,4
70812,7
70813,7
70814,5
70815,5
70816,10
70817,2
70818,9
70819,9
70820,8
70821,9
70822,2
70823,6
70824,10
70825,6
70826,4
70827,5
70828,8
70829,4
70830,7
70831,7
70832,6
70833,3
70834,5
70835,1
70836,10
70837,5
70838,8
70839,2
70840,5
70841,10
70842,4
70843,5
70844,10
70845,7
70846,10
70847,10
70848,6
70849,1
70850,1
70851,7
70852,7
70853,8
70854,5
70855,5
70856,2
70857,8
70858,9
70859,8
70860,7
70861,6
70862,8
70863,3
70864,5
70865,10
70866,10
70867,5
70868,4
70869,8
70870,10
70871,9
70872,4
70873,1
70874,5
70875,7
70876,10
70877,5
70878,10
70879,7
70880,7
70881,5
70882,6
70883,10
70884,5
70885,8
70886,5
70887,4
70888,9
70889,2
70890,2
70891,6
70892,7
70893,5
70894,7
70895,5
70896,5
70897,5
70898,4
70899,5
70900,7
70901,1
70902,7
70903,7
70904,7
70905,10
70906,10
70907,10
70908,5
70909,9
70910,2
70911,8
70912,5
70913,4
70914,5
70915,5
70916,10
70917,5
70918,10
70919,4
70920,8
70921,3
70922,1
70923,2
70924,4
70925,5
70926,1
70927,5
70928,5
70929,4
70930,4
70931,1
70932,5
70933,10
70934,10
70935,8
70936,9
70937,4
70938,9
70939,4
70940,5
70941,4
70942,9
70943,5
70944,1
70945,3
70946,1
70947,3
70948,5
70949,5
70950,1
70951,5
70952,7
70953,10
70954,5
70955,10
70956,5
70957,5
70958,5
70959,8
70960,8
70961,9
70962,5
70963,3
70964,5
70965,5
70966,10
70967,4
70968,4
70969,8
70970,8
70971,10
70972,6
70973,10
70974,10
70975,10
70976,10
70977,10
70978,6
70979,6
70980,7
70981,7
70982,10
70983,6
70984,10
70985,7
70986,10
70987,7
70988,7
70989,7
70990,10
70991,7
70992,10
70993,10
70994,8
70995,10
70996,7
70997,5
70998,5
70999,10
71000,5
71001,10
71002,10
71003,4
71004,4
71005,4
71006,5
71007,8
71008,8
71009,4
71010,4
71011,5
71012,1
71013,1
71014,7
71015,10
71016,10
71017,5
71018,10
71019,5
71020,10
71021,5
71022,4
71023,3
71024,7
71025,2
71026,8
71027,7
71028,10
71029,3
71030,3
71031,10
71032,5
71033,8
71034,8
71035,2
71036,8
71037,9
71038,7
71039,10
71040,1
71041,1
71042,5
71043,1
71044,7
71045,5
71046,10
71047,10
71048,10
71049,10
71050,9
71051,6
71052,1
71053,7
71054,4
71055,10
71056,1
71057,5
71058,5
71059,5
71060,8
71061,10
71062,1
71063,8
71064,4
71065,4
71066,9
71067,4
71068,3
71069,1
71070,1
71071,1
71072,7
71073,5
71074,6
71075,6
71076,5
71077,5
71078,10
71079,5
71080,9
71081,5
71082,7
71083,9
71084,7
71085,7
71086,7
71087,7
71088,10
71089,7
71090,7
71091,5
71092,10
71093,5
71094,5
71095,5
71096,4
71097,9
71098,3
71099,1
71100,7
71101,10
71102,10
71103,4
71104,4
71105,1
71106,5
71107,5
71108,4
71109,4
71110,9
71111,1
71112,5
71113,5
71114,5
71115,5
71116,5
71117,3
71118,3
71119,7
71120,8
71121,7
71122,10
71123,7
71124,1
71125,3
71126,8
71127,1
71128,8
71129,1
71130,4
71131,5
71132,3
71133,7
71134,5
71135,5
71136,10
71137,10
71138,4
71139,5
71140,4
71141,7
71142,6
71143,6
71144,5
71145,10
71146,7
71147,5
71148,5
71149,5
71150,1
71151,9
71152,5
71153,6
71154,8
71155,6
71156,3
71157,1
71158,7
71159,10
71160,8
71161,9
71162,9
71163,10
71164,3
71165,9
71166,9
71167,1
71168,4
71169,7
71170,1
71171,10
71172,10
71173,4
71174,7
71175,6
71176,1
71177,8
71178,8
71179,3
71180,3
71181,9
71182,2
71183,6
71184,9
71185,4
71186,3
71187,5
71188,5
71189,5
71190,7
71191,5
71192,7
71193,4
71194,4
71195,4
71196,4
71197,5
71198,4
71199,4
71200,4
71201,4
71202,8
71203,10
71204,10
71205,3
71206,5
71207,10
71208,10
71209,6
71210,1
71211,1
71212,6
71213,1
71214,1
71215,9
71216,5
71217,4
71218,9
71219,3
71220,4
71221,4
71222,6
71223,1
71224,1
71225,5
71226,7
71227,5
71228,5
71229,7
71230,5
71231,7
71232,10
71233,9
71234,10
71235,7
71236,4
71237,4
71238,9
71239,7
71240,7
71241,5
71242,1
71243,7
71244,8
71245,2
71246,2
71247,3
71248,1
71249,6
71250,6
71251,9
71252,1
71253,8
71254,5
71255,2
71256,9
71257,1
71258,1
71259,1
71260,6
71261,1
71262,1
71263,5
71264,10
71265,10
71266,4
71267,8
71268,4
71269,8
71270,1
71271,10
71272,5
71273,9
71274,3
71275,7
71276,9
71277,1
71278,2
71279,9
71280,4
71281,2
71282,1
71283,5
71284,1
71285,1
71286,3
71287,1
71288,7
71289,5
71290,9
71291,10
71292,2
71293,7
71294,4
71295,4
71296,4
71297,8
71298,9
71299,9
71300,4
71301,4
71302,5
71303,1
71304,5
71305,6
71306,10
71307,5
71308,7
71309,5
71310,5
71311,5
71312,1
71313,4
71314,4
71315,9
71316,9
71317,9
71318,9
71319,3
71320,6
71321,1
71322,7
71323,9
71324,9
71325,3
71326,8
71327,4
71328,7
71329,3
71330,8
71331,1
71332,1
71333,1
71334,4
71335,6
71336,7
71337,7
71338,5
71339,5
71340,6
71341,9
71342,4
71343,5
71344,5
71345,2
71346,9
71347,4
71348,8
71349,1
71350,1
71351,5
71352,3
71353,7
71354,7
71355,5
71356,7
71357,2
71358,10
71359,8
71360,9
71361,4
71362,8
71363,7
71364,7
71365,6
71366,7
71367,6
71368,5
71369,3
71370,8
71371,9
71372,9
71373,8
71374,5
71375,1
71376,1
71377,5
71378,5
71379,5
71380,4
71381,5
71382,5
71383,5
71384,4
71385,8
71386,9
71387,4
71388,5
71389,3
71390,10
71391,10
71392,5
71393,5
71394,9
71395,9
71396,9
71397,7
71398,8
71399,9
71400,9
71401,7
71402,7
71403,1
71404,2
71405,2
71406,2
71407,8
71408,1
71409,8
71410,4
71411,9
71412,1
71413,1
71414,5
71415,6
71416,7
71417,5
71418,7
71419,4
71420,10
71421,10
71422,6
71423,6
71424,10
71425,4
71426,3
71427,3
71428,6
71429,7
71430,7
71431,7
71432,5
71433,5
71434,1
71435,5
71436,4
71437,9
71438,9
71439,8
71440,9
71441,10
71442,10
71443,1
71444,1
71445,1
71446,1
71447,2
71448,9
71449,3
71450,5
71451,5
71452,5
71453,4
71454,9
71455,9
71456,3
71457,9
71458,5
71459,1
71460,1
71461,7
71462,7
71463,7
71464,10
71465,10
71466,7
71467,3
71468,10
71469,10
71470,9
71471,7
71472,3
71473,5
71474,5
71475,6
71476,1
71477,5
71478,5
71479,7
71480,5
71481,7
71482,10
71483,6
71484,4
71485,4
71486,4
71487,1
71488,2
71489,2
71490,2
71491,4
71492,7
71493,1
71494,7
71495,7
71496,7
71497,5
71498,9
71499,10
71500,4
71501,4
71502,9
71503,9
71504,7
71505,10
71506,3
71507,4
71508,3
71509,7
71510,7
71511,1
71512,2
71513,7
71514,8
71515,2
71516,9
71517,9
71518,7
71519,5
71520,1
71521,9
71522,7
71523,7
71524,2
71525,7
71526,7
71527,5
71528,10
71529,4
71530,10
71531,3
71532,4
71533,7
71534,6
71535,9
71536,7
71537,10
71538,10
71539,8
71540,9
71541,2
71542,4
71543,8
71544,2
71545,9
71546,9
71547,9
71548,9
71549,1
71550,1
71551,1
71552,6
71553,7
71554,5
71555,5
71556,1
71557,7
71558,10
71559,10
71560,10
71561,5
71562,5
71563,5
71564,10
71565,7
71566,7
71567,5
71568,1
71569,1
71570,7
71571,7
71572,6
71573,4
71574,10
71575,4
71576,4
71577,3
71578,4
71579,5
71580,7
71581,10
71582,4
71583,6
71584,9
71585,7
71586,7
71587,7
71588,6
71589,6
71590,7
71591,9
71592,7
71593,5
71594,9
71595,10
71596,5
71597,10
71598,10
71599,5
71600,4
71601,2
71602,10
71603,9
71604,7
71605,4
71606,4
71607,4
71608,9
71609,7
71610,2
71611,7
71612,9
71613,1
71614,9
71615,5
71616,7
71617,5
71618,7
71619,5
71620,4
71621,9
71622,7
71623,5
71624,5
71625,2
71626,9
71627,10
71628,10
71629,9
71630,6
71631,7
71632,5
71633,7
71634,6
71635,6
71636,5
71637,5
71638,5
71639,1
71640,1
71641,5
71642,7
71643,1
71644,5
71645,3
71646,6
71647,5
71648,5
71649,7
71650,7
71651,9
71652,9
71653,7
71654,6
71655,9
71656,6
71657,6
71658,6
71659,7
71660,8
71661,6
71662,5
71663,9
71664,5
71665,1
71666,6
71667,5
71668,5
71669,9
71670,9
71671,8
71672,2
71673,4
71674,9
71675,6
71676,2
71677,6
71678,3
71679,4
71680,1
71681,9
71682,6
71683,10
71684,2
71685,3
71686,4
71687,7
71688,5
71689,1
71690,1
71691,7
71692,1
71693,4
71694,7
71695,5
71696,5
71697,5
71698,10
71699,7
71700,7
71701,7
71702,10
71703,5
71704,7
71705,7
71706,3
71707,1
71708,3
71709,1
71710,5
71711,7
71712,4
71713,6
71714,9
71715,1
71716,1
71717,5
71718,7
71719,7
71720,5
71721,5
71722,2
71723,4
71724,4
71725,4
71726,2
71727,4
71728,5
71729,10
71730,9
71731,3
71732,8
71733,6
71734,6
71735,4
71736,9
71737,2
71738,5
71739,1
71740,1
71741,7
71742,1
71743,7
71744,10
71745,5
71746,7
71747,5
71748,7
71749,10
71750,10
71751,10
71752,7
71753,10
71754,4
71755,5
71756,2
71757,10
71758,7
71759,5
71760,9
71761,10
71762,10
71763,8
71764,2
71765,6
71766,8
71767,5
71768,3
71769,6
71770,5
71771,5
71772,6
71773,7
71774,5
71775,5
71776,10
71777,8
71778,4
71779,4
71780,4
71781,4
71782,5
71783,7
71784,7
71785,1
71786,1
71787,3
71788,5
71789,6
71790,5
71791,5
71792,1
71793,7
71794,5
71795,7
71796,4
71797,9
71798,2
71799,4
71800,7
71801,6
71802,1
71803,6
71804,7
71805,7
71806,5
71807,3
71808,7
71809,5
71810,10
71811,1
71812,6
71813,5
71814,5
71815,6
71816,8
71817,6
71818,1
71819,9
71820,2
71821,1
71822,7
71823,5
71824,2
71825,2
71826,4
71827,9
71828,3
71829,2
71830,9
71831,8
71832,4
71833,1
71834,2
71835,7
71836,1
71837,6
71838,10
71839,10
71840,5
71841,4
71842,9
71843,8
71844,9
71845,8
71846,4
71847,9
71848,1
71849,3
71850,6
71851,1
71852,7
71853,7
71854,1
71855,2
71856,2
71857,1
71858,1
71859,8
71860,2
71861,2
71862,8
71863,5
71864,1
71865,1
71866,1
71867,6
71868,1
71869,7
71870,5
71871,5
71872,7
71873,1
71874,5
71875,2
71876,4
71877,6
71878,1
71879,6
71880,6
71881,3
71882,7
71883,6
71884,5
71885,2
71886,10
71887,8
71888,8
71889,4
71890,7
71891,2
71892,1
71893,6
71894,1
71895,1
71896,1
71897,7
71898,10
71899,5
71900,5
71901,4
71902,4
71903,10
71904,4
71905,2
71906,2
71907,4
71908,9
71909,8
71910,9
71911,9
71912,2
71913,8
71914,9
71915,1
71916,5
71917,10
71918,5
71919,4
71920,4
71921,6
71922,8
71923,7
71924,9
71925,2
71926,5
71927,3
71928,2
71929,7
71930,10
71931,10
71932,10
71933,7
71934,7
71935,1
71936,6
71937,7
71938,7
71939,7
71940,7
71941,7
71942,7
71943,7
71944,7
71945,10
71946,2
71947,3
71948,1
71949,9
71950,6
71951,7
71952,9
71953,8
71954,2
71955,7
71956,7
71957,1
71958,1
71959,9
71960,5
71961,5
71962,7
71963,5
71964,5
71965,5
71966,10
71967,10
71968,10
71969,5
71970,5
71971,10
71972,4
71973,1
71974,1
71975,7
71976,5
71977,10
71978,5
71979,7
71980,4
71981,6
71982,2
71983,10
71984,9
71985,10
71986,6
71987,9
71988,4
71989,5
71990,6
71991,5
71992,7
71993,5
71994,8
71995,7
71996,10
71997,10
71998,6
71999,5
72000,4
72001,4
72002,4
72003,10
72004,4
72005,2
72006,2
72007,2
72008,1
72009,5
72010,1
72011,7
72012,6
72013,7
72014,3
72015,5
72016,5
72017,10
72018,4
72019,5
72020,4
72021,2
72022,10
72023,7
72024,7
72025,6
72026,2
72027,10
72028,10
72029,1
72030,8
72031,7
72032,8
72033,2
72034,6
72035,5
72036,1
72037,6
72038,1
72039,6
72040,7
72041,10
72042,10
72043,8
72044,10
72045,5
72046,10
72047,4
72048,4
72049,1
72050,2
72051,9
72052,10
72053,5
72054,2
72055,7
72056,9
72057,5
72058,1
72059,2
72060,6
72061,5
72062,10
72063,10
72064,10
72065,4
72066,2
72067,2
72068,6
72069,4
72070,3
72071,1
72072,5
72073,7
72074,9
72075,10
72076,5
72077,5
72078,10
72079,2
72080,6
72081,2
72082,10
72083,7
72084,7
72085,2
72086,8
72087,5
72088,1
72089,5
72090,10
72091,5
72092,2
72093,5
72094,6
72095,10
72096,2
72097,2
72098,6
72099,3
72100,6
72101,7
72102,7
72103,10
72104,2
72105,5
72106,10
72107,6
72108,5
72109,5
72110,7
72111,10
72112,1
72113,10
72114,10
72115,10
72116,5
72117,5
72118,10
72119,2
72120,5
72121,9
72122,7
72123,9
72124,9
72125,9
72126,2
72127,10
72128,1
72129,3
72130,3
72131,8
72132,1
72133,10
72134,10
72135,6
72136,5
72137,10
72138,10
72139,9
72140,10
72141,5
72142,4
72143,7
72144,9
72145,6
72146,5
72147,7
72148,5
72149,6
72150,6
72151,5
72152,4
72153,2
72154,4
72155,7
72156,7
72157,5
72158,2
72159,2
72160,2
72161,2
72162,9
72163,10
72164,1
72165,1
72166,5
72167,5
72168,1
72169,5
72170,10
72171,7
72172,7
72173,2
72174,5
72175,10
72176,5
72177,2
72178,6
72179,7
72180,1
72181,8
72182,1
72183,10
72184,4
72185,4
72186,9
72187,4
72188,5
72189,10
72190,10
72191,10
72192,10
72193,10
72194,2
72195,10
72196,2
72197,9
72198,1
72199,7
72200,10
72201,4
72202,6
72203,1
72204,7
72205,7
72206,10
72207,5
72208,4
72209,5
72210,3
72211,9
72212,8
72213,8
72214,6
72215,4
72216,9
72217,6
72218,1
72219,5
72220,5
72221,5
72222,5
72223,4
72224,6
72225,5
72226,7
72227,2
72228,4
72229,9
72230,5
72231,5
72232,7
72233,1
72234,7
72235,1
72236,8
72237,1
72238,10
72239,9
72240,7
72241,5
72242,4
72243,8
72244,5
72245,1
72246,1
72247,5
72248,5
72249,5
72250,8
72251,8
72252,8
72253,4
72254,4
72255,9
72256,7
72257,10
72258,10
72259,4
72260,4
72261,7
72262,10
72263,3
72264,7
72265,7
72266,5
72267,1
72268,5
72269,10
72270,5
72271,5
72272,9
72273,8
72274,9
72275,5
72276,6
72277,5
72278,7
72279,5
72280,4
72281,9
72282,8
72283,10
72284,3
72285,5
72286,1
72287,1
72288,5
72289,5
72290,7
72291,10
72292,10
72293,8
72294,10
72295,10
72296,5
72297,4
72298,5
72299,9
72300,8
72301,9
72302,9
72303,1
72304,7
72305,7
72306,8
72307,5
72308,1
72309,5
72310,5
72311,10
72312,7
72313,8
72314,9
72315,1
72316,7
72317,8
72318,6
72319,5
72320,1
72321,7
72322,7
72323,2
72324,10
72325,5
72326,10
72327,10
72328,5
72329,5
72330,10
72331,9
72332,5
72333,5
72334,6
72335,8
72336,6
72337,5
72338,7
72339,10
72340,4
72341,5
72342,4
72343,2
72344,4
72345,9
72346,5
72347,7
72348,7
72349,10
72350,5
72351,4
72352,7
72353,9
72354,5
72355,7
72356,2
72357,2
72358,4
72359,7
72360,9
72361,2
72362,9
72363,9
72364,3
72365,3
72366,8
72367,5
72368,9
72369,5
72370,3
72371,1
72372,7
72373,5
72374,10
72375,6
72376,4
72377,4
72378,5
72379,5
72380,7
72381,5
72382,10
72383,10
72384,2
72385,8
72386,9
72387,1
72388,1
72389,1
72390,5
72391,5
72392,5
72393,1
72394,5
72395,4
72396,9
72397,9
72398,1
72399,9
72400,4
72401,5
72402,5
72403,10
72404,10
72405,9
72406,8
72407,4
72408,3
72409,3
72410,5
72411,5
72412,7
72413,1
72414,1
72415,8
72416,8
72417,5
72418,5
72419,5
72420,6
72421,5
72422,8
72423,4
72424,2
72425,4
72426,8
72427,7
72428,10
72429,10
72430,5
72431,4
72432,8
72433,1
72434,4
72435,7
72436,1
72437,7
72438,1
72439,8
72440,4
72441,1
72442,1
72443,7
72444,4
72445,6
72446,4
72447,9
72448,9
72449,4
72450,6
72451,1
72452,6
72453,7
72454,7
72455,7
72456,10
72457,5
72458,5
72459,5
72460,4
72461,8
72462,10
72463,10
72464,10
72465,10
72466,10
72467,10
72468,10
72469,10
72470,10
72471,10
72472,10
72473,10
72474,8
72475,10
72476,6
72477,5
72478,10
72479,5
72480,10
72481,10
72482,10
72483,1
72484,1
72485,1
72486,3
72487,10
72488,5
72489,5
72490,5
72491,3
72492,4
72493,3
72494,5
72495,7
72496,2
72497,5
72498,5
72499,10
72500,4
72501,4
72502,1
72503,7
72504,5
72505,5
72506,5
72507,4
72508,3
72509,3
72510,1
72511,3
72512,10
72513,10
72514,4
72515,8
72516,10
72517,8
72518,10
72519,4
72520,6
72521,10
72522,4
72523,5
72524,3
72525,5
72526,3
72527,5
72528,10
72529,5
72530,10
72531,10
72532,4
72533,4
72534,5
72535,5
72536,3
72537,1
72538,6
72539,1
72540,5
72541,5
72542,10
72543,4
72544,4
72545,1
72546,1
72547,9
72548,8
72549,7
72550,8
72551,4
72552,6
72553,7
72554,9
72555,8
72556,10
72557,10
72558,8
72559,8
72560,7
72561,10
72562,1
72563,1
72564,1
72565,6
72566,6
72567,1
72568,1
72569,1
72570,6
72571,1
72572,1
72573,7
72574,5
72575,5
72576,10
72577,5
72578,4
72579,10
72580,9
72581,8
72582,4
72583,6
72584,5
72585,2
72586,5
72587,4
72588,4
72589,9
72590,4
72591,2
72592,10
72593,6
72594,1
72595,1
72596,5
72597,3
72598,5
72599,7
72600,6
72601,5
72602,5
72603,4
72604,5
72605,1
72606,5
72607,1
72608,1
72609,2
72610,9
72611,8
72612,5
72613,10
72614,5
72615,4
72616,5
72617,10
72618,6
72619,9
72620,9
72621,6
72622,10
72623,4
72624,4
72625,2
72626,3
72627,2
72628,9
72629,5
72630,1
72631,7
72632,1
72633,5
72634,5
72635,5
72636,6
72637,10
72638,7
72639,5
72640,10
72641,4
72642,8
72643,4
72644,4
72645,9
72646,6
72647,8
72648,2
72649,2
72650,4
72651,10
72652,9
72653,3
72654,3
72655,1
72656,9
72657,7
72658,7
72659,7
72660,7
72661,4
72662,7
72663,8
72664,3
72665,5
72666,7
72667,10
72668,4
72669,3
72670,1
72671,8
72672,9
72673,1
72674,7
72675,10
72676,5
72677,1
72678,5
72679,1
72680,5
72681,10
72682,10
72683,5
72684,4
72685,9
72686,4
72687,1
72688,4
72689,6
72690,1
72691,5
72692,5
72693,5
72694,9
72695,6
72696,6
72697,10
72698,10
72699,5
72700,3
72701,1
72702,6
72703,6
72704,6
72705,6
72706,3
72707,1
72708,2
72709,5
72710,6
72711,9
72712,6
72713,9
72714,7
72715,6
72716,7
72717,7
72718,6
72719,8
72720,4
72721,6
72722,6
72723,9
72724,1
72725,7
72726,7
72727,7
72728,10
72729,5
72730,6
72731,4
72732,5
72733,1
72734,9
72735,5
72736,4
72737,6
72738,1
72739,5
72740,1
72741,9
72742,5
72743,6
72744,7
72745,6
72746,7
72747,6
72748,4
72749,5
72750,3
72751,1
72752,1
72753,1
72754,9
72755,5
72756,7
72757,10
72758,6
72759,6
72760,1
72761,4
72762,4
72763,3
72764,6
72765,9
72766,9
72767,10
72768,1
72769,5
72770,5
72771,5
72772,5
72773,7
72774,5
72775,10
72776,10
72777,5
72778,5
72779,8
72780,4
72781,5
72782,1
72783,1
72784,7
72785,7
72786,10
72787,6
72788,4
72789,6
72790,1
72791,3
72792,1
72793,1
72794,1
72795,6
72796,4
72797,2
72798,9
72799,8
72800,9
72801,1
72802,7
72803,3
72804,8
72805,4
72806,5
72807,1
72808,10
72809,10
72810,8
72811,9
72812,6
72813,2
72814,9
72815,9
72816,3
72817,1
72818,5
72819,1
72820,1
72821,3
72822,1
72823,5
72824,5
72825,10
72826,10
72827,2
72828,8
72829,9
72830,1
72831,8
72832,1
72833,9
72834,3
72835,1
72836,7
72837,8
72838,1
72839,9
72840,9
72841,1
72842,1
72843,1
72844,9
72845,1
72846,5
72847,2
72848,8
72849,9
72850,6
72851,8
72852,1
72853,1
72854,5
72855,1
72856,7
72857,5
72858,5
72859,5
72860,10
72861,5
72862,7
72863,7
72864,10
72865,5
72866,4
72867,9
72868,9
72869,1
72870,7
72871,6
72872,5
72873,1
72874,1
72875,1
72876,1
72877,7
72878,7
72879,6
72880,4
72881,4
72882,4
72883,9
72884,8
72885,9
72886,2
72887,2
72888,4
72889,6
72890,9
72891,9
72892,9
72893,6
72894,2
72895,5
72896,3
72897,8
72898,1
72899,5
72900,9
72901,5
72902,10
72903,5
72904,10
72905,4
72906,9
72907,9
72908,1
72909,8
72910,1
72911,1
72912,5
72913,3
72914,8
72915,1
72916,7
72917,9
72918,9
72919,7
72920,4
72921,7
72922,7
72923,3
72924,4
72925,5
72926,5
72927,4
72928,5
72929,9
72930,6
72931,4
72932,4
72933,4
72934,9
72935,5
72936,6
72937,1
72938,5
72939,7
72940,7
72941,7
72942,5
72943,7
72944,5
72945,5
72946,10
72947,4
72948,10
72949,4
72950,5
72951,2
72952,9
72953,1
72954,7
72955,4
72956,9
72957,6
72958,3
72959,9
72960,6
72961,7
72962,6
72963,9
72964,6
72965,1
72966,1
72967,5
72968,3
72969,1
72970,5
72971,5
72972,5
72973,7
72974,10
72975,5
72976,10
72977,4
72978,9
72979,5
72980,5
72981,5
72982,5
72983,1
72984,5
72985,6
72986,5
72987,10
72988,10
72989,5
72990,10
72991,10
72992,10
72993,5
72994,10
72995,5
72996,4
72997,5
72998,6
72999,4
73000,9
73001,9
73002,1
73003,2
73004,2
73005,8
73006,9
73007,7
73008,7
73009,9
73010,6
73011,9
73012,9
73013,7
73014,7
73015,7
73016,6
73017,5
73018,1
73019,5
73020,1
73021,1
73022,1
73023,7
73024,1
73025,7
73026,5
73027,7
73028,10
73029,5
73030,5
73031,8
73032,9
73033,6
73034,8
73035,2
73036,8
73037,2
73038,1
73039,1
73040,2
73041,2
73042,2
73043,8
73044,2
73045,1
73046,3
73047,6
73048,5
73049,4
73050,9
73051,1
73052,5
73053,1
73054,5
73055,7
73056,5
73057,4
73058,10
73059,5
73060,10
73061,10
73062,4
73063,1
73064,5
73065,5
73066,10
73067,4
73068,4
73069,7
73070,2
73071,4
73072,4
73073,4
73074,9
73075,5
73076,9
73077,1
73078,4
73079,5
73080,7
73081,6
73082,7
73083,4
73084,1
73085,9
73086,4
73087,1
73088,1
73089,1
73090,1
73091,1
73092,4
73093,5
73094,5
73095,7
73096,5
73097,10
73098,9
73099,7
73100,7
73101,6
73102,6
73103,10
73104,5
73105,7
73106,6
73107,1
73108,7
73109,1
73110,1
73111,1
73112,10
73113,5
73114,8
73115,7
73116,7
73117,6
73118,8
73119,9
73120,1
73121,7
73122,1
73123,9
73124,2
73125,10
73126,9
73127,4
73128,4
73129,2
73130,9
73131,5
73132,3
73133,6
73134,2
73135,2
73136,7
73137,1
73138,9
73139,3
73140,7
73141,7
73142,5
73143,5
73144,10
73145,5
73146,8
73147,1
73148,9
73149,1
73150,9
73151,5
73152,10
73153,1
73154,5
73155,10
73156,5
73157,4
73158,4
73159,3
73160,1
73161,6
73162,5
73163,10
73164,5
73165,10
73166,3
73167,1
73168,2
73169,9
73170,7
73171,2
73172,9
73173,4
73174,2
73175,7
73176,5
73177,7
73178,5
73179,7
73180,8
73181,10
73182,4
73183,10
73184,4
73185,1
73186,8
73187,2
73188,4
73189,2
73190,5
73191,6
73192,7
73193,5
73194,5
73195,10
73196,4
73197,10
73198,5
73199,6
73200,4
73201,2
73202,2
73203,7
73204,1
73205,1
73206,1
73207,6
73208,8
73209,1
73210,5
73211,10
73212,7
73213,5
73214,5
73215,6
73216,8
73217,2
73218,7
73219,9
73220,6
73221,5
73222,5
73223,5
73224,6
73225,10
73226,10
73227,9
73228,6
73229,4
73230,6
73231,7
73232,6
73233,8
73234,7
73235,7
73236,1
73237,7
73238,1
73239,7
73240,9
73241,7
73242,6
73243,7
73244,1
73245,5
73246,5
73247,7
73248,10
73249,9
73250,10
73251,5
73252,5
73253,2
73254,1
73255,2
73256,7
73257,1
73258,1
73259,1
73260,5
73261,3
73262,5
73263,4
73264,7
73265,7
73266,7
73267,7
73268,5
73269,8
73270,5
73271,10
73272,10
73273,5
73274,7
73275,2
73276,9
73277,4
73278,6
73279,3
73280,2
73281,2
73282,6
73283,9
73284,7
73285,7
73286,7
73287,5
73288,5
73289,4
73290,5
73291,9
73292,10
73293,5
73294,1
73295,1
73296,1
73297,2
73298,7
73299,7
73300,6
73301,6
73302,6
73303,6
73304,5
73305,7
73306,8
73307,9
73308,6
73309,2
73310,7
73311,9
73312,9
73313,1
73314,3
73315,9
73316,6
73317,9
73318,5
73319,7
73320,5
73321,7
73322,5
73323,10
73324,5
73325,9
73326,2
73327,9
73328,6
73329,9
73330,8
73331,8
73332,1
73333,1
73334,5
73335,6
73336,1
73337,8
73338,5
73339,6
73340,5
73341,3
73342,1
73343,4
73344,1
73345,6
73346,7
73347,5
73348,10
73349,10
73350,4
73351,10
73352,10
73353,4
73354,4
73355,1
73356,1
73357,6
73358,1
73359,5
73360,10
73361,6
73362,4
73363,4
73364,6
73365,2
73366,2
73367,6
73368,8
73369,4
73370,9
73371,7
73372,7
73373,8
73374,5
73375,5
73376,5
73377,3
73378,5
73379,7
73380,5
73381,7
73382,5
73383,7
73384,5
73385,5
73386,10
73387,10
73388,2
73389,4
73390,2
73391,2
73392,2
73393,8
73394,5
73395,7
73396,5
73397,6
73398,7
73399,7
73400,8
73401,6
73402,2
73403,7
73404,3
73405,1
73406,4
73407,1
73408,6
73409,7
73410,7
73411,10
73412,4
73413,4
73414,7
73415,7
73416,1
73417,7
73418,8
73419,1
73420,7
73421,7
73422,1
73423,7
73424,2
73425,2
73426,4
73427,9
73428,9
73429,2
73430,5
73431,3
73432,1
73433,5
73434,9
73435,4
73436,8
73437,9
73438,6
73439,7
73440,2
73441,2
73442,5
73443,2
73444,5
73445,5
73446,2
73447,9
73448,4
73449,7
73450,2
73451,2
73452,10
73453,6
73454,7
73455,1
73456,9
73457,1
73458,2
73459,10
73460,10
73461,5
73462,4
73463,8
73464,7
73465,5
73466,5
73467,5
73468,5
73469,7
73470,5
73471,7
73472,5
73473,8
73474,4
73475,9
73476,9
73477,5
73478,2
73479,4
73480,4
73481,7
73482,7
73483,5
73484,1
73485,1
73486,1
73487,6
73488,1
73489,3
73490,7
73491,9
73492,7
73493,5
73494,5
73495,4
73496,4
73497,4
73498,8
73499,8
73500,6
73501,3
73502,2
73503,7
73504,7
73505,5
73506,5
73507,7
73508,5
73509,5
73510,5
73511,5
73512,5
73513,1
73514,7
73515,5
73516,10
73517,4
73518,8
73519,9
73520,9
73521,9
73522,5
73523,3
73524,1
73525,9
73526,1
73527,4
73528,5
73529,5
73530,1
73531,7
73532,5
73533,10
73534,10
73535,5
73536,6
73537,10
73538,2
73539,8
73540,9
73541,4
73542,7
73543,7
73544,9
73545,3
73546,1
73547,1
73548,2
73549,7
73550,9
73551,5
73552,5
73553,6
73554,8
73555,7
73556,1
73557,3
73558,5
73559,7
73560,7
73561,10
73562,5
73563,8
73564,2
73565,1
73566,5
73567,5
73568,5
73569,9
73570,10
73571,5
73572,5
73573,4
73574,4
73575,8
73576,6
73577,8
73578,4
73579,7
73580,3
73581,2
73582,1
73583,2
73584,2
73585,4
73586,10
73587,5
73588,2
73589,7
73590,5
73591,10
73592,6
73593,6
73594,9
73595,8
73596,2
73597,10
73598,6
73599,4
73600,1
73601,7
73602,5
73603,7
73604,5
73605,10
73606,4
73607,6
73608,8
73609,7
73610,7
73611,7
73612,5
73613,4
73614,5
73615,2
73616,4
73617,2
73618,2
73619,7
73620,2
73621,1
73622,5
73623,7
73624,5
73625,6
73626,8
73627,9
73628,4
73629,2
73630,1
73631,9
73632,2
73633,9
73634,7
73635,5
73636,7
73637,6
73638,7
73639,6
73640,9
73641,6
73642,5
73643,7
73644,10
73645,4
73646,4
73647,2
73648,7
73649,7
73650,1
73651,5
73652,5
73653,10
73654,10
73655,5
73656,5
73657,5
73658,2
73659,9
73660,6
73661,9
73662,2
73663,8
73664,4
73665,7
73666,4
73667,5
73668,10
73669,5
73670,5
73671,5
73672,10
73673,10
73674,10
73675,10
73676,9
73677,9
73678,2
73679,9
73680,4
73681,7
73682,5
73683,3
73684,5
73685,3
73686,5
73687,1
73688,5
73689,10
73690,4
73691,4
73692,4
73693,9
73694,9
73695,10
73696,7
73697,5
73698,10
73699,7
73700,6
73701,5
73702,4
73703,9
73704,10
73705,10
73706,9
73707,3
73708,6
73709,6
73710,1
73711,5
73712,7
73713,9
73714,5
73715,10
73716,10
73717,4
73718,8
73719,9
73720,10
73721,7
73722,3
73723,5
73724,6
73725,5
73726,10
73727,10
73728,4
73729,4
73730,5
73731,6
73732,1
73733,1
73734,10
73735,4
73736,10
73737,10
73738,6
73739,10
73740,10
73741,2
73742,5
73743,4
73744,8
73745,2
73746,2
73747,9
73748,3
73749,6
73750,5
73751,5
73752,8
73753,2
73754,10
73755,5
73756,5
73757,10
73758,10
73759,6
73760,10
73761,5
73762,7
73763,4
73764,7
73765,7
73766,7
73767,5
73768,5
73769,8
73770,9
73771,2
73772,2
73773,7
73774,7
73775,5
73776,5
73777,1
73778,1
73779,6
73780,5
73781,10
73782,4
73783,3
73784,3
73785,1
73786,6
73787,6
73788,4
73789,4
73790,4
73791,8
73792,8
73793,4
73794,4
73795,4
73796,2
73797,5
73798,5
73799,2
73800,5
73801,2
73802,8
73803,1
73804,7
73805,1
73806,7
73807,9
73808,1
73809,8
73810,8
73811,6
73812,5
73813,1
73814,5
73815,1
73816,8
73817,7
73818,10
73819,5
73820,4
73821,5
73822,7
73823,8
73824,5
73825,1
73826,1
73827,2
73828,10
73829,10
73830,5
73831,4
73832,5
73833,2
73834,5
73835,4
73836,9
73837,1
73838,1
73839,1
73840,5
73841,10
73842,5
73843,10
73844,5
73845,4
73846,5
73847,7
73848,5
73849,10
73850,10
73851,5
73852,4
73853,8
73854,9
73855,4
73856,8
73857,2
73858,7
73859,10
73860,6
73861,7
73862,6
73863,7
73864,6
73865,5
73866,5
73867,7
73868,5
73869,2
73870,4
73871,8
73872,2
73873,8
73874,2
73875,9
73876,4
73877,1
73878,7
73879,10
73880,10
73881,5
73882,5
73883,5
73884,4
73885,4
73886,4
73887,4
73888,8
73889,6
73890,9
73891,3
73892,3
73893,5
73894,5
73895,9
73896,7
73897,10
73898,4
73899,8
73900,4
73901,9
73902,7
73903,8
73904,10
73905,9
73906,6
73907,1
73908,5
73909,5
73910,5
73911,10
73912,7
73913,5
73914,4
73915,7
73916,10
73917,4
73918,9
73919,1
73920,7
73921,6
73922,6
73923,10
73924,10
73925,10
73926,6
73927,6
73928,3
73929,10
73930,7
73931,10
73932,7
73933,10
73934,6
73935,10
73936,1
73937,10
73938,1
73939,4
73940,10
73941,10
73942,10
73943,7
73944,10
73945,10
73946,10
73947,5
73948,8
73949,5
73950,1
73951,3
73952,5
73953,5
73954,5
73955,10
73956,7
73957,10
73958,5
73959,6
73960,5
73961,10
73962,10
73963,5
73964,4
73965,5
73966,2
73967,4
73968,4
73969,4
73970,6
73971,8
73972,4
73973,4
73974,8
73975,2
73976,8
73977,5
73978,6
73979,8
73980,6
73981,7
73982,1
73983,4
73984,4
73985,1
73986,7
73987,5
73988,10
73989,5
73990,9
73991,10
73992,10
73993,5
73994,10
73995,5
73996,6
73997,5
73998,4
73999,1
74000,8
74001,10
74002,10
74003,10
74004,10
74005,10
74006,3
74007,5
74008,1
74009,5
74010,1
74011,5
74012,5
74013,5
74014,6
74015,5
74016,5
74017,4
74018,4
74019,3
74020,6
74021,6
74022,3
74023,8
74024,5
74025,4
74026,8
74027,4
74028,7
74029,4
74030,3
74031,1
74032,5
74033,5
74034,9
74035,10
74036,4
74037,3
74038,2
74039,5
74040,9
74041,2
74042,9
74043,7
74044,2
74045,1
74046,1
74047,1
74048,7
74049,5
74050,5
74051,9
74052,6
74053,7
74054,6
74055,8
74056,7
74057,10
74058,4
74059,7
74060,7
74061,5
74062,4
74063,1
74064,4
74065,1
74066,3
74067,7
74068,1
74069,5
74070,8
74071,10
74072,10
74073,10
74074,5
74075,8
74076,6
74077,1
74078,3
74079,3
74080,6
74081,3
74082,1
74083,5
74084,5
74085,4
74086,9
74087,4
74088,6
74089,1
74090,5
74091,3
74092,5
74093,5
74094,6
74095,5
74096,6
74097,1
74098,1
74099,4
74100,5
74101,4
74102,4
74103,10
74104,5
74105,10
74106,10
74107,5
74108,3
74109,9
74110,10
74111,9
74112,9
74113,1
74114,8
74115,9
74116,9
74117,1
74118,1
74119,5
74120,7
74121,5
74122,10
74123,8
74124,7
74125,5
74126,5
74127,5
74128,5
74129,4
74130,4
74131,5
74132,7
74133,7
74134,7
74135,7
74136,4
74137,8
74138,10
74139,4
74140,4
74141,4
74142,8
74143,3
74144,1
74145,9
74146,9
74147,5
74148,10
74149,8
74150,5
74151,3
74152,6
74153,9
74154,1
74155,1
74156,8
74157,7
74158,6
74159,5
74160,8
74161,5
74162,10
74163,10
74164,5
74165,5
74166,5
74167,4
74168,9
74169,7
74170,1
74171,1
74172,5
74173,9
74174,10
74175,10
74176,1
74177,10
74178,9
74179,7
74180,6
74181,7
74182,3
74183,3
74184,6
74185,6
74186,9
74187,5
74188,5
74189,1
74190,5
74191,10
74192,7
74193,7
74194,10
74195,10
74196,6
74197,10
74198,10
74199,9
74200,4
74201,10
74202,10
74203,10
74204,8
74205,1
74206,5
74207,2
74208,6
74209,10
74210,1
74211,6
74212,6
74213,5
74214,10
74215,4
74216,5
74217,2
74218,2
74219,9
74220,10
74221,6
74222,6
74223,6
74224,1
74225,9
74226,9
74227,6
74228,7
74229,1
74230,7
74231,3
74232,2
74233,7
74234,5
74235,1
74236,5
74237,10
74238,5
74239,5
74240,5
74241,9
74242,9
74243,9
74244,5
74245,7
74246,7
74247,5
74248,5
74249,2
74250,10
74251,4
74252,9
74253,9
74254,9
74255,6
74256,6
74257,5
74258,3
74259,1
74260,8
74261,10
74262,7
74263,6
74264,9
74265,7
74266,7
74267,9
74268,7
74269,4
74270,3
74271,1
74272,1
74273,1
74274,9
74275,7
74276,10
74277,5
74278,7
74279,4
74280,5
74281,5
74282,5
74283,5
74284,3
74285,4
74286,5
74287,5
74288,7
74289,7
74290,1
74291,1
74292,6
74293,10
74294,9
74295,9
74296,5
74297,3
74298,9
74299,8
74300,6
74301,6
74302,3
74303,1
74304,5
74305,5
74306,7
74307,5
74308,10
74309,10
74310,10
74311,5
74312,8
74313,5
74314,3
74315,1
74316,1
74317,1
74318,3
74319,5
74320,10
74321,5
74322,5
74323,8
74324,4
74325,8
74326,2
74327,2
74328,4
74329,9
74330,1
74331,1
74332,6
74333,7
74334,2
74335,6
74336,1
74337,1
74338,5
74339,5
74340,1
74341,1
74342,5
74343,3
74344,7
74345,5
74346,5
74347,5
74348,10
74349,5
74350,4
74351,2
74352,4
74353,10
74354,1
74355,1
74356,1
74357,1
74358,7
74359,6
74360,5
74361,4
74362,9
74363,2
74364,2
74365,2
74366,6
74367,6
74368,7
74369,3
74370,9
74371,1
74372,1
74373,9
74374,9
74375,3
74376,5
74377,5
74378,1
74379,6
74380,1
74381,6
74382,1
74383,1
74384,1
74385,6
74386,2
74387,5
74388,5
74389,5
74390,6
74391,5
74392,7
74393,3
74394,9
74395,10
74396,6
74397,6
74398,10
74399,6
74400,4
74401,4
74402,4
74403,4
74404,6
74405,9
74406,7
74407,9
74408,4
74409,7
74410,7
74411,2
74412,8
74413,7
74414,9
74415,8
74416,4
74417,5
74418,7
74419,4
74420,3
74421,5
74422,3
74423,3
74424,7
74425,1
74426,5
74427,5
74428,9
74429,6
74430,6
74431,5
74432,5
74433,7
74434,7
74435,10
74436,9
74437,5
74438,6
74439,8
74440,9
74441,4
74442,2
74443,6
74444,10
74445,10
74446,2
74447,2
74448,9
74449,7
74450,1
74451,5
74452,5
74453,7
74454,10
74455,5
74456,5
74457,4
74458,5
74459,8
74460,4
74461,4
74462,8
74463,8
74464,3
74465,1
74466,1
74467,5
74468,10
74469,5
74470,9
74471,7
74472,7
74473,7
74474,7
74475,3
74476,6
74477,5
74478,5
74479,10
74480,10
74481,5
74482,9
74483,8
74484,7
74485,3
74486,6
74487,1
74488,1
74489,1
74490,6
74491,7
74492,7
74493,5
74494,10
74495,8
74496,4
74497,6
74498,10
74499,8
74500,10
74501,3
74502,9
74503,8
74504,8
74505,9
74506,9
74507,3
74508,9
74509,1
74510,3
74511,10
74512,9
74513,3
74514,5
74515,6
74516,5
74517,10
74518,7
74519,7
74520,8
74521,10
74522,5
74523,5
74524,5
74525,7
74526,2
74527,4
74528,1
74529,1
74530,1
74531,6
74532,3
74533,7
74534,10
74535,5
74536,2
74537,8
74538,2
74539,7
74540,8
74541,3
74542,9
74543,2
74544,7
74545,2
74546,8
74547,1
74548,5
74549,7
74550,5
74551,7
74552,7
74553,5
74554,10
74555,5
74556,6
74557,5
74558,5
74559,1
74560,8
74561,7
74562,8
74563,8
74564,9
74565,7
74566,7
74567,6
74568,7
74569,4
74570,5
74571,9
74572,2
74573,2
74574,9
74575,10
74576,7
74577,9
74578,1
74579,8
74580,4
74581,7
74582,10
74583,9
74584,5
74585,3
74586,1
74587,6
74588,5
74589,7
74590,7
74591,5
74592,5
74593,5
74594,4
74595,10
74596,5
74597,4
74598,4
74599,9
74600,9
74601,1
74602,5
74603,9
74604,1
74605,5
74606,9
74607,5
74608,5
74609,5
74610,1
74611,1
74612,3
74613,5
74614,5
74615,5
74616,5
74617,5
74618,4
74619,1
74620,6
74621,5
74622,4
74623,10
74624,4
74625,7
74626,7
74627,2
74628,8
74629,9
74630,8
74631,6
74632,9
74633,3
74634,1
74635,5
74636,7
74637,6
74638,7
74639,5
74640,5
74641,10
74642,4
74643,9
74644,10
74645,7
74646,2
74647,7
74648,9
74649,3
74650,4
74651,7
74652,1
74653,9
74654,9
74655,5
74656,5
74657,10
74658,5
74659,5
74660,3
74661,4
74662,4
74663,7
74664,1
74665,7
74666,7
74667,7
74668,7
74669,6
74670,6
74671,9
74672,7
74673,7
74674,2
74675,2
74676,1
74677,9
74678,7
74679,2
74680,2
74681,8
74682,5
74683,3
74684,1
74685,6
74686,7
74687,7
74688,7
74689,7
74690,5
74691,10
74692,5
74693,4
74694,9
74695,3
74696,3
74697,5
74698,5
74699,3
74700,7
74701,1
74702,10
74703,7
74704,7
74705,10
74706,7
74707,4
74708,9
74709,1
74710,1
74711,1
74712,3
74713,7
74714,5
74715,5
74716,7
74717,6
74718,5
74719,10
74720,10
74721,8
74722,6
74723,6
74724,2
74725,4
74726,1
74727,1
74728,2
74729,7
74730,2
74731,4
74732,4
74733,5
74734,9
74735,2
74736,3
74737,6
74738,10
74739,6
74740,8
74741,8
74742,2
74743,6
74744,4
74745,5
74746,10
74747,9
74748,9
74749,8
74750,7
74751,7
74752,5
74753,5
74754,1
74755,10
74756,10
74757,5
74758,9
74759,4
74760,3
74761,1
74762,2
74763,9
74764,8
74765,10
74766,2
74767,2
74768,10
74769,8
74770,1
74771,3
74772,1
74773,5
74774,6
74775,6
74776,5
74777,7
74778,5
74779,5
74780,2
74781,4
74782,7
74783,8
74784,8
74785,3
74786,9
74787,9
74788,8
74789,3
74790,1
74791,1
74792,7
74793,6
74794,1
74795,6
74796,7
74797,4
74798,2
74799,5
74800,5
74801,4
74802,8
74803,2
74804,9
74805,7
74806,8
74807,4
74808,4
74809,10
74810,2
74811,3
74812,5
74813,5
74814,7
74815,5
74816,10
74817,10
74818,5
74819,10
74820,10
74821,5
74822,7
74823,2
74824,7
74825,9
74826,10
74827,6
74828,10
74829,2
74830,7
74831,9
74832,3
74833,8
74834,7
74835,10
74836,10
74837,10
74838,2
74839,5
74840,6
74841,9
74842,2
74843,8
74844,7
74845,7
74846,1
74847,5
74848,1
74849,1
74850,5
74851,10
74852,10
74853,10
74854,2
74855,9
74856,4
74857,8
74858,4
74859,2
74860,8
74861,7
74862,7
74863,5
74864,5
74865,7
74866,7
74867,5
74868,10
74869,4
74870,4
74871,7
74872,7
74873,7
74874,4
74875,1
74876,1
74877,7
74878,7
74879,7
74880,9
74881,8
74882,7
74883,5
74884,5
74885,10
74886,5
74887,9
74888,1
74889,5
74890,1
74891,3
74892,1
74893,1
74894,1
74895,5
74896,7
74897,5
74898,7
74899,5
74900,10
74901,5
74902,10
74903,5
74904,5
74905,5
74906,3
74907,3
74908,5
74909,1
74910,6
74911,9
74912,2
74913,2
74914,4
74915,7
74916,8
74917,8
74918,9
74919,9
74920,9
74921,7
74922,8
74923,1
74924,6
74925,8
74926,10
74927,7
74928,5
74929,6
74930,5
74931,10
74932,4
74933,7
74934,3
74935,10
74936,10
74937,7
74938,6
74939,10
74940,5
74941,10
74942,5
74943,10
74944,6
74945,4
74946,7
74947,7
74948,10
74949,4
74950,1
74951,3
74952,3
74953,8
74954,7
74955,6
74956,5
74957,7
74958,10
74959,5
74960,9
74961,4
74962,7
74963,4
74964,9
74965,5
74966,5
74967,8
74968,10
74969,10
74970,10
74971,10
74972,5
74973,4
74974,7
74975,2
74976,7
74977,2
74978,5
74979,5
74980,5
74981,4
74982,1
74983,7
74984,5
74985,9
74986,3
74987,4
74988,4
74989,10
74990,10
74991,1
74992,1
74993,5
74994,5
74995,10
74996,9
74997,10
74998,2
74999,4
75000,2
75001,9
75002,4
75003,10
75004,5
75005,4
75006,8
75007,3
75008,2
75009,10
75010,4
75011,10
75012,8
75013,1
75014,10
75015,4
75016,2
75017,2
75018,2
75019,2
75020,7
75021,3
75022,4
75023,2
75024,4
75025,1
75026,5
75027,6
75028,1
75029,1
75030,2
75031,4
75032,6
75033,5
75034,4
75035,4
75036,1
75037,1
75038,7
75039,10
75040,10
75041,5
75042,4
75043,7
75044,2
75045,2
75046,10
75047,6
75048,10
75049,4
75050,10
75051,10
75052,10
75053,4
75054,10
75055,10
75056,10
75057,10
75058,3
75059,6
75060,10
75061,5
75062,5
75063,9
75064,9
75065,4
75066,3
75067,6
75068,2
75069,1
75070,3
75071,1
75072,4
75073,6
75074,10
75075,5
75076,5
75077,10
75078,5
75079,4
75080,4
75081,9
75082,9
75083,9
75084,4
75085,4
75086,10
75087,4
75088,6
75089,1
75090,1
75091,5
75092,7
75093,10
75094,5
75095,10
75096,9
75097,4
75098,9
75099,6
75100,6
75101,8
75102,4
75103,2
75104,1
75105,10
75106,9
75107,3
75108,3
75109,1
75110,9
75111,4
75112,9
75113,4
75114,9
75115,6
75116,8
75117,2
75118,2
75119,4
75120,9
75121,9
75122,3
75123,10
75124,2
75125,10
75126,1
75127,2
75128,10
75129,7
75130,7
75131,10
75132,9
75133,8
75134,10
75135,3
75136,9
75137,10
75138,1
75139,10
75140,5
75141,7
75142,5
75143,10
75144,10
75145,6
75146,4
75147,4
75148,6
75149,4
75150,3
75151,6
75152,5
75153,5
75154,1
75155,5
75156,7
75157,6
75158,8
75159,5
75160,5
75161,4
75162,10
75163,4
75164,9
75165,3
75166,5
75167,5
75168,5
75169,5
75170,5
75171,10
75172,9
75173,4
75174,10
75175,10
75176,4
75177,4
75178,1
75179,6
75180,5
75181,5
75182,7
75183,5
75184,5
75185,10
75186,4
75187,9
75188,4
75189,2
75190,10
75191,10
75192,9
75193,5
75194,1
75195,6
75196,1
75197,10
75198,10
75199,10
75200,10
75201,10
75202,5
75203,4
75204,7
75205,7
75206,9
75207,5
75208,3
75209,1
75210,1
75211,1
75212,10
75213,5
75214,7
75215,5
75216,5
75217,10
75218,9
75219,9
75220,4
75221,3
75222,5
75223,10
75224,4
75225,2
75226,3
75227,8
75228,8
75229,5
75230,6
75231,10
75232,1
75233,3
75234,9
75235,2
75236,3
75237,5
75238,5
75239,8
75240,10
75241,6
75242,10
75243,5
75244,5
75245,4
75246,4
75247,2
75248,8
75249,2
75250,4
75251,5
75252,6
75253,1
75254,1
75255,10
75256,5
75257,10
75258,4
75259,2
75260,5
75261,8
75262,5
75263,1
75264,7
75265,10
75266,2
75267,2
75268,2
75269,2
75270,7
75271,9
75272,5
75273,3
75274,5
75275,5
75276,7
75277,1
75278,3
75279,10
75280,1
75281,4
75282,5
75283,7
75284,7
75285,5
75286,9
75287,6
75288,5
75289,10
75290,10
75291,10
75292,5
75293,10
75294,4
75295,4
75296,4
75297,8
75298,4
75299,8
75300,4
75301,4
75302,6
75303,4
75304,4
75305,6
75306,1
75307,3
75308,3
75309,3
75310,9
75311,7
75312,7
75313,8
75314,7
75315,3
75316,3
75317,1
75318,9
75319,1
75320,10
75321,10
75322,5
75323,5
75324,6
75325,5
75326,8
75327,4
75328,10
75329,10
75330,8
75331,4
75332,6
75333,4
75334,4
75335,4
75336,10
75337,10
75338,10
75339,4
75340,10
75341,10
75342,10
75343,10
75344,10
75345,10
75346,10
75347,10
75348,10
75349,10
75350,10
75351,10
75352,10
75353,10
75354,10
75355,10
75356,10
75357,10
75358,1
75359,10
75360,6
75361,10
75362,4
75363,2
75364,10
75365,10
75366,10
75367,10
75368,10
75369,7
75370,3
75371,5
75372,3
75373,1
75374,7
75375,10
75376,4
75377,5
75378,9
75379,4
75380,9
75381,4
75382,10
75383,7
75384,10
75385,4
75386,4
75387,5
75388,1
75389,5
75390,5
75391,7
75392,5
75393,5
75394,10
75395,10
75396,3
75397,5
75398,4
75399,4
75400,1
75401,9
75402,2
75403,4
75404,7
75405,5
75406,5
75407,4
75408,4
75409,9
75410,4
75411,4
75412,5
75413,5
75414,5
75415,5
75416,5
75417,10
75418,4
75419,3
75420,9
75421,4
75422,8
75423,1
75424,9
75425,1
75426,2
75427,9
75428,9
75429,9
75430,8
75431,3
75432,5
75433,1
75434,1
75435,5
75436,7
75437,1
75438,5
75439,10
75440,5
75441,8
75442,2
75443,4
75444,6
75445,10
75446,7
75447,5
75448,7
75449,7
75450,6
75451,8
75452,5
75453,10
75454,8
75455,1
75456,1
75457,7
75458,5
75459,2
75460,3
75461,5
75462,7
75463,8
75464,7
75465,7
75466,5
75467,10
75468,5
75469,5
75470,5
75471,8
75472,3
75473,4
75474,10
75475,5
75476,10
75477,3
75478,5
75479,1
75480,1
75481,1
75482,1
75483,7
75484,5
75485,10
75486,6
75487,5
75488,5
75489,4
75490,4
75491,4
75492,2
75493,10
75494,8
75495,4
75496,3
75497,8
75498,1
75499,7
75500,1
75501,8
75502,1
75503,1
75504,5
75505,6
75506,10
75507,7
75508,5
75509,10
75510,10
75511,9
75512,9
75513,3
75514,7
75515,5
75516,4
75517,5
75518,3
75519,10
75520,7
75521,10
75522,5
75523,7
75524,5
75525,10
75526,5
75527,7
75528,6
75529,1
75530,7
75531,8
75532,6
75533,1
75534,6
75535,1
75536,6
75537,1
75538,9
75539,9
75540,6
75541,7
75542,2
75543,2
75544,9
75545,8
75546,6
75547,1
75548,3
75549,4
75550,6
75551,8
75552,7
75553,4
75554,5
75555,7
75556,7
75557,7
75558,5
75559,6
75560,5
75561,5
75562,4
75563,4
75564,9
75565,4
75566,5
75567,8
75568,6
75569,1
75570,7
75571,7
75572,1
75573,10
75574,1
75575,5
75576,6
75577,9
75578,8
75579,9
75580,1
75581,6
75582,3
75583,7
75584,5
75585,1
75586,1
75587,6
75588,1
75589,9
75590,10
75591,7
75592,10
75593,10
75594,4
75595,1
75596,9
75597,1
75598,4
75599,9
75600,9
75601,1
75602,1
75603,9
75604,9
75605,1
75606,1
75607,1
75608,1
75609,7
75610,5
75611,8
75612,4
75613,4
75614,4
75615,4
75616,5
75617,8
75618,2
75619,1
75620,1
75621,1
75622,1
75623,3
75624,9
75625,5
75626,7
75627,7
75628,7
75629,5
75630,5
75631,5
75632,10
75633,5
75634,5
75635,2
75636,6
75637,7
75638,9
75639,9
75640,9
75641,4
75642,4
75643,4
75644,7
75645,3
75646,1
75647,5
75648,1
75649,6
75650,1
75651,1
75652,9
75653,9
75654,4
75655,7
75656,10
75657,5
75658,5
75659,5
75660,6
75661,10
75662,10
75663,10
75664,10
75665,5
75666,8
75667,4
75668,5
75669,4
75670,9
75671,9
75672,7
75673,9
75674,9
75675,3
75676,6
75677,5
75678,1
75679,6
75680,2
75681,9
75682,6
75683,10
75684,10
75685,1
75686,2
75687,6
75688,6
75689,3
75690,9
75691,1
75692,1
75693,6
75694,1
75695,4
75696,6
75697,10
75698,10
75699,5
75700,7
75701,4
75702,4
75703,8
75704,4
75705,4
75706,3
75707,1
75708,5
75709,1
75710,7
75711,5
75712,4
75713,5
75714,6
75715,9
75716,7
75717,7
75718,9
75719,8
75720,8
75721,7
75722,9
75723,5
75724,1
75725,1
75726,1
75727,7
75728,4
75729,7
75730,10
75731,5
75732,1
75733,5
75734,4
75735,4
75736,4
75737,4
75738,10
75739,9
75740,6
75741,10
75742,6
75743,7
75744,7
75745,6
75746,9
75747,2
75748,2
75749,10
75750,8
75751,3
75752,9
75753,1
75754,1
75755,5
75756,6
75757,5
75758,10
75759,10
75760,8
75761,7
75762,6
75763,9
75764,2
75765,9
75766,4
75767,5
75768,6
75769,5
75770,7
75771,1
75772,6
75773,8
75774,7
75775,4
75776,10
75777,1
75778,1
75779,10
75780,9
75781,2
75782,6
75783,6
75784,3
75785,9
75786,4
75787,9
75788,1
75789,5
75790,7
75791,10
75792,10
75793,9
75794,5
75795,4
75796,7
75797,7
75798,7
75799,6
75800,5
75801,10
75802,10
75803,10
75804,10
75805,5
75806,4
75807,9
75808,5
75809,6
75810,5
75811,8
75812,6
75813,3
75814,10
75815,10
75816,10
75817,5
75818,7
75819,9
75820,9
75821,4
75822,3
75823,5
75824,10
75825,1
75826,4
75827,5
75828,1
75829,7
75830,7
75831,1
75832,8
75833,8
75834,7
75835,5
75836,1
75837,1
75838,1
75839,8
75840,7
75841,10
75842,9
75843,4
75844,8
75845,9
75846,4
75847,10
75848,2
75849,7
75850,5
75851,3
75852,7
75853,5
75854,6
75855,5
75856,2
75857,8
75858,6
75859,7
75860,6
75861,9
75862,7
75863,9
75864,6
75865,9
75866,1
75867,5
75868,1
75869,1
75870,1
75871,1
75872,7
75873,10
75874,10
75875,10
75876,5
75877,1
75878,5
75879,4
75880,2
75881,7
75882,9
75883,6
75884,8
75885,1
75886,7
75887,5
75888,7
75889,1
75890,1
75891,7
75892,6
75893,5
75894,6
75895,1
75896,6
75897,7
75898,7
75899,7
75900,7
75901,5
75902,8
75903,6
75904,10
75905,7
75906,8
75907,8
75908,7
75909,1
75910,3
75911,1
75912,5
75913,1
75914,7
75915,7
75916,10
75917,5
75918,10
75919,4
75920,4
75921,5
75922,8
75923,4
75924,3
75925,6
75926,6
75927,5
75928,1
75929,9
75930,5
75931,7
75932,8
75933,7
75934,10
75935,7
75936,9
75937,9
75938,7
75939,9
75940,2
75941,4
75942,2
75943,4
75944,10
75945,9
75946,4
75947,9
75948,2
75949,4
75950,1
75951,7
75952,6
75953,6
75954,7
75955,5
75956,5
75957,6
75958,5
75959,10
75960,5
75961,5
75962,6
75963,6
75964,4
75965,4
75966,2
75967,2
75968,8
75969,8
75970,9
75971,9
75972,10
75973,6
75974,6
75975,1
75976,10
75977,9
75978,7
75979,10
75980,2
75981,4
75982,6
75983,1
75984,1
75985,1
75986,9
75987,8
75988,5
75989,6
75990,4
75991,7
75992,2
75993,7
75994,9
75995,9
75996,9
75997,9
75998,2
75999,8
76000,9
76001,10
76002,6
76003,5
76004,1
76005,1
76006,5
76007,4
76008,4
76009,8
76010,5
76011,10
76012,10
76013,10
76014,5
76015,8
76016,6
76017,6
76018,3
76019,1
76020,7
76021,1
76022,7
76023,7
76024,6
76025,6
76026,7
76027,5
76028,4
76029,1
76030,7
76031,7
76032,7
76033,6
76034,5
76035,1
76036,5
76037,5
76038,5
76039,8
76040,10
76041,5
76042,5
76043,4
76044,4
76045,3
76046,5
76047,9
76048,7
76049,10
76050,2
76051,9
76052,7
76053,6
76054,1
76055,3
76056,9
76057,5
76058,1
76059,5
76060,7
76061,7
76062,7
76063,7
76064,10
76065,5
76066,5
76067,10
76068,5
76069,9
76070,4
76071,4
76072,9
76073,2
76074,3
76075,9
76076,10
76077,8
76078,4
76079,6
76080,7
76081,2
76082,6
76083,3
76084,9
76085,4
76086,7
76087,7
76088,4
76089,1
76090,3
76091,2
76092,1
76093,3
76094,1
76095,6
76096,8
76097,7
76098,7
76099,5
76100,2
76101,7
76102,5
76103,5
76104,5
76105,7
76106,7
76107,8
76108,9
76109,5
76110,5
76111,5
76112,10
76113,10
76114,10
76115,2
76116,4
76117,2
76118,4
76119,1
76120,3
76121,1
76122,7
76123,2
76124,10
76125,7
76126,9
76127,3
76128,2
76129,1
76130,1
76131,1
76132,6
76133,6
76134,9
76135,8
76136,10
76137,5
76138,9
76139,10
76140,4
76141,6
76142,2
76143,2
76144,1
76145,6
76146,1
76147,1
76148,10
76149,9
76150,8
76151,1
76152,7
76153,2
76154,2
76155,5
76156,6
76157,3
76158,5
76159,7
76160,9
76161,10
76162,5
76163,10
76164,1
76165,4
76166,9
76167,6
76168,1
76169,7
76170,5
76171,4
76172,4
76173,6
76174,7
76175,5
76176,10
76177,5
76178,4
76179,2
76180,9
76181,1
76182,4
76183,9
76184,3
76185,7
76186,5
76187,1
76188,6
76189,5
76190,5
76191,1
76192,5
76193,5
76194,10
76195,5
76196,10
76197,4
76198,4
76199,9
76200,1
76201,6
76202,3
76203,10
76204,1
76205,2
76206,7
76207,9
76208,7
76209,3
76210,4
76211,4
76212,8
76213,4
76214,7
76215,1
76216,10
76217,1
76218,2
76219,2
76220,7
76221,8
76222,7
76223,1
76224,7
76225,1
76226,1
76227,7
76228,10
76229,1
76230,9
76231,9
76232,2
76233,9
76234,1
76235,1
76236,1
76237,7
76238,5
76239,5
76240,5
76241,7
76242,2
76243,7
76244,5
76245,9
76246,5
76247,1
76248,7
76249,6
76250,5
76251,5
76252,10
76253,10
76254,10
76255,5
76256,5
76257,1
76258,4
76259,2
76260,3
76261,7
76262,4
76263,2
76264,9
76265,9
76266,1
76267,5
76268,7
76269,10
76270,7
76271,7
76272,7
76273,7
76274,10
76275,5
76276,5
76277,10
76278,10
76279,4
76280,8
76281,9
76282,9
76283,7
76284,7
76285,6
76286,1
76287,1
76288,5
76289,10
76290,1
76291,5
76292,7
76293,1
76294,10
76295,4
76296,2
76297,2
76298,2
76299,7
76300,9
76301,8
76302,7
76303,7
76304,7
76305,9
76306,6
76307,4
76308,8
76309,2
76310,1
76311,1
76312,1
76313,9
76314,5
76315,7
76316,5
76317,9
76318,4
76319,10
76320,10
76321,10
76322,10
76323,5
76324,6
76325,6
76326,4
76327,5
76328,6
76329,3
76330,8
76331,1
76332,2
76333,2
76334,4
76335,5
76336,7
76337,7
76338,5
76339,6
76340,7
76341,5
76342,10
76343,5
76344,5
76345,10
76346,8
76347,4
76348,4
76349,8
76350,9
76351,2
76352,4
76353,2
76354,7
76355,1
76356,7
76357,7
76358,10
76359,10
76360,10
76361,10
76362,10
76363,4
76364,5
76365,5
76366,4
76367,2
76368,2
76369,9
76370,9
76371,9
76372,2
76373,9
76374,8
76375,9
76376,4
76377,10
76378,3
76379,1
76380,10
76381,10
76382,4
76383,2
76384,8
76385,10
76386,6
76387,2
76388,2
76389,2
76390,2
76391,1
76392,3
76393,6
76394,3
76395,10
76396,10
76397,5
76398,5
76399,4
76400,4
76401,9
76402,9
76403,2
76404,7
76405,7
76406,1
76407,1
76408,10
76409,10
76410,10
76411,5
76412,10
76413,10
76414,1
76415,1
76416,5
76417,6
76418,7
76419,5
76420,2
76421,2
76422,4
76423,2
76424,6
76425,6
76426,9
76427,9
76428,10
76429,10
76430,4
76431,10
76432,5
76433,7
76434,4
76435,4
76436,2
76437,1
76438,1
76439,8
76440,4
76441,10
76442,10
76443,9
76444,4
76445,5
76446,5
76447,7
76448,5
76449,5
76450,5
76451,4
76452,9
76453,9
76454,10
76455,4
76456,9
76457,10
76458,8
76459,1
76460,3
76461,6
76462,5
76463,4
76464,8
76465,1
76466,9
76467,5
76468,9
76469,2
76470,2
76471,2
76472,9
76473,9
76474,5
76475,1
76476,1
76477,7
76478,4
76479,7
76480,7
76481,7
76482,7
76483,1
76484,8
76485,5
76486,5
76487,1
76488,6
76489,5
76490,7
76491,7
76492,10
76493,5
76494,10
76495,9
76496,2
76497,5
76498,7
76499,2
76500,5
76501,5
76502,7
76503,2
76504,10
76505,9
76506,1
76507,7
76508,7
76509,10
76510,10
76511,4
76512,2
76513,7
76514,2
76515,6
76516,10
76517,7
76518,3
76519,1
76520,5
76521,5
76522,8
76523,5
76524,4
76525,2
76526,2
76527,8
76528,2
76529,1
76530,5
76531,5
76532,10
76533,10
76534,5
76535,4
76536,10
76537,10
76538,10
76539,6
76540,3
76541,3
76542,10
76543,5
76544,6
76545,4
76546,4
76547,8
76548,9
76549,10
76550,10
76551,5
76552,5
76553,3
76554,5
76555,1
76556,1
76557,10
76558,4
76559,8
76560,9
76561,6
76562,5
76563,6
76564,5
76565,9
76566,6
76567,5
76568,7
76569,10
76570,4
76571,9
76572,2
76573,3
76574,7
76575,10
76576,2
76577,4
76578,1
76579,1
76580,1
76581,7
76582,10
76583,10
76584,4
76585,4
76586,4
76587,9
76588,1
76589,10
76590,10
76591,6
76592,4
76593,1
76594,6
76595,5
76596,10
76597,10
76598,5
76599,5
76600,10
76601,5
76602,4
76603,4
76604,6
76605,4
76606,4
76607,5
76608,3
76609,7
76610,6
76611,2
76612,7
76613,4
76614,4
76615,4
76616,4
76617,9
76618,4
76619,4
76620,8
76621,8
76622,10
76623,10
76624,10
76625,10
76626,10
76627,10
76628,10
76629,10
76630,10
76631,1
76632,10
76633,10
76634,7
76635,9
76636,10
76637,3
76638,6
76639,10
76640,1
76641,6
76642,1
76643,10
76644,1
76645,1
76646,10
76647,8
76648,10
76649,5
76650,5
76651,1
76652,1
76653,1
76654,1
76655,8
76656,4
76657,10
76658,5
76659,5
76660,6
76661,10
76662,10
76663,8
76664,5
76665,4
76666,4
76667,2
76668,1
76669,10
76670,5
76671,2
76672,9
76673,4
76674,8
76675,4
76676,8
76677,5
76678,5
76679,10
76680,10
76681,10
76682,5
76683,6
76684,1
76685,2
76686,4
76687,9
76688,3
76689,1
76690,5
76691,10
76692,5
76693,4
76694,8
76695,9
76696,10
76697,10
76698,10
76699,4
76700,10
76701,10
76702,7
76703,10
76704,2
76705,10
76706,4
76707,8
76708,7
76709,3
76710,4
76711,1
76712,8
76713,1
76714,7
76715,10
76716,5
76717,10
76718,10
76719,4
76720,4
76721,4
76722,4
76723,10
76724,5
76725,1
76726,5
76727,6
76728,2
76729,10
76730,4
76731,1
76732,5
76733,7
76734,7
76735,5
76736,4
76737,4
76738,5
76739,5
76740,6
76741,5
76742,10
76743,5
76744,10
76745,4
76746,5
76747,4
76748,5
76749,5
76750,5
76751,10
76752,5
76753,4
76754,10
76755,4
76756,1
76757,2
76758,3
76759,6
76760,7
76761,2
76762,5
76763,7
76764,7
76765,1
76766,7
76767,5
76768,7
76769,1
76770,1
76771,8
76772,4
76773,1
76774,1
76775,7
76776,4
76777,5
76778,7
76779,10
76780,5
76781,7
76782,4
76783,4
76784,4
76785,9
76786,5
76787,7
76788,10
76789,5
76790,7
76791,5
76792,7
76793,7
76794,1
76795,9
76796,9
76797,9
76798,8
76799,8
76800,6
76801,3
76802,1
76803,7
76804,7
76805,6
76806,5
76807,7
76808,7
76809,5
76810,10
76811,5
76812,10
76813,6
76814,4
76815,4
76816,9
76817,9
76818,4
76819,1
76820,3
76821,4
76822,1
76823,2
76824,6
76825,5
76826,1
76827,5
76828,3
76829,7
76830,5
76831,7
76832,5
76833,7
76834,10
76835,5
76836,5
76837,5
76838,5
76839,4
76840,9
76841,5
76842,5
76843,9
76844,3
76845,7
76846,4
76847,5
76848,4
76849,5
76850,8
76851,1
76852,1
76853,5
76854,9
76855,7
76856,7
76857,6
76858,10
76859,10
76860,5
76861,10
76862,2
76863,4
76864,1
76865,9
76866,4
76867,9
76868,6
76869,7
76870,5
76871,1
76872,8
76873,2
76874,2
76875,1
76876,5
76877,10
76878,3
76879,6
76880,6
76881,1
76882,7
76883,2
76884,6
76885,6
76886,9
76887,9
76888,9
76889,10
76890,4
76891,1
76892,5
76893,3
76894,6
76895,1
76896,9
76897,10
76898,4
76899,5
76900,4
76901,5
76902,6
76903,7
76904,3
76905,6
76906,6
76907,1
76908,1
76909,1
76910,9
76911,9
76912,7
76913,6
76914,10
76915,10
76916,10
76917,10
76918,10
76919,8
76920,4
76921,1
76922,5
76923,1
76924,7
76925,6
76926,6
76927,9
76928,9
76929,1
76930,5
76931,1
76932,1
76933,9
76934,1
76935,9
76936,5
76937,5
76938,6
76939,6
76940,6
76941,1
76942,10
76943,10
76944,10
76945,10
76946,8
76947,5
76948,4
76949,4
76950,8
76951,2
76952,3
76953,1
76954,10
76955,7
76956,5
76957,9
76958,10
76959,10
76960,3
76961,1
76962,7
76963,8
76964,8
76965,6
76966,9
76967,8
76968,5
76969,6
76970,1
76971,5
76972,9
76973,3
76974,5
76975,7
76976,7
76977,5
76978,1
76979,10
76980,5
76981,10
76982,10
76983,2
76984,5
76985,4
76986,8
76987,6
76988,4
76989,7
76990,7
76991,7
76992,4
76993,2
76994,4
76995,1
76996,7
76997,8
76998,4
76999,2
77000,1
77001,6
77002,9
77003,7
77004,10
77005,8
77006,9
77007,7
77008,5
77009,9
77010,1
77011,1
77012,5
77013,3
77014,1
77015,3
77016,1
77017,5
77018,5
77019,7
77020,5
77021,10
77022,4
77023,10
77024,5
77025,10
77026,5
77027,4
77028,4
77029,6
77030,8
77031,4
77032,10
77033,7
77034,2
77035,2
77036,4
77037,10
77038,10
77039,9
77040,8
77041,1
77042,5
77043,5
77044,1
77045,5
77046,7
77047,5
77048,9
77049,5
77050,4
77051,4
77052,5
77053,6
77054,3
77055,4
77056,9
77057,4
77058,6
77059,9
77060,2
77061,4
77062,9
77063,4
77064,8
77065,6
77066,8
77067,5
77068,1
77069,3
77070,7
77071,7
77072,5
77073,4
77074,10
77075,10
77076,4
77077,4
77078,4
77079,5
77080,4
77081,5
77082,7
77083,5
77084,6
77085,1
77086,4
77087,5
77088,10
77089,5
77090,10
77091,5
77092,5
77093,2
77094,2
77095,2
77096,8
77097,7
77098,2
77099,9
77100,4
77101,4
77102,7
77103,1
77104,2
77105,10
77106,1
77107,5
77108,5
77109,7
77110,5
77111,5
77112,10
77113,4
77114,6
77115,4
77116,5
77117,5
77118,5
77119,5
77120,7
77121,5
77122,10
77123,5
77124,5
77125,5
77126,4
77127,4
77128,1
77129,5
77130,2
77131,4
77132,2
77133,4
77134,2
77135,7
77136,8
77137,9
77138,10
77139,6
77140,8
77141,7
77142,7
77143,4
77144,7
77145,8
77146,7
77147,2
77148,8
77149,8
77150,7
77151,6
77152,1
77153,5
77154,2
77155,5
77156,10
77157,4
77158,7
77159,9
77160,9
77161,7
77162,7
77163,6
77164,4
77165,3
77166,1
77167,7
77168,1
77169,1
77170,4
77171,7
77172,5
77173,1
77174,5
77175,7
77176,10
77177,10
77178,10
77179,10
77180,10
77181,10
77182,10
77183,4
77184,5
77185,6
77186,4
77187,8
77188,1
77189,3
77190,1
77191,7
77192,2
77193,9
77194,9
77195,1
77196,1
77197,5
77198,4
77199,5
77200,1
77201,9
77202,8
77203,2
77204,2
77205,2
77206,1
77207,3
77208,4
77209,6
77210,7
77211,7
77212,8
77213,5
77214,7
77215,7
77216,8
77217,9
77218,6
77219,3
77220,1
77221,1
77222,1
77223,5
77224,7
77225,5
77226,7
77227,7
77228,5
77229,5
77230,10
77231,1
77232,9
77233,1
77234,1
77235,6
77236,10
77237,10
77238,10
77239,10
77240,9
77241,4
77242,5
77243,9
77244,9
77245,9
77246,8
77247,4
77248,4
77249,8
77250,1
77251,9
77252,5
77253,1
77254,5
77255,5
77256,5
77257,9
77258,7
77259,4
77260,2
77261,5
77262,10
77263,10
77264,5
77265,9
77266,4
77267,2
77268,8
77269,6
77270,1
77271,10
77272,10
77273,7
77274,7
77275,1
77276,7
77277,2
77278,6
77279,4
77280,2
77281,2
77282,6
77283,1
77284,6
77285,5
77286,5
77287,8
77288,4
77289,10
77290,5
77291,4
77292,5
77293,8
77294,5
77295,2
77296,4
77297,6
77298,4
77299,2
77300,5
77301,10
77302,5
77303,8
77304,4
77305,2
77306,1
77307,9
77308,9
77309,3
77310,2
77311,9
77312,1
77313,3
77314,1
77315,5
77316,7
77317,10
77318,10
77319,10
77320,4
77321,9
77322,8
77323,7
77324,4
77325,3
77326,8
77327,9
77328,9
77329,7
77330,5
77331,6
77332,10
77333,10
77334,4
77335,4
77336,9
77337,5
77338,6
77339,3
77340,3
77341,1
77342,2
77343,2
77344,7
77345,8
77346,6
77347,6
77348,1
77349,5
77350,7
77351,3
77352,10
77353,10
77354,5
77355,4
77356,8
77357,9
77358,4
77359,5
77360,8
77361,2
77362,5
77363,10
77364,7
77365,5
77366,2
77367,4
77368,8
77369,4
77370,2
77371,6
77372,4
77373,10
77374,2
77375,4
77376,7
77377,6
77378,3
77379,5
77380,5
77381,4
77382,7
77383,5
77384,8
77385,5
77386,5
77387,10
77388,10
77389,8
77390,4
77391,5
77392,1
77393,7
77394,5
77395,10
77396,4
77397,7
77398,3
77399,5
77400,4
77401,8
77402,9
77403,1
77404,3
77405,5
77406,5
77407,7
77408,5
77409,10
77410,10
77411,10
77412,8
77413,4
77414,9
77415,10
77416,9
77417,3
77418,5
77419,5
77420,4
77421,4
77422,2
77423,6
77424,2
77425,8
77426,4
77427,2
77428,9
77429,7
77430,2
77431,7
77432,7
77433,7
77434,1
77435,6
77436,7
77437,7
77438,7
77439,7
77440,7
77441,10
77442,9
77443,5
77444,7
77445,7
77446,7
77447,4
77448,7
77449,8
77450,5
77451,5
77452,5
77453,7
77454,7
77455,9
77456,1
77457,5
77458,10
77459,10
77460,10
77461,4
77462,5
77463,9
77464,7
77465,7
77466,10
77467,10
77468,7
77469,6
77470,6
77471,5
77472,5
77473,7
77474,5
77475,5
77476,10
77477,10
77478,9
77479,7
77480,8
77481,2
77482,5
77483,10
77484,4
77485,4
77486,8
77487,1
77488,2
77489,9
77490,7
77491,6
77492,5
77493,9
77494,5
77495,7
77496,5
77497,5
77498,10
77499,5
77500,5
77501,5
77502,7
77503,5
77504,2
77505,6
77506,9
77507,8
77508,4
77509,9
77510,7
77511,7
77512,6
77513,6
77514,1
77515,2
77516,7
77517,7
77518,5
77519,10
77520,5
77521,5
77522,4
77523,9
77524,6
77525,8
77526,7
77527,3
77528,1
77529,10
77530,4
77531,7
77532,10
77533,5
77534,5
77535,9
77536,10
77537,5
77538,10
77539,5
77540,10
77541,4
77542,4
77543,8
77544,10
77545,5
77546,10
77547,5
77548,10
77549,9
77550,4
77551,6
77552,5
77553,5
77554,7
77555,7
77556,7
77557,5
77558,5
77559,10
77560,2
77561,9
77562,1
77563,10
77564,5
77565,2
77566,2
77567,6
77568,8
77569,8
77570,8
77571,7
77572,7
77573,2
77574,8
77575,5
77576,2
77577,5
77578,5
77579,9
77580,9
77581,5
77582,4
77583,7
77584,7
77585,2
77586,10
77587,10
77588,2
77589,1
77590,5
77591,1
77592,6
77593,10
77594,6
77595,4
77596,9
77597,6
77598,6
77599,4
77600,9
77601,10
77602,9
77603,9
77604,6
77605,2
77606,2
77607,5
77608,8
77609,5
77610,1
77611,5
77612,2
77613,1
77614,9
77615,1
77616,6
77617,7
77618,5
77619,4
77620,10
77621,7
77622,5
77623,8
77624,2
77625,5
77626,6
77627,5
77628,10
77629,10
77630,10
77631,4
77632,1
77633,4
77634,4
77635,9
77636,6
77637,10
77638,10
77639,10
77640,10
77641,10
77642,8
77643,8
77644,10
77645,1
77646,1
77647,1
77648,6
77649,5
77650,5
77651,1
77652,10
77653,5
77654,5
77655,8
77656,1
77657,5
77658,5
77659,10
77660,10
77661,5
77662,8
77663,8
77664,6
77665,5
77666,5
77667,5
77668,9
77669,8
77670,5
77671,10
77672,4
77673,4
77674,5
77675,6
77676,5
77677,1
77678,4
77679,1
77680,10
77681,4
77682,8
77683,5
77684,5
77685,4
77686,3
77687,6
77688,9
77689,1
77690,6
77691,5
77692,10
77693,5
77694,5
77695,5
77696,4
77697,3
77698,3
77699,3
77700,5
77701,8
77702,5
77703,7
77704,6
77705,10
77706,5
77707,5
77708,6
77709,8
77710,9
77711,5
77712,3
77713,10
77714,10
77715,10
77716,4
77717,1
77718,5
77719,7
77720,10
77721,5
77722,10
77723,10
77724,10
77725,4
77726,9
77727,5
77728,6
77729,8
77730,5
77731,1
77732,8
77733,4
77734,4
77735,1
77736,8
77737,10
77738,5
77739,10
77740,4
77741,5
77742,1
77743,7
77744,10
77745,4
77746,4
77747,8
77748,5
77749,5
77750,4
77751,3
77752,1
77753,10
77754,5
77755,10
77756,1
77757,3
77758,5
77759,6
77760,5
77761,5
77762,10
77763,5
77764,5
77765,5
77766,4
77767,4
77768,5
77769,10
77770,8
77771,5
77772,5
77773,10
77774,5
77775,10
77776,4
77777,4
77778,9
77779,5
77780,5
77781,5
77782,3
77783,5
77784,10
77785,10
77786,10
77787,10
77788,5
77789,1
77790,10
77791,5
77792,4
77793,4
77794,5
77795,5
77796,5
77797,4
77798,4
77799,4
77800,5
77801,5
77802,6
77803,4
77804,8
77805,3
77806,8
77807,6
77808,10
77809,5
77810,6
77811,4
77812,4
77813,4
77814,1
77815,1
77816,5
77817,7
77818,5
77819,5
77820,5
77821,8
77822,9
77823,10
77824,4
77825,4
77826,10
77827,5
77828,4
77829,3
77830,5
77831,10
77832,7
77833,7
77834,5
77835,10
77836,7
77837,5
77838,4
77839,1
77840,1
77841,5
77842,10
77843,8
77844,5
77845,1
77846,7
77847,4
77848,5
77849,4
77850,4
77851,5
77852,5
77853,5
77854,4
77855,9
77856,5
77857,5
77858,5
77859,10
77860,5
77861,5
77862,10
77863,5
77864,5
77865,4
77866,4
77867,1
77868,5
77869,5
77870,5
77871,4
77872,4
77873,4
77874,7
77875,5
77876,5
77877,2
77878,8
77879,4
77880,6
77881,4
77882,4
77883,5
77884,4
77885,10
77886,5
77887,5
77888,4
77889,7
77890,7
77891,5
77892,4
77893,4
77894,10
77895,10
77896,1
77897,7
77898,4
77899,1
77900,5
77901,5
77902,5
77903,4
77904,1
77905,10
77906,4
77907,4
77908,4
77909,1
77910,7
77911,10
77912,4
77913,8
77914,4
77915,6
77916,5
77917,5
77918,9
77919,8
77920,5
77921,7
77922,4
77923,5
77924,10
77925,4
77926,8
77927,10
77928,5
77929,5
77930,7
77931,5
77932,10
77933,3
77934,5
77935,5
77936,4
77937,5
77938,10
77939,5
77940,10
77941,7
77942,10
77943,10
77944,5
77945,4
77946,3
77947,5
77948,4
77949,4
77950,8
77951,8
77952,10
77953,5
77954,5
77955,1
77956,1
77957,6
77958,10
77959,4
77960,4
77961,4
77962,5
77963,5
77964,8
77965,1
77966,5
77967,5
77968,10
77969,10
77970,10
77971,10
77972,8
77973,10
77974,5
77975,10
77976,5
77977,4
77978,10
77979,5
77980,4
77981,10
77982,4
77983,4
77984,5
77985,5
77986,10
77987,6
77988,4
77989,10
77990,10
77991,10
77992,5
77993,5
77994,4
77995,5
77996,10
77997,8
77998,5
77999,6
78000,10
78001,10
78002,10
78003,4
78004,9
78005,4
78006,4
78007,8
78008,1
78009,8
78010,5
78011,5
78012,8
78013,4
78014,5
78015,5
78016,10
78017,10
78018,5
78019,5
78020,4
78021,4
78022,10
78023,10
78024,10
78025,8
78026,6
78027,5
78028,10
78029,10
78030,5
78031,10
78032,10
78033,10
78034,10
78035,10
78036,8
78037,4
78038,4
78039,10
78040,4
78041,10
78042,5
78043,10
78044,5
78045,5
78046,3
78047,9
78048,7
78049,5
78050,10
78051,5
78052,3
78053,5
78054,8
78055,5
78056,5
78057,5
78058,10
78059,4
78060,7
78061,5
78062,10
78063,4
78064,8
78065,3
78066,3
78067,5
78068,5
78069,5
78070,10
78071,4
78072,4
78073,5
78074,3
78075,5
78076,10
78077,5
78078,10
78079,5
78080,1
78081,9
78082,10
78083,10
78084,4
78085,4
78086,4
78087,4
78088,4
78089,5
78090,10
78091,8
78092,1
78093,5
78094,9
78095,5
78096,10
78097,5
78098,4
78099,5
78100,5
78101,1
78102,5
78103,6
78104,5
78105,1
78106,5
78107,10
78108,9
78109,6
78110,4
78111,5
78112,6
78113,3
78114,5
78115,9
78116,4
78117,10
78118,10
78119,10
78120,5
78121,4
78122,6
78123,8
78124,9
78125,3
78126,4
78127,4
78128,3
78129,5
78130,6
78131,10
78132,10
78133,5
78134,10
78135,5
78136,5
78137,5
78138,5
78139,5
78140,5
78141,6
78142,9
78143,5
78144,10
78145,8
78146,5
78147,10
78148,5
78149,4
78150,1
78151,7
78152,10
78153,5
78154,4
78155,5
78156,9
78157,5
78158,6
78159,7
78160,10
78161,10
78162,10
78163,10
78164,4
78165,8
78166,10
78167,4
78168,4
78169,5
78170,1
78171,5
78172,5
78173,3
78174,5
78175,10
78176,5
78177,4
78178,5
78179,8
78180,5
78181,3
78182,10
78183,10
78184,5
78185,10
78186,4
78187,4
78188,10
78189,10
78190,5
78191,6
78192,4
78193,4
78194,4
78195,6
78196,5
78197,9
78198,5
78199,9
78200,10
78201,5
78202,5
78203,10
78204,4
78205,3
78206,7
78207,10
78208,5
78209,10
78210,4
78211,4
78212,4
78213,4
78214,9
78215,1
78216,4
78217,4
78218,4
78219,7
78220,8
78221,4
78222,5
78223,1
78224,5
78225,7
78226,7
78227,10
78228,10
78229,4
78230,8
78231,5
78232,5
78233,4
78234,8
78235,9
78236,4
78237,7
78238,7
78239,10
78240,10
78241,5
78242,5
78243,4
78244,9
78245,9
78246,5
78247,4
78248,4
78249,8
78250,1
78251,5
78252,9
78253,4
78254,5
78255,4
78256,5
78257,9
78258,4
78259,7
78260,3
78261,8
78262,6
78263,10
78264,4
78265,4
78266,10
78267,5
78268,4
78269,5
78270,5
78271,5
78272,6
78273,4
78274,10
78275,5
78276,1
78277,7
78278,10
78279,10
78280,9
78281,10
78282,6
78283,6
78284,8
78285,10
78286,6
78287,8
78288,9
78289,7
78290,10
78291,5
78292,5
78293,10
78294,5
78295,10
78296,5
78297,5
78298,10
78299,4
78300,4
78301,4
78302,5
78303,8
78304,10
78305,10
78306,4
78307,5
78308,4
78309,4
78310,6
78311,10
78312,4
78313,10
78314,4
78315,4
78316,4
78317,4
78318,3
78319,5
78320,10
78321,7
78322,4
78323,4
78324,7
78325,1
78326,5
78327,4
78328,4
78329,3
78330,7
78331,10
78332,5
78333,4
78334,4
78335,5
78336,3
78337,5
78338,5
78339,5
78340,10
78341,10
78342,6
78343,10
78344,10
78345,5
78346,9
78347,3
78348,5
78349,10
78350,10
78351,10
78352,4
78353,10
78354,5
78355,10
78356,5
78357,9
78358,7
78359,4
78360,3
78361,5
78362,3
78363,10
78364,10
78365,10
78366,10
78367,5
78368,10
78369,5
78370,9
78371,5
78372,4
78373,5
78374,5
78375,4
78376,3
78377,5
78378,10
78379,10
78380,4
78381,7
78382,10
78383,5
78384,10
78385,8
78386,4
78387,4
78388,9
78389,7
78390,8
78391,5
78392,10
78393,4
78394,4
78395,5
78396,3
78397,5
78398,5
78399,5
78400,8
78401,10
78402,10
78403,1
78404,8
78405,3
78406,9
78407,5
78408,10
78409,5
78410,4
78411,3
78412,8
78413,6
78414,4
78415,10
78416,6
78417,5
78418,10
78419,10
78420,8
78421,5
78422,4
78423,4
78424,8
78425,5
78426,7
78427,10
78428,9
78429,10
78430,5
78431,10
78432,5
78433,4
78434,9
78435,10
78436,5
78437,10
78438,5
78439,10
78440,5
78441,6
78442,9
78443,10
78444,4
78445,5
78446,10
78447,10
78448,5
78449,10
78450,10
78451,10
78452,10
78453,10
78454,4
78455,10
78456,5
78457,10
78458,10
78459,5
78460,5
78461,10
78462,5
78463,6
78464,10
78465,10
78466,5
78467,4
78468,5
78469,4
78470,5
78471,7
78472,6
78473,7
78474,10
78475,4
78476,5
78477,5
78478,10
78479,10
78480,8
78481,3
78482,10
78483,7
78484,8
78485,10
78486,5
78487,3
78488,5
78489,1
78490,10
78491,5
78492,10
78493,9
78494,5
78495,3
78496,5
78497,7
78498,10
78499,10
78500,4
78501,5
78502,5
78503,1
78504,10
78505,5
78506,5
78507,5
78508,1
78509,5
78510,5
78511,5
78512,5
78513,10
78514,10
78515,5
78516,8
78517,10
78518,5
78519,4
78520,9
78521,5
78522,1
78523,3
78524,9
78525,10
78526,6
78527,10
78528,10
78529,5
78530,4
78531,4
78532,9
78533,10
78534,10
78535,8
78536,10
78537,7
78538,7
78539,10
78540,4
78541,10
78542,8
78543,10
78544,10
78545,5
78546,4
78547,4
78548,3
78549,3
78550,4
78551,4
78552,10
78553,9
78554,3
78555,8
78556,10
78557,4
78558,5
78559,5
78560,5
78561,10
78562,5
78563,4
78564,3
78565,7
78566,5
78567,8
78568,5
78569,3
78570,5
78571,10
78572,6
78573,5
78574,4
78575,4
78576,5
78577,6
78578,5
78579,5
78580,5
78581,6
78582,2
78583,3
78584,10
78585,7
78586,9
78587,8
78588,4
78589,3
78590,4
78591,9
78592,9
78593,4
78594,4
78595,4
78596,5
78597,5
78598,8
78599,1
78600,9
78601,10
78602,10
78603,4
78604,5
78605,10
78606,10
78607,10
78608,3
78609,4
78610,3
78611,9
78612,10
78613,4
78614,8
78615,1
78616,5
78617,10
78618,5
78619,6
78620,5
78621,9
78622,4
78623,5
78624,5
78625,5
78626,4
78627,5
78628,8
78629,3
78630,5
78631,1
78632,8
78633,4
78634,10
78635,5
78636,10
78637,10
78638,5
78639,4
78640,5
78641,5
78642,10
78643,8
78644,7
78645,9
78646,4
78647,5
78648,6
78649,5
78650,5
78651,4
78652,8
78653,5
78654,1
78655,1
78656,10
78657,8
78658,5
78659,3
78660,1
78661,9
78662,5
78663,10
78664,4
78665,4
78666,5
78667,6
78668,7
78669,5
78670,5
78671,8
78672,4
78673,5
78674,3
78675,1
78676,5
78677,5
78678,5
78679,8
78680,1
78681,5
78682,7
78683,5
78684,8
78685,5
78686,4
78687,4
78688,4
78689,8
78690,1
78691,5
78692,5
78693,6
78694,10
78695,5
78696,10
78697,5
78698,10
78699,4
78700,4
78701,5
78702,1
78703,5
78704,10
78705,5
78706,10
78707,3
78708,5
78709,10
78710,10
78711,10
78712,5
78713,8
78714,5
78715,1
78716,5
78717,5
78718,5
78719,10
78720,9
78721,8
78722,5
78723,10
78724,10
78725,10
78726,5
78727,8
78728,10
78729,4
78730,5
78731,4
78732,10
78733,6
78734,1
78735,9
78736,7
78737,4
78738,4
78739,1
78740,4
78741,4
78742,5
78743,4
78744,5
78745,5
78746,5
78747,7
78748,1
78749,7
78750,10
78751,4
78752,4
78753,10
78754,5
78755,7
78756,10
78757,5
78758,4
78759,4
78760,4
78761,1
78762,10
78763,4
78764,5
78765,1
78766,6
78767,1
78768,10
78769,6
78770,5
78771,5
78772,5
78773,10
78774,9
78775,10
78776,10
78777,5
78778,4
78779,4
78780,4
78781,4
78782,5
78783,1
78784,7
78785,8
78786,1
78787,3
78788,6
78789,1
78790,9
78791,6
78792,4
78793,4
78794,4
78795,8
78796,1
78797,7
78798,4
78799,4
78800,8
78801,1
78802,8
78803,3
78804,8
78805,9
78806,5
78807,4
78808,5
78809,5
78810,8
78811,1
78812,1
78813,5
78814,7
78815,7
78816,5
78817,4
78818,4
78819,5
78820,1
78821,5
78822,7
78823,7
78824,7
78825,5
78826,4
78827,8
78828,1
78829,4
78830,6
78831,6
78832,4
78833,6
78834,7
78835,1
78836,1
78837,7
78838,10
78839,5
78840,4
78841,3
78842,5
78843,7
78844,1
78845,4
78846,1
78847,5
78848,1
78849,1
78850,5
78851,6
78852,5
78853,4
78854,9
78855,5
78856,5
78857,3
78858,7
78859,5
78860,7
78861,10
78862,4
78863,8
78864,1
78865,1
78866,1
78867,1
78868,3
78869,5
78870,7
78871,10
78872,5
78873,5
78874,5
78875,8
78876,4
78877,1
78878,1
78879,4
78880,9
78881,8
78882,10
78883,1
78884,5
78885,5
78886,6
78887,10
78888,10
78889,4
78890,4
78891,4
78892,1
78893,5
78894,5
78895,8
78896,5
78897,4
78898,1
78899,1
78900,1
78901,5
78902,7
78903,8
78904,7
78905,7
78906,7
78907,5
78908,10
78909,8
78910,10
78911,1
78912,6
78913,5
78914,1
78915,5
78916,7
78917,4
78918,4
78919,4
78920,1
78921,6
78922,1
78923,1
78924,9
78925,7
78926,5
78927,5
78928,7
78929,10
78930,5
78931,4
78932,6
78933,1
78934,5
78935,7
78936,4
78937,5
78938,4
78939,1
78940,1
78941,6
78942,1
78943,1
78944,7
78945,7
78946,7
78947,10
78948,4
78949,9
78950,9
78951,1
78952,6
78953,5
78954,7
78955,5
78956,5
78957,5
78958,1
78959,5
78960,7
78961,5
78962,10
78963,10
78964,10
78965,10
78966,4
78967,5
78968,1
78969,1
78970,6
78971,10
78972,10
78973,5
78974,8
78975,1
78976,3
78977,7
78978,7
78979,5
78980,6
78981,10
78982,5
78983,10
78984,4
78985,8
78986,4
78987,3
78988,5
78989,5
78990,7
78991,7
78992,6
78993,4
78994,4
78995,5
78996,3
78997,1
78998,5
78999,5
79000,5
79001,5
79002,5
79003,1
79004,7
79005,5
79006,10
79007,5
79008,5
79009,7
79010,5
79011,10
79012,5
79013,8
79014,5
79015,8
79016,5
79017,7
79018,7
79019,5
79020,5
79021,5
79022,4
79023,1
79024,3
79025,1
79026,7
79027,5
79028,10
79029,10
79030,8
79031,4
79032,4
79033,8
79034,4
79035,5
79036,1
79037,3
79038,1
79039,3
79040,9
79041,6
79042,7
79043,7
79044,4
79045,10
79046,5
79047,5
79048,4
79049,4
79050,3
79051,5
79052,5
79053,10
79054,8
79055,3
79056,4
79057,1
79058,3
79059,1
79060,3
79061,5
79062,5
79063,10
79064,10
79065,10
79066,10
79067,8
79068,10
79069,5
79070,5
79071,1
79072,1
79073,6
79074,5
79075,5
79076,9
79077,1
79078,1
79079,5
79080,10
79081,7
79082,5
79083,4
79084,4
79085,3
79086,7
79087,7
79088,6
79089,10
79090,4
79091,4
79092,3
79093,5
79094,5
79095,5
79096,5
79097,5
79098,7
79099,4
79100,5
79101,4
79102,3
79103,1
79104,7
79105,5
79106,4
79107,7
79108,5
79109,10
79110,10
79111,6
79112,4
79113,4
79114,3
79115,3
79116,5
79117,5
79118,5
79119,7
79120,5
79121,7
79122,10
79123,10
79124,5
79125,10
79126,10
79127,10
79128,4
79129,8
79130,5
79131,8
79132,5
79133,5
79134,5
79135,5
79136,1
79137,6
79138,5
79139,1
79140,5
79141,5
79142,1
79143,5
79144,10
79145,6
79146,4
79147,1
79148,1
79149,1
79150,5
79151,1
79152,5
79153,7
79154,7
79155,5
79156,10
79157,10
79158,6
79159,10
79160,8
79161,9
79162,8
79163,7
79164,5
79165,6
79166,4
79167,4
79168,4
79169,1
79170,7
79171,5
79172,1
79173,7
79174,9
79175,6
79176,5
79177,10
79178,4
79179,5
79180,6
79181,1
79182,7
79183,7
79184,3
79185,1
79186,7
79187,5
79188,6
79189,5
79190,5
79191,10
79192,10
79193,5
79194,1
79195,10
79196,6
79197,1
79198,6
79199,5
79200,1
79201,1
79202,5
79203,7
79204,7
79205,5
79206,10
79207,4
79208,4
79209,8
79210,4
79211,4
79212,3
79213,1
79214,6
79215,1
79216,9
79217,7
79218,7
79219,6
79220,10
79221,5
79222,10
79223,4
79224,1
79225,1
79226,1
79227,4
79228,7
79229,7
79230,7
79231,5
79232,10
79233,10
79234,5
79235,5
79236,5
79237,5
79238,5
79239,5
79240,4
79241,8
79242,1
79243,1
79244,1
79245,7
79246,5
79247,7
79248,7
79249,1
79250,7
79251,5
79252,7
79253,10
79254,10
79255,10
79256,10
79257,4
79258,1
79259,6
79260,10
79261,5
79262,9
79263,8
79264,1
79265,5
79266,3
79267,6
79268,6
79269,5
79270,7
79271,7
79272,5
79273,8
79274,4
79275,7
79276,7
79277,7
79278,10
79279,10
79280,4
79281,1
79282,7
79283,7
79284,7
79285,8
79286,5
79287,9
79288,10
79289,10
79290,1
79291,5
79292,5
79293,6
79294,7
79295,7
79296,10
79297,8
79298,4
79299,1
79300,5
79301,4
79302,7
79303,5
79304,7
79305,10
79306,10
79307,9
79308,5
79309,5
79310,4
79311,5
79312,10
79313,4
79314,3
79315,1
79316,7
79317,5
79318,5
79319,6
79320,10
79321,8
79322,3
79323,5
79324,5
79325,10
79326,5
79327,1
79328,1
79329,4
79330,7
79331,8
79332,7
79333,7
79334,5
79335,4
79336,5
79337,5
79338,5
79339,5
79340,5
79341,8
79342,4
79343,5
79344,5
79345,7
79346,10
79347,5
79348,6
79349,4
79350,5
79351,7
79352,10
79353,10
79354,10
79355,5
79356,6
79357,8
79358,9
79359,1
79360,4
79361,9
79362,5
79363,6
79364,8
79365,5
79366,5
79367,5
79368,5
79369,3
79370,1
79371,6
79372,5
79373,1
79374,5
79375,9
79376,5
79377,5
79378,7
79379,7
79380,5
79381,7
79382,5
79383,6
79384,10
79385,8
79386,4
79387,4
79388,1
79389,6
79390,1
79391,6
79392,7
79393,5
79394,4
79395,4
79396,4
79397,4
79398,5
79399,10
79400,9
79401,5
79402,5
79403,8
79404,4
79405,1
79406,1
79407,9
79408,4
79409,1
79410,3
79411,1
79412,6
79413,1
79414,3
79415,5
79416,6
79417,9
79418,5
79419,5
79420,1
79421,5
79422,5
79423,6
79424,5
79425,10
79426,4
79427,5
79428,5
79429,6
79430,5
79431,3
79432,3
79433,3
79434,10
79435,4
79436,10
79437,10
79438,5
79439,4
79440,3
79441,5
79442,5
79443,7
79444,6
79445,8
79446,4
79447,5
79448,1
79449,5
79450,10
79451,5
79452,5
79453,1
79454,3
79455,1
79456,5
79457,5
79458,10
79459,10
79460,5
79461,10
79462,4
79463,4
79464,1
79465,1
79466,6
79467,1
79468,5
79469,7
79470,10
79471,10
79472,4
79473,4
79474,5
79475,10
79476,10
79477,1
79478,8
79479,5
79480,8
79481,9
79482,5
79483,5
79484,4
79485,8
79486,5
79487,1
79488,3
79489,6
79490,1
79491,5
79492,5
79493,5
79494,5
79495,8
79496,4
79497,1
79498,1
79499,1
79500,7
79501,10
79502,5
79503,4
79504,9
79505,3
79506,9
79507,7
79508,10
79509,10
79510,10
79511,4
79512,3
79513,3
79514,1
79515,5
79516,6
79517,8
79518,10
79519,5
79520,9
79521,1
79522,5
79523,5
79524,6
79525,4
79526,6
79527,5
79528,10
79529,10
79530,10
79531,5
79532,4
79533,5
79534,5
79535,5
79536,1
79537,10
79538,5
79539,5
79540,3
79541,1
79542,5
79543,10
79544,1
79545,7
79546,5
79547,10
79548,5
79549,5
79550,5
79551,5
79552,10
79553,4
79554,1
79555,5
79556,5
79557,10
79558,4
79559,7
79560,7
79561,5
79562,5
79563,4
79564,8
79565,5
79566,1
79567,5
79568,5
79569,4
79570,3
79571,1
79572,6
79573,5
79574,6
79575,5
79576,6
79577,10
79578,1
79579,10
79580,5
79581,5
79582,5
79583,10
79584,1
79585,1
79586,3
79587,10
79588,7
79589,6
79590,6
79591,4
79592,8
79593,8
79594,1
79595,1
79596,1
79597,5
79598,7
79599,5
79600,7
79601,9
79602,4
79603,7
79604,7
79605,7
79606,5
79607,4
79608,1
79609,6
79610,3
79611,5
79612,5
79613,9
79614,5
79615,7
79616,1
79617,5
79618,5
79619,10
79620,5
79621,5
79622,4
79623,10
79624,7
79625,4
79626,4
79627,5
79628,6
79629,6
79630,7
79631,5
79632,4
79633,4
79634,5
79635,1
79636,1
79637,7
79638,6
79639,10
79640,4
79641,4
79642,4
79643,1
79644,7
79645,10
79646,5
79647,5
79648,5
79649,5
79650,5
79651,5
79652,5
79653,5
79654,10
79655,7
79656,5
79657,9
79658,4
79659,4
79660,5
79661,5
79662,5
79663,5
79664,9
79665,4
79666,5
79667,6
79668,7
79669,10
79670,4
79671,4
79672,7
79673,7
79674,5
79675,10
79676,5
79677,1
79678,1
79679,5
79680,6
79681,5
79682,4
79683,5
79684,4
79685,5
79686,9
79687,1
79688,1
79689,6
79690,1
79691,8
79692,10
79693,4
79694,4
79695,1
79696,7
79697,5
79698,10
79699,8
79700,5
79701,5
79702,1
79703,1
79704,1
79705,7
79706,7
79707,7
79708,5
79709,10
79710,6
79711,4
79712,4
79713,4
79714,9
79715,5
79716,10
79717,10
79718,7
79719,5
79720,7
79721,7
79722,5
79723,5
79724,10
79725,5
79726,1
79727,7
79728,10
79729,5
79730,1
79731,5
79732,1
79733,1
79734,5
79735,10
79736,5
79737,4
79738,5
79739,1
79740,1
79741,1
79742,10
79743,10
79744,5
79745,1
79746,7
79747,10
79748,5
79749,10
79750,1
79751,1
79752,1
79753,6
79754,9
79755,5
79756,10
79757,4
79758,4
79759,4
79760,7
79761,5
79762,4
79763,4
79764,3
79765,6
79766,5
79767,5
79768,5
79769,7
79770,10
79771,4
79772,3
79773,1
79774,5
79775,5
79776,4
79777,3
79778,1
79779,1
79780,1
79781,7
79782,6
79783,5
79784,5
79785,8
79786,5
79787,7
79788,1
79789,1
79790,1
79791,5
79792,1
79793,1
79794,1
79795,6
79796,7
79797,5
79798,10
79799,5
79800,5
79801,7
79802,7
79803,7
79804,6
79805,4
79806,5
79807,7
79808,6
79809,1
79810,5
79811,7
79812,7
79813,10
79814,5
79815,8
79816,1
79817,5
79818,6
79819,7
79820,6
79821,10
79822,5
79823,7
79824,5
79825,5
79826,7
79827,4
79828,6
79829,9
79830,4
79831,9
79832,1
79833,9
79834,7
79835,5
79836,1
79837,5
79838,7
79839,5
79840,5
79841,10
79842,5
79843,4
79844,5
79845,5
79846,3
79847,1
79848,10
79849,4
79850,7
79851,1
79852,7
79853,7
79854,3
79855,1
79856,1
79857,8
79858,1
79859,1
79860,5
79861,10
79862,5
79863,5
79864,4
79865,5
79866,6
79867,3
79868,5
79869,7
79870,5
79871,4
79872,4
79873,1
79874,5
79875,5
79876,4
79877,8
79878,5
79879,5
79880,4
79881,1
79882,10
79883,5
79884,10
79885,10
79886,1
79887,1
79888,4
79889,7
79890,10
79891,5
79892,6
79893,4
79894,8
79895,7
79896,5
79897,1
79898,8
79899,1
79900,6
79901,5
79902,5
79903,10
79904,8
79905,10
79906,5
79907,4
79908,4
79909,5
79910,1
79911,4
79912,6
79913,10
79914,4
79915,5
79916,6
79917,5
79918,1
79919,5
79920,5
79921,10
79922,4
79923,5
79924,4
79925,8
79926,6
79927,6
79928,10
79929,5
79930,10
79931,1
79932,5
79933,5
79934,7
79935,6
79936,4
79937,7
79938,6
79939,1
79940,1
79941,1
79942,7
79943,8
79944,1
79945,8
79946,7
79947,1
79948,10
79949,10
79950,4
79951,5
79952,10
79953,4
79954,4
79955,4
79956,8
79957,1
79958,7
79959,6
79960,6
79961,5
79962,1
79963,5
79964,7
79965,7
79966,10
79967,4
79968,4
79969,5
79970,7
79971,5
79972,10
79973,1
79974,1
79975,5
79976,6
79977,7
79978,10
79979,10
79980,10
79981,10
79982,6
79983,10
79984,10
79985,4
79986,1
79987,7
79988,5
79989,7
79990,5
79991,10
79992,4
79993,3
79994,3
79995,6
79996,1
79997,7
79998,5
79999,5
80000,1
80001,3
80002,5
80003,5
80004,5
80005,10
80006,3
80007,10
80008,4
80009,1
80010,5
80011,1
80012,5
80013,1
80014,10
80015,7
80016,8
80017,7
80018,10
80019,10
80020,8
80021,4
80022,4
80023,1
80024,7
80025,10
80026,7
80027,10
80028,10
80029,5
80030,4
80031,5
80032,7
80033,5
80034,7
80035,5
80036,5
80037,7
80038,10
80039,5
80040,4
80041,8
80042,5
80043,8
80044,4
80045,6
80046,9
80047,5
80048,10
80049,5
80050,10
80051,5
80052,4
80053,4
80054,5
80055,5
80056,4
80057,3
80058,4
80059,3
80060,5
80061,10
80062,5
80063,1
80064,5
80065,5
80066,7
80067,5
80068,10
80069,5
80070,10
80071,10
80072,5
80073,4
80074,5
80075,1
80076,5
80077,4
80078,10
80079,10
80080,4
80081,7
80082,10
80083,5
80084,9
80085,10
80086,5
80087,1
80088,1
80089,1
80090,5
80091,10
80092,8
80093,1
80094,5
80095,5
80096,10
80097,8
80098,10
80099,5
80100,9
80101,8
80102,10
80103,10
80104,4
80105,10
80106,10
80107,5
80108,5
80109,5
80110,10
80111,5
80112,8
80113,4
80114,6
80115,3
80116,10
80117,5
80118,4
80119,4
80120,4
80121,10
80122,5
80123,4
80124,4
80125,5
80126,10
80127,10
80128,6
80129,6
80130,1
80131,7
80132,5
80133,5
80134,7
80135,1
80136,6
80137,7
80138,5
80139,5
80140,4
80141,4
80142,4
80143,8
80144,5
80145,5
80146,5
80147,10
80148,8
80149,5
80150,5
80151,10
80152,5
80153,10
80154,10
80155,10
80156,10
80157,10
80158,6
80159,6
80160,5
80161,9
80162,10
80163,5
80164,4
80165,4
80166,10
80167,10
80168,10
80169,9
80170,6
80171,5
80172,6
80173,5
80174,10
80175,10
80176,10
80177,5
80178,4
80179,5
80180,6
80181,5
80182,1
80183,6
80184,9
80185,7
80186,7
80187,10
80188,5
80189,5
80190,10
80191,5
80192,10
80193,4
80194,4
80195,8
80196,4
80197,5
80198,10
80199,7
80200,5
80201,5
80202,5
80203,6
80204,10
80205,8
80206,1
80207,5
80208,7
80209,7
80210,10
80211,4
80212,8
80213,4
80214,5
80215,7
80216,5
80217,4
80218,3
80219,5
80220,1
80221,9
80222,10
80223,10
80224,10
80225,5
80226,5
80227,1
80228,3
80229,1
80230,8
80231,1
80232,3
80233,5
80234,7
80235,10
80236,9
80237,5
80238,6
80239,5
80240,8
80241,8
80242,3
80243,5
80244,8
80245,4
80246,6
80247,1
80248,8
80249,9
80250,5
80251,5
80252,5
80253,10
80254,5
80255,5
80256,10
80257,5
80258,4
80259,4
80260,8
80261,7
80262,1
80263,10
80264,8
80265,4
80266,4
80267,3
80268,8
80269,3
80270,10
80271,5
80272,5
80273,1
80274,1
80275,3
80276,1
80277,5
80278,5
80279,5
80280,1
80281,10
80282,10
80283,9
80284,8
80285,1
80286,3
80287,1
80288,1
80289,1
80290,6
80291,10
80292,4
80293,4
80294,5
80295,1
80296,5
80297,5
80298,5
80299,5
80300,5
80301,6
80302,5
80303,5
80304,9
80305,10
80306,5
80307,4
80308,8
80309,4
80310,9
80311,10
80312,5
80313,10
80314,4
80315,7
80316,5
80317,5
80318,6
80319,10
80320,5
80321,8
80322,9
80323,7
80324,1
80325,5
80326,5
80327,5
80328,5
80329,4
80330,6
80331,1
80332,5
80333,5
80334,8
80335,4
80336,4
80337,4
80338,4
80339,10
80340,1
80341,1
80342,8
80343,7
80344,7
80345,5
80346,8
80347,5
80348,1
80349,7
80350,10
80351,10
80352,5
80353,5
80354,3
80355,1
80356,8
80357,5
80358,6
80359,5
80360,10
80361,4
80362,4
80363,1
80364,3
80365,1
80366,1
80367,10
80368,5
80369,5
80370,8
80371,1
80372,1
80373,5
80374,1
80375,10
80376,5
80377,6
80378,10
80379,10
80380,1
80381,1
80382,1
80383,1
80384,5
80385,5
80386,5
80387,5
80388,10
80389,9
80390,1
80391,1
80392,5
80393,6
80394,10
80395,4
80396,4
80397,1
80398,6
80399,1
80400,1
80401,8
80402,5
80403,8
80404,4
80405,5
80406,5
80407,8
80408,5
80409,10
80410,5
80411,9
80412,9
80413,8
80414,8
80415,6
80416,6
80417,7
80418,8
80419,8
80420,5
80421,5
80422,3
80423,7
80424,7
80425,5
80426,5
80427,6
80428,5
80429,8
80430,5
80431,7
80432,5
80433,1
80434,9
80435,6
80436,7
80437,10
80438,5
80439,4
80440,1
80441,6
80442,5
80443,5
80444,7
80445,5
80446,5
80447,3
80448,5
80449,5
80450,5
80451,4
80452,3
80453,9
80454,1
80455,5
80456,7
80457,8
80458,10
80459,4
80460,1
80461,8
80462,5
80463,7
80464,7
80465,7
80466,5
80467,7
80468,10
80469,10
80470,6
80471,3
80472,6
80473,8
80474,7
80475,1
80476,7
80477,8
80478,4
80479,1
80480,5
80481,8
80482,1
80483,10
80484,5
80485,10
80486,5
80487,5
80488,5
80489,5
80490,4
80491,4
80492,4
80493,7
80494,10
80495,10
80496,10
80497,10
80498,9
80499,5
80500,6
80501,8
80502,1
80503,7
80504,7
80505,7
80506,7
80507,7
80508,4
80509,5
80510,3
80511,1
80512,1
80513,1
80514,8
80515,7
80516,6
80517,10
80518,8
80519,5
80520,8
80521,5
80522,6
80523,1
80524,1
80525,7
80526,7
80527,10
80528,4
80529,8
80530,8
80531,1
80532,8
80533,1
80534,1
80535,5
80536,1
80537,1
80538,7
80539,5
80540,7
80541,10
80542,5
80543,4
80544,4
80545,1
80546,1
80547,6
80548,6
80549,5
80550,8
80551,10
80552,5
80553,7
80554,5
80555,10
80556,6
80557,4
80558,5
80559,1
80560,9
80561,5
80562,5
80563,5
80564,5
80565,6
80566,10
80567,5
80568,8
80569,4
80570,4
80571,7
80572,4
80573,8
80574,4
80575,1
80576,8
80577,1
80578,1
80579,1
80580,7
80581,5
80582,7
80583,5
80584,10
80585,7
80586,10
80587,6
80588,5
80589,5
80590,7
80591,6
80592,5
80593,6
80594,5
80595,9
80596,1
80597,9
80598,7
80599,5
80600,10
80601,5
80602,10
80603,10
80604,5
80605,8
80606,8
80607,1
80608,10
80609,5
80610,7
80611,10
80612,10
80613,4
80614,8
80615,8
80616,1
80617,1
80618,5
80619,5
80620,9
80621,5
80622,10
80623,10
80624,4
80625,5
80626,7
80627,1
80628,9
80629,10
80630,10
80631,5
80632,4
80633,8
80634,4
80635,8
80636,1
80637,5
80638,1
80639,10
80640,10
80641,10
80642,5
80643,4
80644,5
80645,5
80646,1
80647,5
80648,9
80649,10
80650,10
80651,6
80652,8
80653,8
80654,7
80655,5
80656,8
80657,4
80658,4
80659,3
80660,5
80661,7
80662,7
80663,5
80664,7
80665,5
80666,5
80667,10
80668,4
80669,8
80670,5
80671,8
80672,1
80673,1
80674,5
80675,8
80676,10
80677,5
80678,8
80679,1
80680,5
80681,10
80682,4
80683,6
80684,4
80685,8
80686,8
80687,5
80688,4
80689,5
80690,4
80691,8
80692,1
80693,1
80694,10
80695,7
80696,5
80697,10
80698,5
80699,4
80700,5
80701,5
80702,6
80703,7
80704,10
80705,5
80706,5
80707,10
80708,5
80709,1
80710,10
80711,10
80712,8
80713,1
80714,7
80715,7
80716,10
80717,10
80718,10
80719,9
80720,5
80721,1
80722,1
80723,5
80724,1
80725,9
80726,5
80727,10
80728,5
80729,5
80730,5
80731,10
80732,8
80733,4
80734,4
80735,5
80736,4
80737,4
80738,7
80739,1
80740,1
80741,5
80742,1
80743,10
80744,10
80745,4
80746,7
80747,7
80748,5
80749,7
80750,5
80751,10
80752,10
80753,4
80754,8
80755,5
80756,3
80757,8
80758,1
80759,7
80760,5
80761,5
80762,5
80763,8
80764,4
80765,9
80766,1
80767,5
80768,5
80769,10
80770,4
80771,1
80772,8
80773,1
80774,1
80775,1
80776,1
80777,1
80778,5
80779,5
80780,4
80781,8
80782,1
80783,8
80784,7
80785,5
80786,5
80787,5
80788,5
80789,4
80790,5
80791,4
80792,5
80793,10
80794,5
80795,10
80796,4
80797,1
80798,6
80799,8
80800,5
80801,5
80802,5
80803,8
80804,7
80805,7
80806,5
80807,6
80808,8
80809,9
80810,5
80811,7
80812,10
80813,6
80814,6
80815,10
80816,5
80817,5
80818,8
80819,5
80820,8
80821,5
80822,5
80823,5
80824,4
80825,8
80826,4
80827,5
80828,8
80829,4
80830,7
80831,10
80832,6
80833,8
80834,4
80835,5
80836,1
80837,6
80838,1
80839,5
80840,5
80841,4
80842,5
80843,8
80844,8
80845,9
80846,5
80847,5
80848,3
80849,9
80850,8
80851,9
80852,1
80853,9
80854,10
80855,9
80856,8
80857,5
80858,5
80859,5
80860,4
80861,5
80862,6
80863,5
80864,5
80865,10
80866,4
80867,4
80868,7
80869,9
80870,10
80871,4
80872,9
80873,1
80874,8
80875,7
80876,4
80877,5
80878,4
80879,6
80880,6
80881,1
80882,1
80883,8
80884,7
80885,8
80886,4
80887,8
80888,4
80889,1
80890,1
80891,1
80892,5
80893,5
80894,10
80895,6
80896,5
80897,10
80898,10
80899,4
80900,4
80901,4
80902,4
80903,1
80904,5
80905,5
80906,4
80907,4
80908,5
80909,1
80910,1
80911,7
80912,7
80913,5
80914,5
80915,10
80916,5
80917,10
80918,10
80919,5
80920,8
80921,4
80922,5
80923,5
80924,1
80925,7
80926,7
80927,6
80928,10
80929,8
80930,5
80931,10
80932,1
80933,6
80934,5
80935,7
80936,10
80937,5
80938,9
80939,10
80940,5
80941,6
80942,8
80943,5
80944,8
80945,1
80946,4
80947,5
80948,10
80949,4
80950,4
80951,8
80952,5
80953,7
80954,7
80955,10
80956,10
80957,5
80958,9
80959,5
80960,9
80961,1
80962,9
80963,8
80964,5
80965,8
80966,9
80967,5
80968,5
80969,7
80970,7
80971,10
80972,8
80973,1
80974,7
80975,5
80976,10
80977,3
80978,5
80979,7
80980,5
80981,6
80982,7
80983,5
80984,10
80985,10
80986,10
80987,8
80988,4
80989,7
80990,5
80991,7
80992,5
80993,6
80994,1
80995,1
80996,1
80997,7
80998,5
80999,7
81000,5
81001,5
81002,4
81003,8
81004,8
81005,6
81006,1
81007,1
81008,7
81009,7
81010,5
81011,7
81012,10
81013,5
81014,10
81015,10
81016,10
81017,10
81018,9
81019,1
81020,1
81021,5
81022,1
81023,1
81024,1
81025,5
81026,7
81027,10
81028,7
81029,5
81030,4
81031,5
81032,6
81033,1
81034,1
81035,1
81036,5
81037,7
81038,10
81039,5
81040,5
81041,10
81042,8
81043,4
81044,5
81045,8
81046,6
81047,5
81048,5
81049,10
81050,8
81051,4
81052,8
81053,5
81054,3
81055,1
81056,5
81057,1
81058,5
81059,7
81060,5
81061,10
81062,5
81063,5
81064,1
81065,6
81066,7
81067,6
81068,5
81069,5
81070,4
81071,4
81072,4
81073,8
81074,1
81075,5
81076,5
81077,1
81078,7
81079,9
81080,5
81081,6
81082,9
81083,7
81084,5
81085,5
81086,6
81087,1
81088,5
81089,5
81090,8
81091,4
81092,7
81093,7
81094,10
81095,5
81096,5
81097,5
81098,5
81099,10
81100,10
81101,10
81102,10
81103,8
81104,5
81105,4
81106,5
81107,1
81108,1
81109,5
81110,3
81111,5
81112,7
81113,10
81114,10
81115,9
81116,4
81117,5
81118,4
81119,8
81120,1
81121,1
81122,10
81123,4
81124,10
81125,10
81126,7
81127,7
81128,5
81129,9
81130,5
81131,6
81132,4
81133,8
81134,8
81135,1
81136,3
81137,3
81138,5
81139,1
81140,10
81141,5
81142,5
81143,4
81144,8
81145,8
81146,7
81147,7
81148,1
81149,5
81150,7
81151,5
81152,10
81153,10
81154,10
81155,10
81156,4
81157,8
81158,4
81159,1
81160,1
81161,1
81162,7
81163,4
81164,10
81165,5
81166,7
81167,10
81168,10
81169,10
81170,5
81171,5
81172,10
81173,10
81174,5
81175,4
81176,5
81177,8
81178,6
81179,5
81180,7
81181,10
81182,6
81183,9
81184,1
81185,5
81186,5
81187,1
81188,7
81189,7
81190,7
81191,7
81192,7
81193,5
81194,10
81195,8
81196,1
81197,6
81198,7
81199,1
81200,5
81201,5
81202,6
81203,10
81204,10
81205,6
81206,6
81207,5
81208,10
81209,4
81210,5
81211,4
81212,4
81213,4
81214,3
81215,6
81216,1
81217,1
81218,5
81219,7
81220,7
81221,10
81222,5
81223,5
81224,10
81225,5
81226,4
81227,3
81228,10
81229,1
81230,7
81231,6
81232,5
81233,5
81234,5
81235,5
81236,10
81237,5
81238,4
81239,4
81240,6
81241,1
81242,7
81243,9
81244,7
81245,7
81246,10
81247,10
81248,5
81249,1
81250,6
81251,1
81252,1
81253,7
81254,7
81255,5
81256,5
81257,8
81258,4
81259,8
81260,3
81261,7
81262,7
81263,7
81264,6
81265,5
81266,5
81267,7
81268,7
81269,6
81270,10
81271,5
81272,8
81273,1
81274,5
81275,1
81276,5
81277,7
81278,7
81279,9
81280,10
81281,4
81282,4
81283,5
81284,1
81285,7
81286,7
81287,7
81288,7
81289,6
81290,4
81291,4
81292,10
81293,4
81294,7
81295,5
81296,10
81297,5
81298,6
81299,8
81300,7
81301,1
81302,1
81303,1
81304,7
81305,1
81306,6
81307,8
81308,10
81309,10
81310,4
81311,4
81312,6
81313,7
81314,7
81315,7
81316,10
81317,5
81318,10
81319,5
81320,4
81321,3
81322,3
81323,1
81324,1
81325,1
81326,7
81327,1
81328,7
81329,7
81330,7
81331,5
81332,1
81333,10
81334,5
81335,4
81336,8
81337,8
81338,6
81339,1
81340,9
81341,7
81342,10
81343,10
81344,5
81345,8
81346,3
81347,1
81348,1
81349,1
81350,7
81351,7
81352,10
81353,10
81354,10
81355,8
81356,1
81357,6
81358,5
81359,4
81360,8
81361,1
81362,1
81363,7
81364,6
81365,7
81366,4
81367,5
81368,1
81369,6
81370,9
81371,9
81372,1
81373,5
81374,10
81375,5
81376,10
81377,8
81378,8
81379,1
81380,7
81381,6
81382,5
81383,7
81384,5
81385,10
81386,4
81387,4
81388,8
81389,5
81390,5
81391,1
81392,4
81393,7
81394,7
81395,1
81396,5
81397,10
81398,10
81399,4
81400,5
81401,7
81402,6
81403,7
81404,5
81405,1
81406,10
81407,8
81408,5
81409,5
81410,5
81411,6
81412,7
81413,5
81414,5
81415,5
81416,10
81417,6
81418,6
81419,4
81420,1
81421,1
81422,1
81423,5
81424,10
81425,7
81426,7
81427,5
81428,6
81429,7
81430,10
81431,4
81432,5
81433,3
81434,3
81435,6
81436,8
81437,7
81438,5
81439,10
81440,9
81441,1
81442,1
81443,7
81444,6
81445,5
81446,10
81447,10
81448,4
81449,4
81450,5
81451,3
81452,5
81453,5
81454,7
81455,5
81456,9
81457,10
81458,4
81459,1
81460,1
81461,6
81462,7
81463,7
81464,4
81465,9
81466,7
81467,5
81468,8
81469,10
81470,10
81471,5
81472,4
81473,4
81474,4
81475,9
81476,5
81477,1
81478,5
81479,5
81480,4
81481,10
81482,5
81483,5
81484,1
81485,7
81486,10
81487,5
81488,6
81489,8
81490,4
81491,4
81492,5
81493,1
81494,5
81495,5
81496,5
81497,5
81498,5
81499,10
81500,8
81501,1
81502,6
81503,7
81504,6
81505,5
81506,4
81507,4
81508,3
81509,5
81510,1
81511,5
81512,1
81513,6
81514,10
81515,10
81516,5
81517,4
81518,7
81519,7
81520,5
81521,7
81522,10
81523,4
81524,3
81525,3
81526,6
81527,5
81528,4
81529,5
81530,5
81531,4
81532,5
81533,5
81534,5
81535,9
81536,1
81537,9
81538,3
81539,6
81540,10
81541,6
81542,10
81543,10
81544,5
81545,5
81546,4
81547,8
81548,6
81549,6
81550,6
81551,10
81552,9
81553,5
81554,10
81555,10
81556,5
81557,4
81558,5
81559,6
81560,1
81561,5
81562,4
81563,1
81564,5
81565,1
81566,7
81567,5
81568,5
81569,7
81570,5
81571,5
81572,10
81573,7
81574,9
81575,8
81576,9
81577,1
81578,5
81579,1
81580,5
81581,6
81582,5
81583,1
81584,1
81585,7
81586,5
81587,5
81588,10
81589,5
81590,4
81591,4
81592,8
81593,5
81594,10
81595,5
81596,10
81597,5
81598,5
81599,10
81600,4
81601,4
81602,4
81603,1
81604,10
81605,6
81606,8
81607,4
81608,6
81609,7
81610,5
81611,10
81612,5
81613,10
81614,5
81615,6
81616,1
81617,10
81618,5
81619,10
81620,5
81621,10
81622,5
81623,10
81624,8
81625,4
81626,9
81627,4
81628,3
81629,5
81630,5
81631,1
81632,6
81633,7
81634,6
81635,5
81636,5
81637,6
81638,10
81639,5
81640,5
81641,1
81642,4
81643,4
81644,4
81645,1
81646,5
81647,8
81648,3
81649,6
81650,4
81651,5
81652,10
81653,10
81654,10
81655,10
81656,5
81657,5
81658,9
81659,6
81660,1
81661,5
81662,7
81663,3
81664,10
81665,5
81666,10
81667,8
81668,5
81669,5
81670,6
81671,8
81672,5
81673,10
81674,5
81675,8
81676,10
81677,5
81678,8
81679,3
81680,6
81681,5
81682,5
81683,4
81684,7
81685,7
81686,10
81687,10
81688,5
81689,1
81690,10
81691,10
81692,1
81693,5
81694,7
81695,10
81696,5
81697,10
81698,10
81699,5
81700,8
81701,4
81702,4
81703,8
81704,1
81705,5
81706,4
81707,2
81708,1
81709,2
81710,9
81711,4
81712,2
81713,2
81714,9
81715,2
81716,4
81717,2
81718,9
81719,9
81720,9
81721,10
81722,9
81723,2
81724,2
81725,9
81726,2
81727,2
81728,7
81729,4
81730,2
81731,2
81732,7
81733,2
81734,7
81735,7
81736,8
81737,10
81738,8
81739,9
81740,2
81741,2
81742,9
81743,9
81744,9
81745,9
81746,8
81747,9
81748,9
81749,6
81750,9
81751,9
81752,8
81753,9
81754,2
81755,9
81756,3
81757,7
81758,6
81759,2
81760,10
81761,5
81762,2
81763,7
81764,4
81765,2
81766,7
81767,5
81768,2
81769,7
81770,2
81771,10
81772,8
81773,8
81774,7
81775,10
81776,3
81777,2
81778,6
81779,6
81780,10
81781,2
81782,10
81783,1
81784,7
81785,2
81786,10
81787,3
81788,2
81789,4
81790,2
81791,4
81792,1
81793,10
81794,1
81795,2
81796,10
81797,1
81798,2
81799,6
81800,4
81801,3
81802,2
81803,10
81804,7
81805,4
81806,10
81807,7
81808,2
81809,3
81810,10
81811,2
81812,1
81813,10
81814,2
81815,10
81816,4
81817,10
81818,9
81819,8
81820,2
81821,10
81822,10
81823,3
81824,10
81825,2
81826,10
81827,9
81828,4
81829,10
81830,3
81831,2
81832,10
81833,10
81834,1
81835,2
81836,10
81837,10
81838,2
81839,5
81840,5
81841,2
81842,4
81843,6
81844,10
81845,2
81846,6
81847,6
81848,3
81849,4
81850,1
81851,7
81852,10
81853,6
81854,10
81855,7
81856,10
81857,6
81858,6
81859,4
81860,4
81861,10
81862,9
81863,8
81864,4
81865,6
81866,10
81867,10
81868,7
81869,7
81870,4
81871,10
81872,6
81873,10
81874,1
81875,8
81876,10
81877,4
81878,6
81879,1
81880,10
81881,8
81882,4
81883,10
81884,4
81885,8
81886,4
81887,5
81888,4
81889,8
81890,7
81891,7
81892,8
81893,7
81894,8
81895,4
81896,8
81897,8
81898,9
81899,8
81900,8
81901,7
81902,4
81903,1
81904,4
81905,6
81906,10
81907,7
81908,7
81909,7
81910,7
81911,10
81912,8
81913,7
81914,7
81915,7
81916,7
81917,10
81918,3
81919,7
81920,7
81921,1
81922,7
81923,7
81924,8
81925,8
81926,1
81927,1
81928,1
81929,4
81930,4
81931,7
81932,7
81933,10
81934,7
81935,9
81936,10
81937,10
81938,8
81939,9
81940,1
81941,7
81942,10
81943,8
81944,5
81945,9
81946,9
81947,7
81948,4
81949,4
81950,9
81951,9
81952,2
81953,9
81954,9
81955,6
81956,8
81957,5
81958,5
81959,1
81960,10
81961,8
81962,7
81963,8
81964,7
81965,5
81966,8
81967,7
81968,7
81969,5
81970,7
81971,10
81972,5
81973,7
81974,5
81975,6
81976,7
81977,5
81978,8
81979,10
81980,10
81981,10
81982,5
81983,7
81984,4
81985,4
81986,7
81987,7
81988,7
81989,10
81990,1
81991,1
81992,7
81993,7
81994,1
81995,7
81996,7
81997,9
81998,7
81999,4
82000,7
82001,6
82002,8
82003,8
82004,6
82005,1
82006,7
82007,7
82008,7
82009,1
82010,6
82011,10
82012,10
82013,6
82014,6
82015,2
82016,9
82017,1
82018,9
82019,8
82020,6
82021,7
82022,7
82023,7
82024,6
82025,7
82026,9
82027,1
82028,6
82029,9
82030,4
82031,7
82032,3
82033,7
82034,9
82035,7
82036,5
82037,9
82038,6
82039,7
82040,9
82041,6
82042,6
82043,7
82044,9
82045,6
82046,4
82047,9
82048,6
82049,3
82050,3
82051,5
82052,5
82053,6
82054,7
82055,7
82056,7
82057,10
82058,10
82059,4
82060,7
82061,10
82062,6
82063,6
82064,5
82065,4
82066,4
82067,9
82068,4
82069,8
82070,7
82071,1
82072,6
82073,7
82074,8
82075,7
82076,8
82077,7
82078,1
82079,7
82080,1
82081,7
82082,8
82083,1
82084,7
82085,1
82086,1
82087,1
82088,7
82089,7
82090,7
82091,6
82092,7
82093,6
82094,7
82095,7
82096,7
82097,1
82098,1
82099,6
82100,7
82101,7
82102,7
82103,7
82104,7
82105,7
82106,8
82107,7
82108,7
82109,7
82110,3
82111,7
82112,7
82113,1
82114,7
82115,9
82116,9
82117,7
82118,7
82119,7
82120,7
82121,7
82122,7
82123,7
82124,7
82125,7
82126,7
82127,7
82128,7
82129,7
82130,7
82131,7
82132,7
82133,7
82134,7
82135,7
82136,7
82137,6
82138,7
82139,7
82140,6
82141,4
82142,7
82143,10
82144,4
82145,6
82146,7
82147,7
82148,4
82149,4
82150,1
82151,3
82152,10
82153,6
82154,7
82155,7
82156,10
82157,7
82158,5
82159,7
82160,4
82161,8
82162,7
82163,5
82164,1
82165,5
82166,1
82167,1
82168,1
82169,5
82170,4
82171,5
82172,10
82173,8
82174,4
82175,9
82176,8
82177,4
82178,7
82179,9
82180,3
82181,4
82182,4
82183,10
82184,6
82185,4
82186,10
82187,10
82188,3
82189,1
82190,3
82191,7
82192,5
82193,6
82194,4
82195,4
82196,4
82197,4
82198,2
82199,7
82200,4
82201,9
82202,9
82203,5
82204,4
82205,1
82206,7
82207,7
82208,5
82209,4
82210,9
82211,2
82212,2
82213,4
82214,4
82215,4
82216,8
82217,7
82218,7
82219,9
82220,6
82221,7
82222,9
82223,3
82224,6
82225,1
82226,1
82227,1
82228,6
82229,7
82230,10
82231,10
82232,5
82233,10
82234,10
82235,5
82236,10
82237,2
82238,5
82239,4
82240,4
82241,4
82242,2
82243,8
82244,2
82245,2
82246,10
82247,1
82248,1
82249,5
82250,8
82251,4
82252,4
82253,1
82254,10
82255,8
82256,7
82257,1
82258,10
82259,2
82260,6
82261,10
82262,8
82263,9
82264,5
82265,7
82266,6
82267,5
82268,6
82269,9
82270,2
82271,9
82272,9
82273,9
82274,2
82275,1
82276,9
82277,3
82278,8
82279,1
82280,6
82281,1
82282,9
82283,5
82284,6
82285,5
82286,10
82287,5
82288,10
82289,6
82290,4
82291,9
82292,7
82293,4
82294,4
82295,10
82296,8
82297,1
82298,8
82299,1
82300,5
82301,1
82302,1
82303,6
82304,10
82305,10
82306,5
82307,5
82308,10
82309,5
82310,4
82311,9
82312,7
82313,6
82314,7
82315,6
82316,7
82317,6
82318,5
82319,1
82320,3
82321,9
82322,10
82323,4
82324,9
82325,7
82326,7
82327,7
82328,7
82329,2
82330,9
82331,6
82332,7
82333,5
82334,5
82335,4
82336,9
82337,10
82338,8
82339,1
82340,6
82341,6
82342,9
82343,10
82344,7
82345,6
82346,9
82347,9
82348,6
82349,1
82350,1
82351,1
82352,4
82353,1
82354,5
82355,5
82356,1
82357,10
82358,1
82359,7
82360,5
82361,6
82362,7
82363,5
82364,5
82365,10
82366,10
82367,10
82368,10
82369,7
82370,4
82371,4
82372,4
82373,9
82374,5
82375,4
82376,9
82377,9
82378,7
82379,1
82380,9
82381,6
82382,2
82383,4
82384,2
82385,2
82386,8
82387,9
82388,4
82389,4
82390,9
82391,8
82392,1
82393,1
82394,5
82395,3
82396,3
82397,6
82398,2
82399,7
82400,5
82401,7
82402,1
82403,10
82404,10
82405,10
82406,5
82407,5
82408,9
82409,4
82410,6
82411,2
82412,6
82413,6
82414,1
82415,3
82416,8
82417,6
82418,9
82419,1
82420,3
82421,7
82422,6
82423,1
82424,10
82425,8
82426,8
82427,7
82428,7
82429,7
82430,7
82431,6
82432,10
82433,7
82434,7
82435,3
82436,1
82437,3
82438,3
82439,5
82440,5
82441,7
82442,5
82443,5
82444,5
82445,10
82446,5
82447,4
82448,8
82449,1
82450,7
82451,8
82452,2
82453,4
82454,1
82455,1
82456,4
82457,6
82458,5
82459,5
82460,1
82461,5
82462,1
82463,1
82464,5
82465,9
82466,5
82467,5
82468,5
82469,7
82470,8
82471,7
82472,7
82473,10
82474,10
82475,10
82476,5
82477,1
82478,9
82479,4
82480,4
82481,5
82482,5
82483,1
82484,3
82485,1
82486,1
82487,8
82488,10
82489,10
82490,5
82491,9
82492,7
82493,6
82494,1
82495,4
82496,9
82497,7
82498,9
82499,7
82500,9
82501,9
82502,9
82503,2
82504,9
82505,7
82506,1
82507,2
82508,9
82509,6
82510,7
82511,9
82512,2
82513,5
82514,9
82515,9
82516,4
82517,2
82518,2
82519,2
82520,8
82521,4
82522,7
82523,7
82524,2
82525,2
82526,4
82527,4
82528,4
82529,1
82530,1
82531,1
82532,2
82533,1
82534,6
82535,9
82536,1
82537,5
82538,9
82539,6
82540,4
82541,2
82542,7
82543,2
82544,7
82545,2
82546,7
82547,7
82548,7
82549,7
82550,5
82551,10
82552,5
82553,4
82554,10
82555,9
82556,7
82557,8
82558,9
82559,9
82560,6
82561,5
82562,4
82563,7
82564,1
82565,7
82566,7
82567,7
82568,10
82569,7
82570,7
82571,6
82572,7
82573,7
82574,2
82575,6
82576,7
82577,7
82578,2
82579,10
82580,5
82581,10
82582,10
82583,4
82584,8
82585,3
82586,9
82587,9
82588,6
82589,6
82590,6
82591,8
82592,8
82593,2
82594,4
82595,9
82596,1
82597,5
82598,3
82599,6
82600,5
82601,1
82602,10
82603,5
82604,5
82605,5
82606,5
82607,7
82608,1
82609,7
82610,7
82611,3
82612,10
82613,9
82614,5
82615,4
82616,4
82617,6
82618,9
82619,2
82620,2
82621,7
82622,7
82623,8
82624,7
82625,1
82626,7
82627,7
82628,7
82629,7
82630,7
82631,7
82632,8
82633,2
82634,2
82635,2
82636,1
82637,7
82638,7
82639,7
82640,6
82641,7
82642,5
82643,9
82644,4
82645,9
82646,7
82647,1
82648,3
82649,9
82650,9
82651,7
82652,7
82653,7
82654,9
82655,10
82656,10
82657,10
82658,6
82659,2
82660,10
82661,9
82662,9
82663,6
82664,9
82665,8
82666,6
82667,5
82668,7
82669,5
82670,5
82671,7
82672,5
82673,9
82674,5
82675,6
82676,6
82677,5
82678,7
82679,2
82680,9
82681,5
82682,5
82683,5
82684,6
82685,10
82686,2
82687,2
82688,5
82689,10
82690,4
82691,4
82692,4
82693,6
82694,4
82695,7
82696,10
82697,10
82698,10
82699,10
82700,8
82701,4
82702,8
82703,2
82704,7
82705,10
82706,10
82707,2
82708,9
82709,8
82710,9
82711,7
82712,10
82713,4
82714,7
82715,7
82716,7
82717,5
82718,5
82719,7
82720,2
82721,7
82722,1
82723,8
82724,2
82725,2
82726,5
82727,9
82728,8
82729,5
82730,5
82731,3
82732,5
82733,6
82734,7
82735,7
82736,7
82737,9
82738,5
82739,10
82740,5
82741,6
82742,5
82743,10
82744,5
82745,9
82746,8
82747,9
82748,5
82749,5
82750,1
82751,7
82752,1
82753,3
82754,10
82755,10
82756,1
82757,10
82758,10
82759,2
82760,2
82761,2
82762,2
82763,5
82764,2
82765,7
82766,5
82767,5
82768,10
82769,4
82770,5
82771,4
82772,8
82773,2
82774,5
82775,1
82776,5
82777,9
82778,1
82779,8
82780,2
82781,7
82782,4
82783,1
82784,5
82785,2
82786,10
82787,10
82788,10
82789,5
82790,4
82791,2
82792,10
82793,4
82794,10
82795,10
82796,10
82797,10
82798,6
82799,10
82800,4
82801,1
82802,9
82803,4
82804,8
82805,4
82806,4
82807,10
82808,9
82809,4
82810,6
82811,5
82812,6
82813,1
82814,6
82815,5
82816,10
82817,10
82818,5
82819,4
82820,6
82821,1
82822,1
82823,8
82824,5
82825,6
82826,10
82827,10
82828,9
82829,6
82830,6
82831,5
82832,10
82833,10
82834,6
82835,10
82836,4
82837,7
82838,7
82839,2
82840,3
82841,1
82842,6
82843,7
82844,5
82845,10
82846,5
82847,4
82848,9
82849,5
82850,4
82851,4
82852,10
82853,10
82854,10
82855,2
82856,10
82857,7
82858,8
82859,7
82860,8
82861,8
82862,6
82863,6
82864,4
82865,10
82866,10
82867,5
82868,8
82869,4
82870,10
82871,2
82872,10
82873,1
82874,3
82875,1
82876,1
82877,7
82878,10
82879,5
82880,6
82881,5
82882,5
82883,10
82884,10
82885,6
82886,10
82887,5
82888,2
82889,10
82890,2
82891,9
82892,4
82893,4
82894,8
82895,4
82896,5
82897,6
82898,4
82899,1
82900,7
82901,7
82902,2
82903,9
82904,10
82905,5
82906,4
82907,6
82908,5
82909,10
82910,5
82911,6
82912,5
82913,4
82914,5
82915,5
82916,5
82917,4
82918,6
82919,10
82920,10
82921,5
82922,4
82923,4
82924,2
82925,10
82926,4
82927,7
82928,5
82929,1
82930,5
82931,6
82932,1
82933,6
82934,5
82935,6
82936,9
82937,7
82938,10
82939,10
82940,10
82941,5
82942,10
82943,10
82944,10
82945,10
82946,8
82947,4
82948,7
82949,10
82950,6
82951,6
82952,8
82953,4
82954,7
82955,4
82956,4
82957,4
82958,10
82959,9
82960,10
82961,10
82962,10
82963,10
82964,10
82965,10
82966,10
82967,10
82968,10
82969,10
82970,8
82971,2
82972,6
82973,2
82974,9
82975,2
82976,10
82977,5
82978,5
82979,1
82980,5
82981,5
82982,7
82983,4
82984,4
82985,10
82986,8
82987,1
82988,10
82989,10
82990,10
82991,10
82992,10
82993,6
82994,9
82995,2
82996,2
82997,4
82998,10
82999,9
83000,8
83001,4
83002,2
83003,10
83004,6
83005,9
83006,1
83007,6
83008,5
83009,5
83010,10
83011,5
83012,5
83013,10
83014,10
83015,4
83016,9
83017,8
83018,4
83019,8
83020,9
83021,5
83022,5
83023,10
83024,10
83025,4
83026,10
83027,8
83028,8
83029,7
83030,8
83031,4
83032,4
83033,4
83034,9
83035,6
83036,6
83037,6
83038,6
83039,5
83040,9
83041,6
83042,5
83043,10
83044,5
83045,9
83046,5
83047,4
83048,9
83049,4
83050,5
83051,10
83052,4
83053,8
83054,10
83055,9
83056,7
83057,10
83058,9
83059,9
83060,9
83061,8
83062,10
83063,5
83064,8
83065,9
83066,9
83067,4
83068,4
83069,6
83070,8
83071,1
83072,7
83073,5
83074,7
83075,5
83076,4
83077,10
83078,6
83079,10
83080,5
83081,8
83082,4
83083,4
83084,9
83085,4
83086,9
83087,8
83088,8
83089,8
83090,2
83091,5
83092,2
83093,2
83094,4
83095,10
83096,1
83097,8
83098,5
83099,10
83100,5
83101,9
83102,4
83103,5
83104,5
83105,1
83106,9
83107,6
83108,5
83109,5
83110,9
83111,6
83112,5
83113,5
83114,1
83115,7
83116,5
83117,7
83118,10
83119,10
83120,5
83121,10
83122,5
83123,4
83124,4
83125,9
83126,4
83127,9
83128,4
83129,4
83130,9
83131,10
83132,4
83133,4
83134,10
83135,9
83136,10
83137,8
83138,2
83139,9
83140,9
83141,7
83142,10
83143,10
83144,5
83145,5
83146,5
83147,6
83148,10
83149,10
83150,10
83151,5
83152,5
83153,10
83154,4
83155,9
83156,8
83157,4
83158,8
83159,8
83160,6
83161,8
83162,7
83163,2
83164,2
83165,2
83166,2
83167,2
83168,8
83169,2
83170,6
83171,6
83172,5
83173,7
83174,5
83175,5
83176,10
83177,10
83178,10
83179,10
83180,4
83181,3
83182,5
83183,4
83184,4
83185,4
83186,4
83187,10
83188,10
83189,1
83190,2
83191,2
83192,2
83193,9
83194,8
83195,2
83196,2
83197,8
83198,5
83199,10
83200,4
83201,4
83202,10
83203,7
83204,10
83205,5
83206,5
83207,10
83208,10
83209,5
83210,5
83211,6
83212,5
83213,4
83214,4
83215,9
83216,8
83217,8
83218,4
83219,5
83220,10
83221,4
83222,5
83223,10
83224,10
83225,10
83226,10
83227,4
83228,10
83229,10
83230,2
83231,2
83232,2
83233,4
83234,5
83235,10
83236,10
83237,5
83238,5
83239,6
83240,4
83241,4
83242,4
83243,10
83244,10
83245,10
83246,10
83247,10
83248,10
83249,5
83250,10
83251,8
83252,4
83253,10
83254,1
83255,1
83256,10
83257,5
83258,5
83259,5
83260,5
83261,5
83262,4
83263,5
83264,5
83265,2
83266,4
83267,2
83268,2
83269,8
83270,9
83271,4
83272,8
83273,4
83274,2
83275,9
83276,6
83277,10
83278,6
83279,5
83280,2
83281,10
83282,4
83283,8
83284,4
83285,10
83286,1
83287,10
83288,6
83289,10
83290,8
83291,4
83292,4
83293,10
83294,5
83295,5
83296,8
83297,10
83298,10
83299,5
83300,10
83301,4
83302,4
83303,5
83304,2
83305,7
83306,8
83307,10
83308,4
83309,6
83310,10
83311,4
83312,10
83313,4
83314,2
83315,2
83316,4
83317,8
83318,8
83319,6
83320,4
83321,8
83322,4
83323,4
83324,9
83325,8
83326,5
83327,5
83328,6
83329,6
83330,9
83331,8
83332,8
83333,10
83334,4
83335,6
83336,10
83337,5
83338,5
83339,10
83340,5
83341,10
83342,4
83343,8
83344,8
83345,4
83346,10
83347,10
83348,9
83349,10
83350,10
83351,10
83352,10
83353,9
83354,2
83355,2
83356,9
83357,10
83358,2
83359,5
83360,9
83361,8
83362,10
83363,6
83364,10
83365,6
83366,5
83367,10
83368,2
83369,10
83370,10
83371,9
83372,2
83373,2
83374,5
83375,9
83376,7
83377,5
83378,5
83379,10
83380,6
83381,4
83382,4
83383,10
83384,10
83385,10
83386,8
83387,4
83388,10
83389,5
83390,10
83391,10
83392,5
83393,8
83394,4
83395,1
83396,1
83397,1
83398,4
83399,10
83400,4
83401,5
83402,10
83403,10
83404,7
83405,4
83406,5
83407,4
83408,5
83409,8
83410,4
83411,8
83412,4
83413,5
83414,7
83415,4
83416,10
83417,9
83418,7
83419,7
83420,7
83421,9
83422,9
83423,10
83424,4
83425,4
83426,5
83427,5
83428,10
83429,4
83430,4
83431,1
83432,6
83433,5
83434,10
83435,5
83436,5
83437,5
83438,5
83439,5
83440,10
83441,5
83442,6
83443,9
83444,1
83445,8
83446,4
83447,5
83448,9
83449,9
83450,10
83451,10
83452,10
83453,6
83454,1
83455,1
83456,7
83457,8
83458,10
83459,10
83460,7
83461,7
83462,8
83463,5
83464,4
83465,1
83466,8
83467,4
83468,4
83469,2
83470,5
83471,9
83472,2
83473,8
83474,5
83475,5
83476,5
83477,5
83478,8
83479,4
83480,5
83481,5
83482,10
83483,5
83484,10
83485,4
83486,5
83487,10
83488,1
83489,8
83490,5
83491,10
83492,7
83493,7
83494,10
83495,10
83496,10
83497,10
83498,4
83499,9
83500,4
83501,5
83502,8
83503,1
83504,5
83505,5
83506,5
83507,5
83508,10
83509,9
83510,9
83511,5
83512,1
83513,10
83514,10
83515,4
83516,4
83517,4
83518,8
83519,5
83520,5
83521,10
83522,10
83523,8
83524,7
83525,2
83526,2
83527,4
83528,4
83529,4
83530,4
83531,10
83532,2
83533,5
83534,5
83535,4
83536,8
83537,1
83538,1
83539,1
83540,10
83541,10
83542,9
83543,4
83544,4
83545,4
83546,5
83547,4
83548,10
83549,10
83550,10
83551,10
83552,10
83553,10
83554,10
83555,10
83556,10
83557,10
83558,10
83559,10
83560,10
83561,10
83562,10
83563,10
83564,10
83565,10
83566,10
83567,10
83568,10
83569,10
83570,10
83571,10
83572,10
83573,10
83574,5
83575,10
83576,10
83577,10
83578,10
83579,10
83580,5
83581,10
83582,10
83583,8
83584,4
83585,5
83586,4
83587,4
83588,10
83589,2
83590,5
83591,7
83592,5
83593,9
83594,9
83595,9
83596,3
83597,9
83598,1
83599,7
83600,5
83601,6
83602,8
83603,4
83604,4
83605,9
83606,5
83607,4
83608,8
83609,4
83610,9
83611,9
83612,9
83613,8
83614,5
83615,9
83616,4
83617,1
83618,10
83619,6
83620,4
83621,4
83622,9
83623,4
83624,9
83625,1
83626,2
83627,4
83628,4
83629,4
83630,2
83631,4
83632,4
83633,10
83634,4
83635,4
83636,4
83637,4
83638,4
83639,5
83640,1
83641,4
83642,10
83643,10
83644,10
83645,9
83646,4
83647,5
83648,4
83649,4
83650,4
83651,8
83652,8
83653,9
83654,4
83655,5
83656,10
83657,10
83658,4
83659,5
83660,5
83661,1
83662,4
83663,1
83664,5
83665,9
83666,4
83667,1
83668,2
83669,5
83670,5
83671,10
83672,6
83673,5
83674,6
83675,4
83676,5
83677,4
83678,4
83679,4
83680,4
83681,2
83682,9
83683,6
83684,5
83685,4
83686,4
83687,6
83688,9
83689,6
83690,4
83691,4
83692,4
83693,6
83694,4
83695,8
83696,3
83697,2
83698,2
83699,2
83700,9
83701,3
83702,4
83703,1
83704,3
83705,1
83706,5
83707,4
83708,6
83709,10
83710,10
83711,10
83712,10
83713,10
83714,10
83715,10
83716,4
83717,4
83718,4
83719,6
83720,6
83721,10
83722,4
83723,10
83724,9
83725,2
83726,9
83727,2
83728,9
83729,2
83730,10
83731,10
83732,9
83733,4
83734,8
83735,7
83736,4
83737,9
83738,9
83739,8
83740,3
83741,9
83742,4
83743,5
83744,3
83745,3
83746,8
83747,7
83748,6
83749,10
83750,5
83751,5
83752,8
83753,5
83754,3
83755,7
83756,6
83757,5
83758,5
83759,5
83760,6
83761,2
83762,2
83763,2
83764,2
83765,8
83766,2
83767,4
83768,5
83769,10
83770,10
83771,4
83772,7
83773,5
83774,6
83775,10
83776,5
83777,4
83778,4
83779,8
83780,9
83781,5
83782,4
83783,4
83784,4
83785,9
83786,4
83787,4
83788,4
83789,4
83790,8
83791,5
83792,10
83793,5
83794,5
83795,4
83796,5
83797,6
83798,5
83799,10
83800,10
83801,10
83802,5
83803,5
83804,6
83805,5
83806,4
83807,6
83808,4
83809,4
83810,4
83811,4
83812,4
83813,8
83814,2
83815,2
83816,2
83817,10
83818,4
83819,10
83820,5
83821,7
83822,4
83823,3
83824,4
83825,1
83826,7
83827,8
83828,5
83829,5
83830,8
83831,5
83832,9
83833,7
83834,7
83835,6
83836,5
83837,10
83838,6
83839,10
83840,5
83841,5
83842,5
83843,5
83844,6
83845,10
83846,10
83847,4
83848,5
83849,9
83850,5
83851,5
83852,4
83853,4
83854,10
83855,9
83856,6
83857,5
83858,3
83859,4
83860,10
83861,2
83862,5
83863,2
83864,10
83865,10
83866,10
83867,10
83868,2
83869,9
83870,10
83871,9
83872,2
83873,9
83874,9
83875,9
83876,10
83877,10
83878,4
83879,10
83880,10
83881,4
83882,5
83883,4
83884,4
83885,7
83886,10
83887,4
83888,4
83889,4
83890,2
83891,10
83892,4
83893,9
83894,6
83895,6
83896,10
83897,4
83898,9
83899,4
83900,9
83901,7
83902,4
83903,9
83904,3
83905,7
83906,1
83907,3
83908,4
83909,5
83910,1
83911,10
83912,6
83913,9
83914,3
83915,6
83916,6
83917,10
83918,10
83919,10
83920,10
83921,10
83922,4
83923,4
83924,9
83925,9
83926,7
83927,7
83928,7
83929,2
83930,2
83931,2
83932,4
83933,10
83934,4
83935,5
83936,7
83937,9
83938,7
83939,5
83940,7
83941,7
83942,9
83943,10
83944,10
83945,10
83946,10
83947,5
83948,10
83949,10
83950,4
83951,9
83952,2
83953,1
83954,5
83955,3
83956,3
83957,9
83958,3
83959,1
83960,1
83961,3
83962,5
83963,2
83964,9
83965,4
83966,7
83967,5
83968,5
83969,4
83970,10
83971,5
83972,5
83973,10
83974,5
83975,8
83976,10
83977,7
83978,8
83979,4
83980,4
83981,4
83982,9
83983,5
83984,5
83985,6
83986,6
83987,5
83988,4
83989,10
83990,4
83991,6
83992,9
83993,3
83994,4
83995,5
83996,5
83997,5
83998,4
83999,5
84000,2
84001,3
84002,9
84003,3
84004,5
84005,1
84006,1
84007,8
84008,1
84009,6
84010,7
84011,7
84012,5
84013,7
84014,5
84015,10
84016,10
84017,10
84018,5
84019,5
84020,5
84021,6
84022,1
84023,1
84024,4
84025,4
84026,5
84027,4
84028,4
84029,5
84030,4
84031,10
84032,4
84033,6
84034,10
84035,10
84036,4
84037,10
84038,4
84039,9
84040,1
84041,1
84042,3
84043,4
84044,5
84045,5
84046,6
84047,5
84048,10
84049,10
84050,10
84051,10
84052,5
84053,4
84054,4
84055,4
84056,4
84057,4
84058,5
84059,9
84060,1
84061,8
84062,3
84063,5
84064,10
84065,7
84066,2
84067,10
84068,2
84069,6
84070,9
84071,7
84072,6
84073,7
84074,9
84075,8
84076,9
84077,3
84078,9
84079,7
84080,9
84081,4
84082,4
84083,8
84084,7
84085,7
84086,4
84087,1
84088,1
84089,1
84090,7
84091,9
84092,5
84093,3
84094,1
84095,4
84096,4
84097,10
84098,4
84099,10
84100,4
84101,4
84102,10
84103,4
84104,10
84105,4
84106,9
84107,10
84108,4
84109,10
84110,10
84111,10
84112,6
84113,10
84114,10
84115,6
84116,10
84117,10
84118,10
84119,1
84120,7
84121,8
84122,4
84123,6
84124,4
84125,3
84126,3
84127,1
84128,4
84129,5
84130,10
84131,7
84132,7
84133,7
84134,5
84135,10
84136,10
84137,5
84138,10
84139,10
84140,9
84141,5
84142,4
84143,4
84144,5
84145,5
84146,10
84147,10
84148,10
84149,10
84150,10
84151,4
84152,8
84153,9
84154,5
84155,6
84156,6
84157,5
84158,10
84159,5
84160,7
84161,7
84162,4
84163,3
84164,2
84165,8
84166,9
84167,1
84168,9
84169,7
84170,5
84171,5
84172,4
84173,5
84174,6
84175,5
84176,9
84177,8
84178,4
84179,5
84180,10
84181,1
84182,1
84183,4
84184,6
84185,4
84186,5
84187,9
84188,4
84189,4
84190,10
84191,3
84192,1
84193,5
84194,3
84195,1
84196,5
84197,3
84198,5
84199,5
84200,7
84201,7
84202,5
84203,6
84204,10
84205,5
84206,10
84207,6
84208,10
84209,10
84210,10
84211,4
84212,4
84213,4
84214,1
84215,9
84216,2
84217,2
84218,2
84219,3
84220,5
84221,1
84222,5
84223,5
84224,9
84225,7
84226,6
84227,5
84228,5
84229,6
84230,4
84231,4
84232,1
84233,5
84234,5
84235,5
84236,4
84237,1
84238,2
84239,10
84240,10
84241,2
84242,4
84243,1
84244,6
84245,10
84246,1
84247,2
84248,9
84249,4
84250,5
84251,1
84252,7
84253,7
84254,7
84255,7
84256,7
84257,5
84258,9
84259,5
84260,1
84261,3
84262,8
84263,5
84264,5
84265,9
84266,5
84267,5
84268,3
84269,5
84270,3
84271,5
84272,7
84273,6
84274,5
84275,5
84276,5
84277,10
84278,10
84279,5
84280,5
84281,4
84282,4
84283,1
84284,1
84285,5
84286,5
84287,1
84288,5
84289,4
84290,10
84291,9
84292,5
84293,9
84294,10
84295,5
84296,5
84297,5
84298,10
84299,4
84300,5
84301,3
84302,5
84303,4
84304,8
84305,7
84306,1
84307,5
84308,10
84309,5
84310,1
84311,8
84312,7
84313,10
84314,7
84315,4
84316,6
84317,9
84318,9
84319,4
84320,8
84321,6
84322,7
84323,4
84324,7
84325,7
84326,7
84327,3
84328,5
84329,10
84330,5
84331,4
84332,5
84333,10
84334,5
84335,10
84336,7
84337,6
84338,8
84339,6
84340,5
84341,1
84342,4
84343,4
84344,4
84345,7
84346,7
84347,4
84348,1
84349,5
84350,3
84351,1
84352,1
84353,1
84354,8
84355,3
84356,1
84357,9
84358,5
84359,1
84360,5
84361,5
84362,8
84363,7
84364,5
84365,5
84366,7
84367,4
84368,5
84369,9
84370,10
84371,5
84372,8
84373,5
84374,10
84375,5
84376,10
84377,10
84378,4
84379,5
84380,5
84381,4
84382,7
84383,4
84384,5
84385,7
84386,4
84387,6
84388,1
84389,6
84390,6
84391,6
84392,1
84393,1
84394,3
84395,7
84396,10
84397,6
84398,10
84399,1
84400,9
84401,7
84402,10
84403,4
84404,6
84405,10
84406,7
84407,5
84408,1
84409,5
84410,5
84411,1
84412,5
84413,1
84414,3
84415,9
84416,7
84417,7
84418,5
84419,7
84420,5
84421,10
84422,5
84423,7
84424,5
84425,5
84426,10
84427,5
84428,5
84429,4
84430,6
84431,4
84432,9
84433,9
84434,5
84435,9
84436,7
84437,7
84438,7
84439,9
84440,1
84441,1
84442,4
84443,1
84444,4
84445,7
84446,9
84447,4
84448,7
84449,7
84450,9
84451,4
84452,9
84453,9
84454,9
84455,6
84456,7
84457,7
84458,1
84459,1
84460,6
84461,5
84462,5
84463,6
84464,7
84465,7
84466,8
84467,1
84468,9
84469,10
84470,9
84471,9
84472,7
84473,1
84474,5
84475,1
84476,4
84477,9
84478,9
84479,1
84480,9
84481,9
84482,7
84483,9
84484,6
84485,4
84486,6
84487,7
84488,7
84489,1
84490,1
84491,5
84492,6
84493,5
84494,1
84495,1
84496,6
84497,7
84498,9
84499,7
84500,7
84501,6
84502,7
84503,5
84504,5
84505,10
84506,5
84507,5
84508,10
84509,10
84510,5
84511,6
84512,5
84513,4
84514,7
84515,5
84516,7
84517,5
84518,1
84519,1
84520,10
84521,3
84522,7
84523,1
84524,5
84525,9
84526,7
84527,7
84528,7
84529,7
84530,5
84531,6
84532,10
84533,4
84534,4
84535,4
84536,4
84537,5
84538,9
84539,3
84540,4
84541,6
84542,6
84543,8
84544,9
84545,5
84546,10
84547,5
84548,5
84549,1
84550,3
84551,5
84552,10
84553,9
84554,1
84555,9
84556,7
84557,5
84558,5
84559,7
84560,6
84561,5
84562,7
84563,10
84564,10
84565,10
84566,10
84567,10
84568,10
84569,9
84570,5
84571,4
84572,4
84573,7
84574,7
84575,6
84576,7
84577,1
84578,7
84579,2
84580,2
84581,2
84582,2
84583,4
84584,2
84585,9
84586,4
84587,2
84588,9
84589,2
84590,2
84591,9
84592,2
84593,7
84594,2
84595,7
84596,7
84597,1
84598,7
84599,2
84600,9
84601,9
84602,9
84603,9
84604,9
84605,9
84606,5
84607,2
84608,6
84609,2
84610,2
84611,2
84612,2
84613,7
84614,1
84615,5
84616,3
84617,9
84618,7
84619,5
84620,10
84621,5
84622,9
84623,4
84624,7
84625,7
84626,7
84627,7
84628,8
84629,7
84630,7
84631,7
84632,6
84633,4
84634,5
84635,5
84636,4
84637,10
84638,10
84639,7
84640,7
84641,6
84642,5
84643,7
84644,5
84645,5
84646,10
84647,5
84648,10
84649,10
84650,4
84651,10
84652,10
84653,5
84654,5
84655,6
84656,4
84657,4
84658,2
84659,10
84660,8
84661,4
84662,1
84663,1
84664,1
84665,10
84666,7
84667,7
84668,9
84669,9
84670,5
84671,10
84672,10
84673,9
84674,7
84675,6
84676,9
84677,5
84678,9
84679,1
84680,5
84681,1
84682,9
84683,9
84684,2
84685,7
84686,2
84687,6
84688,3
84689,7
84690,5
84691,7
84692,6
84693,5
84694,7
84695,5
84696,5
84697,5
84698,6
84699,5
84700,10
84701,10
84702,10
84703,9
84704,7
84705,7
84706,2
84707,2
84708,4
84709,4
84710,4
84711,9
84712,5
84713,2
84714,4
84715,6
84716,4
84717,7
84718,7
84719,2
84720,8
84721,2
84722,4
84723,9
84724,6
84725,5
84726,9
84727,10
84728,5
84729,4
84730,7
84731,8
84732,5
84733,9
84734,5
84735,6
84736,5
84737,4
84738,4
84739,5
84740,4
84741,4
84742,7
84743,9
84744,7
84745,5
84746,6
84747,1
84748,5
84749,1
84750,5
84751,5
84752,4
84753,7
84754,7
84755,7
84756,6
84757,10
84758,7
84759,10
84760,10
84761,4
84762,9
84763,7
84764,5
84765,6
84766,5
84767,1
84768,9
84769,7
84770,5
84771,1
84772,2
84773,2
84774,7
84775,7
84776,7
84777,7
84778,9
84779,7
84780,5
84781,2
84782,5
84783,7
84784,5
84785,7
84786,1
84787,9
84788,7
84789,9
84790,5
84791,10
84792,10
84793,10
84794,10
84795,7
84796,7
84797,7
84798,9
84799,4
84800,4
84801,2
84802,9
84803,2
84804,4
84805,9
84806,6
84807,9
84808,10
84809,8
84810,9
84811,7
84812,9
84813,9
84814,5
84815,4
84816,4
84817,3
84818,1
84819,5
84820,7
84821,7
84822,7
84823,1
84824,5
84825,7
84826,5
84827,6
84828,6
84829,5
84830,5
84831,10
84832,10
84833,6
84834,10
84835,4
84836,4
84837,10
84838,6
84839,1
84840,1
84841,9
84842,4
84843,7
84844,7
84845,10
84846,1
84847,7
84848,1
84849,1
84850,7
84851,7
84852,2
84853,8
84854,7
84855,7
84856,5
84857,5
84858,1
84859,7
84860,5
84861,10
84862,10
84863,4
84864,5
84865,4
84866,2
84867,10
84868,9
84869,9
84870,6
84871,6
84872,1
84873,6
84874,1
84875,5
84876,8
84877,1
84878,9
84879,9
84880,9
84881,7
84882,5
84883,7
84884,5
84885,5
84886,7
84887,7
84888,10
84889,5
84890,5
84891,4
84892,4
84893,5
84894,7
84895,3
84896,3
84897,8
84898,6
84899,7
84900,7
84901,6
84902,7
84903,3
84904,2
84905,5
84906,2
84907,2
84908,2
84909,2
84910,9
84911,9
84912,9
84913,5
84914,2
84915,7
84916,7
84917,2
84918,2
84919,7
84920,9
84921,8
84922,2
84923,2
84924,6
84925,4
84926,4
84927,4
84928,5
84929,6
84930,5
84931,6
84932,10
84933,10
84934,5
84935,6
84936,10
84937,2
84938,4
84939,2
84940,7
84941,1
84942,6
84943,1
84944,3
84945,7
84946,5
84947,5
84948,2
84949,10
84950,9
84951,9
84952,9
84953,5
84954,9
84955,1
84956,9
84957,1
84958,1
84959,1
84960,7
84961,5
84962,7
84963,10
84964,7
84965,7
84966,5
84967,2
84968,8
84969,5
84970,10
84971,9
84972,10
84973,5
84974,6
84975,10
84976,5
84977,2
84978,4
84979,4
84980,4
84981,5
84982,5
84983,9
84984,4
84985,7
84986,7
84987,6
84988,7
84989,1
84990,9
84991,5
84992,5
84993,4
84994,2
84995,2
84996,6
84997,5
84998,10
84999,5
85000,6
85001,5
85002,10
85003,10
85004,10
85005,7
85006,2
85007,8
85008,4
85009,9
85010,2
85011,8
85012,7
85013,9
85014,7
85015,7
85016,1
85017,5
85018,5
85019,7
85020,7
85021,7
85022,5
85023,7
85024,9
85025,10
85026,6
85027,8
85028,9
85029,9
85030,9
85031,7
85032,9
85033,3
85034,6
85035,6
85036,4
85037,8
85038,7
85039,5
85040,6
85041,8
85042,10
85043,4
85044,5
85045,10
85046,5
85047,4
85048,9
85049,5
85050,9
85051,6
85052,7
85053,1
85054,7
85055,10
85056,1
85057,10
85058,10
85059,10
85060,9
85061,10
85062,9
85063,10
85064,8
85065,4
85066,2
85067,9
85068,2
85069,2
85070,2
85071,4
85072,7
85073,8
85074,2
85075,8
85076,4
85077,10
85078,7
85079,6
85080,5
85081,6
85082,5
85083,1
85084,2
85085,5
85086,2
85087,6
85088,9
85089,7
85090,10
85091,1
85092,1
85093,4
85094,5
85095,9
85096,7
85097,5
85098,2
85099,7
85100,10
85101,5
85102,1
85103,9
85104,5
85105,7
85106,5
85107,5
85108,8
85109,7
85110,5
85111,10
85112,9
85113,6
85114,9
85115,5
85116,7
85117,6
85118,10
85119,5
85120,10
85121,5
85122,10
85123,5
85124,4
85125,5
85126,9
85127,5
85128,4
85129,8
85130,5
85131,1
85132,7
85133,5
85134,5
85135,10
85136,9
85137,4
85138,4
85139,9
85140,2
85141,3
85142,8
85143,2
85144,9
85145,7
85146,10
85147,10
85148,5
85149,5
85150,10
85151,5
85152,10
85153,5
85154,3
85155,9
85156,4
85157,5
85158,7
85159,5
85160,6
85161,5
85162,4
85163,4
85164,6
85165,10
85166,10
85167,3
85168,5
85169,1
85170,7
85171,5
85172,5
85173,10
85174,10
85175,5
85176,10
85177,4
85178,4
85179,9
85180,4
85181,5
85182,6
85183,9
85184,10
85185,8
85186,9
85187,9
85188,1
85189,5
85190,5
85191,10
85192,5
85193,4
85194,9
85195,6
85196,10
85197,9
85198,2
85199,8
85200,7
85201,1
85202,5
85203,5
85204,1
85205,9
85206,7
85207,6
85208,4
85209,9
85210,8
85211,2
85212,2
85213,2
85214,9
85215,4
85216,7
85217,1
85218,9
85219,3
85220,1
85221,1
85222,5
85223,7
85224,5
85225,5
85226,7
85227,10
85228,5
85229,7
85230,1
85231,7
85232,5
85233,10
85234,6
85235,5
85236,5
85237,6
85238,5
85239,5
85240,4
85241,4
85242,8
85243,9
85244,5
85245,6
85246,7
85247,6
85248,1
85249,4
85250,10
85251,8
85252,4
85253,4
85254,4
85255,4
85256,4
85257,10
85258,10
85259,10
85260,10
85261,10
85262,10
85263,10
85264,10
85265,10
85266,10
85267,10
85268,4
85269,7
85270,9
85271,7
85272,7
85273,4
85274,10
85275,10
85276,5
85277,5
85278,5
85279,9
85280,8
85281,4
85282,4
85283,8
85284,9
85285,10
85286,10
85287,7
85288,5
85289,9
85290,5
85291,1
85292,5
85293,10
85294,5
85295,6
85296,7
85297,10
85298,7
85299,7
85300,7
85301,10
85302,1
85303,10
85304,10
85305,10
85306,10
85307,4
85308,4
85309,4
85310,4
85311,4
85312,4
85313,6
85314,8
85315,6
85316,7
85317,10
85318,10
85319,8
85320,9
85321,7
85322,4
85323,9
85324,8
85325,2
85326,2
85327,7
85328,5
85329,9
85330,5
85331,5
85332,1
85333,5
85334,5
85335,7
85336,5
85337,7
85338,4
85339,4
85340,7
85341,10
85342,1
85343,7
85344,4
85345,9
85346,10
85347,9
85348,8
85349,4
85350,7
85351,5
85352,3
85353,1
85354,5
85355,6
85356,4
85357,7
85358,5
85359,7
85360,7
85361,7
85362,7
85363,5
85364,1
85365,6
85366,4
85367,5
85368,4
85369,4
85370,5
85371,6
85372,1
85373,9
85374,9
85375,1
85376,4
85377,2
85378,6
85379,1
85380,7
85381,5
85382,10
85383,10
85384,9
85385,7
85386,7
85387,7
85388,9
85389,7
85390,4
85391,7
85392,7
85393,7
85394,4
85395,1
85396,6
85397,7
85398,6
85399,2
85400,4
85401,4
85402,4
85403,5
85404,4
85405,7
85406,5
85407,1
85408,6
85409,5
85410,9
85411,3
85412,10
85413,3
85414,9
85415,1
85416,5
85417,5
85418,4
85419,9
85420,4
85421,9
85422,9
85423,9
85424,9
85425,2
85426,2
85427,7
85428,5
85429,5
85430,1
85431,1
85432,4
85433,1
85434,9
85435,4
85436,7
85437,5
85438,7
85439,7
85440,5
85441,6
85442,9
85443,10
85444,5
85445,5
85446,5
85447,8
85448,4
85449,5
85450,7
85451,5
85452,7
85453,9
85454,6
85455,3
85456,9
85457,7
85458,2
85459,5
85460,1
85461,3
85462,9
85463,7
85464,7
85465,5
85466,5
85467,7
85468,10
85469,5
85470,5
85471,6
85472,4
85473,7
85474,9
85475,1
85476,6
85477,6
85478,1
85479,6
85480,6
85481,4
85482,9
85483,1
85484,1
85485,7
85486,4
85487,4
85488,5
85489,5
85490,5
85491,4
85492,4
85493,5
85494,8
85495,9
85496,2
85497,9
85498,7
85499,1
85500,3
85501,5
85502,6
85503,1
85504,1
85505,3
85506,8
85507,2
85508,7
85509,8
85510,2
85511,10
85512,8
85513,8
85514,7
85515,7
85516,7
85517,1
85518,10
85519,7
85520,6
85521,9
85522,10
85523,10
85524,10
85525,5
85526,10
85527,5
85528,10
85529,5
85530,4
85531,5
85532,4
85533,7
85534,9
85535,9
85536,3
85537,8
85538,9
85539,9
85540,6
85541,4
85542,6
85543,6
85544,9
85545,9
85546,6
85547,4
85548,3
85549,10
85550,7
85551,9
85552,5
85553,1
85554,5
85555,9
85556,5
85557,10
85558,10
85559,10
85560,4
85561,5
85562,4
85563,7
85564,7
85565,5
85566,1
85567,7
85568,1
85569,7
85570,5
85571,7
85572,10
85573,10
85574,2
85575,4
85576,9
85577,4
85578,7
85579,7
85580,7
85581,2
85582,7
85583,7
85584,9
85585,8
85586,8
85587,9
85588,7
85589,9
85590,7
85591,3
85592,9
85593,9
85594,9
85595,10
85596,9
85597,6
85598,6
85599,6
85600,8
85601,1
85602,4
85603,4
85604,9
85605,6
85606,10
85607,3
85608,7
85609,1
85610,7
85611,5
85612,5
85613,7
85614,5
85615,7
85616,7
85617,5
85618,10
85619,10
85620,6
85621,9
85622,5
85623,10
85624,5
85625,10
85626,10
85627,5
85628,1
85629,5
85630,4
85631,1
85632,4
85633,10
85634,9
85635,9
85636,9
85637,2
85638,7
85639,7
85640,7
85641,4
85642,1
85643,10
85644,6
85645,3
85646,9
85647,6
85648,7
85649,5
85650,10
85651,4
85652,9
85653,7
85654,7
85655,2
85656,7
85657,9
85658,7
85659,6
85660,7
85661,6
85662,7
85663,7
85664,4
85665,7
85666,7
85667,10
85668,8
85669,7
85670,4
85671,4
85672,5
85673,7
85674,10
85675,6
85676,6
85677,9
85678,6
85679,9
85680,10
85681,5
85682,1
85683,5
85684,1
85685,1
85686,7
85687,1
85688,5
85689,9
85690,2
85691,2
85692,2
85693,7
85694,6
85695,10
85696,10
85697,10
85698,10
85699,10
85700,8
85701,4
85702,2
85703,7
85704,9
85705,9
85706,2
85707,9
85708,9
85709,10
85710,10
85711,9
85712,3
85713,5
85714,5
85715,1
85716,10
85717,10
85718,5
85719,10
85720,10
85721,5
85722,4
85723,4
85724,5
85725,10
85726,10
85727,10
85728,10
85729,1
85730,4
85731,9
85732,7
85733,1
85734,10
85735,7
85736,6
85737,4
85738,9
85739,8
85740,1
85741,7
85742,7
85743,2
85744,6
85745,9
85746,6
85747,6
85748,3
85749,10
85750,8
85751,9
85752,7
85753,4
85754,10
85755,7
85756,1
85757,5
85758,7
85759,9
85760,9
85761,1
85762,5
85763,1
85764,5
85765,7
85766,7
85767,5
85768,7
85769,7
85770,7
85771,7
85772,7
85773,6
85774,6
85775,5
85776,5
85777,5
85778,10
85779,10
85780,5
85781,10
85782,10
85783,5
85784,5
85785,10
85786,9
85787,9
85788,4
85789,4
85790,9
85791,9
85792,7
85793,6
85794,2
85795,7
85796,2
85797,6
85798,7
85799,4
85800,7
85801,7
85802,4
85803,9
85804,8
85805,1
85806,6
85807,1
85808,6
85809,10
85810,4
85811,1
85812,3
85813,1
85814,5
85815,1
85816,5
85817,4
85818,10
85819,10
85820,6
85821,10
85822,4
85823,7
85824,7
85825,7
85826,7
85827,7
85828,2
85829,1
85830,7
85831,5
85832,3
85833,9
85834,6
85835,6
85836,9
85837,7
85838,1
85839,6
85840,9
85841,3
85842,9
85843,9
85844,6
85845,1
85846,8
85847,3
85848,10
85849,2
85850,2
85851,9
85852,9
85853,2
85854,5
85855,2
85856,2
85857,2
85858,2
85859,2
85860,4
85861,9
85862,6
85863,5
85864,1
85865,3
85866,5
85867,1
85868,1
85869,9
85870,9
85871,9
85872,5
85873,1
85874,5
85875,7
85876,5
85877,5
85878,7
85879,10
85880,5
85881,10
85882,5
85883,5
85884,5
85885,10
85886,2
85887,4
85888,4
85889,9
85890,5
85891,5
85892,7
85893,7
85894,7
85895,9
85896,1
85897,10
85898,5
85899,5
85900,7
85901,5
85902,10
85903,4
85904,5
85905,1
85906,5
85907,6
85908,10
85909,10
85910,5
85911,7
85912,7
85913,1
85914,10
85915,6
85916,10
85917,7
85918,7
85919,7
85920,1
85921,7
85922,7
85923,7
85924,5
85925,9
85926,9
85927,6
85928,7
85929,10
85930,10
85931,1
85932,7
85933,7
85934,6
85935,3
85936,1
85937,9
85938,5
85939,2
85940,2
85941,6
85942,1
85943,9
85944,7
85945,7
85946,7
85947,2
85948,5
85949,5
85950,2
85951,5
85952,4
85953,4
85954,5
85955,9
85956,1
85957,1
85958,1
85959,5
85960,5
85961,6
85962,7
85963,6
85964,5
85965,7
85966,5
85967,7
85968,6
85969,7
85970,7
85971,10
85972,5
85973,5
85974,5
85975,5
85976,4
85977,4
85978,7
85979,4
85980,8
85981,7
85982,4
85983,4
85984,6
85985,2
85986,1
85987,5
85988,1
85989,5
85990,5
85991,8
85992,1
85993,5
85994,5
85995,9
85996,10
85997,10
85998,6
85999,5
86000,10
86001,4
86002,7
86003,2
86004,1
86005,7
86006,10
86007,6
86008,4
86009,4
86010,9
86011,1
86012,9
86013,7
86014,8
86015,1
86016,7
86017,3
86018,10
86019,9
86020,4
86021,1
86022,9
86023,4
86024,6
86025,5
86026,6
86027,5
86028,1
86029,10
86030,10
86031,9
86032,5
86033,7
86034,5
86035,7
86036,7
86037,6
86038,4
86039,6
86040,5
86041,5
86042,5
86043,10
86044,9
86045,5
86046,4
86047,4
86048,5
86049,8
86050,4
86051,5
86052,1
86053,4
86054,2
86055,4
86056,2
86057,2
86058,9
86059,7
86060,5
86061,10
86062,9
86063,7
86064,9
86065,4
86066,10
86067,7
86068,9
86069,4
86070,2
86071,7
86072,7
86073,10
86074,2
86075,7
86076,4
86077,6
86078,5
86079,7
86080,5
86081,5
86082,9
86083,2
86084,9
86085,6
86086,10
86087,9
86088,2
86089,9
86090,2
86091,2
86092,2
86093,2
86094,9
86095,8
86096,7
86097,1
86098,9
86099,7
86100,2
86101,7
86102,4
86103,8
86104,10
86105,2
86106,2
86107,6
86108,1
86109,1
86110,3
86111,9
86112,3
86113,1
86114,1
86115,1
86116,5
86117,1
86118,5
86119,7
86120,7
86121,5
86122,10
86123,10
86124,5
86125,5
86126,10
86127,4
86128,9
86129,1
86130,6
86131,1
86132,1
86133,5
86134,10
86135,6
86136,4
86137,9
86138,2
86139,2
86140,7
86141,7
86142,7
86143,10
86144,6
86145,4
86146,9
86147,9
86148,6
86149,2
86150,9
86151,4
86152,7
86153,8
86154,10
86155,10
86156,6
86157,5
86158,1
86159,1
86160,5
86161,5
86162,4
86163,1
86164,5
86165,2
86166,7
86167,7
86168,6
86169,5
86170,2
86171,10
86172,5
86173,6
86174,4
86175,4
86176,9
86177,4
86178,2
86179,5
86180,6
86181,1
86182,6
86183,7
86184,1
86185,10
86186,6
86187,6
86188,1
86189,1
86190,10
86191,8
86192,2
86193,8
86194,8
86195,9
86196,6
86197,9
86198,10
86199,10
86200,4
86201,1
86202,3
86203,9
86204,5
86205,10
86206,4
86207,2
86208,5
86209,10
86210,7
86211,7
86212,10
86213,4
86214,10
86215,5
86216,5
86217,2
86218,7
86219,7
86220,7
86221,10
86222,1
86223,9
86224,2
86225,7
86226,1
86227,6
86228,3
86229,1
86230,5
86231,1
86232,7
86233,10
86234,6
86235,4
86236,4
86237,5
86238,2
86239,9
86240,7
86241,6
86242,4
86243,10
86244,10
86245,10
86246,9
86247,1
86248,1
86249,7
86250,1
86251,8
86252,1
86253,6
86254,3
86255,2
86256,2
86257,3
86258,4
86259,7
86260,6
86261,5
86262,5
86263,6
86264,5
86265,5
86266,7
86267,7
86268,10
86269,7
86270,10
86271,10
86272,5
86273,5
86274,4
86275,4
86276,4
86277,4
86278,4
86279,4
86280,6
86281,9
86282,5
86283,10
86284,5
86285,3
86286,7
86287,5
86288,1
86289,7
86290,9
86291,5
86292,5
86293,4
86294,1
86295,5
86296,7
86297,8
86298,1
86299,5
86300,5
86301,7
86302,7
86303,7
86304,5
86305,5
86306,4
86307,5
86308,6
86309,10
86310,4
86311,5
86312,5
86313,7
86314,4
86315,10
86316,7
86317,4
86318,4
86319,9
86320,1
86321,2
86322,7
86323,8
86324,8
86325,8
86326,4
86327,9
86328,1
86329,5
86330,5
86331,10
86332,4
86333,10
86334,4
86335,5
86336,1
86337,7
86338,5
86339,6
86340,7
86341,1
86342,5
86343,10
86344,6
86345,4
86346,9
86347,9
86348,6
86349,10
86350,10
86351,10
86352,10
86353,10
86354,10
86355,10
86356,10
86357,10
86358,4
86359,4
86360,4
86361,4
86362,8
86363,4
86364,4
86365,9
86366,2
86367,1
86368,10
86369,8
86370,1
86371,6
86372,3
86373,9
86374,7
86375,2
86376,7
86377,6
86378,4
86379,1
86380,2
86381,1
86382,10
86383,9
86384,10
86385,5
86386,5
86387,3
86388,6
86389,9
86390,5
86391,7
86392,1
86393,6
86394,6
86395,7
86396,6
86397,7
86398,7
86399,5
86400,7
86401,5
86402,10
86403,5
86404,10
86405,5
86406,10
86407,5
86408,5
86409,4
86410,4
86411,5
86412,5
86413,5
86414,4
86415,2
86416,9
86417,7
86418,2
86419,2
86420,2
86421,8
86422,4
86423,5
86424,5
86425,3
86426,1
86427,7
86428,5
86429,5
86430,10
86431,5
86432,4
86433,8
86434,1
86435,7
86436,10
86437,4
86438,7
86439,1
86440,5
86441,4
86442,1
86443,5
86444,3
86445,10
86446,7
86447,5
86448,1
86449,10
86450,5
86451,5
86452,5
86453,10
86454,5
86455,4
86456,4
86457,2
86458,5
86459,9
86460,9
86461,4
86462,9
86463,9
86464,4
86465,7
86466,5
86467,10
86468,5
86469,5
86470,7
86471,9
86472,2
86473,2
86474,5
86475,10
86476,9
86477,5
86478,4
86479,6
86480,10
86481,4
86482,10
86483,9
86484,3
86485,4
86486,10
86487,7
86488,10
86489,10
86490,4
86491,4
86492,8
86493,8
86494,4
86495,6
86496,6
86497,5
86498,1
86499,7
86500,5
86501,7
86502,7
86503,7
86504,7
86505,5
86506,7
86507,5
86508,10
86509,6
86510,5
86511,10
86512,10
86513,10
86514,4
86515,5
86516,8
86517,3
86518,1
86519,4
86520,8
86521,10
86522,7
86523,10
86524,5
86525,6
86526,6
86527,4
86528,7
86529,6
86530,5
86531,7
86532,5
86533,7
86534,6
86535,10
86536,4
86537,7
86538,8
86539,10
86540,2
86541,7
86542,6
86543,4
86544,10
86545,5
86546,6
86547,1
86548,5
86549,1
86550,5
86551,3
86552,1
86553,9
86554,7
86555,7
86556,5
86557,5
86558,7
86559,5
86560,5
86561,5
86562,5
86563,10
86564,10
86565,5
86566,5
86567,5
86568,9
86569,4
86570,5
86571,7
86572,4
86573,3
86574,10
86575,6
86576,5
86577,4
86578,4
86579,6
86580,1
86581,6
86582,1
86583,7
86584,2
86585,9
86586,4
86587,6
86588,9
86589,7
86590,7
86591,4
86592,9
86593,4
86594,9
86595,1
86596,7
86597,1
86598,5
86599,1
86600,7
86601,7
86602,10
86603,4
86604,4
86605,4
86606,6
86607,5
86608,7
86609,5
86610,7
86611,4
86612,5
86613,7
86614,1
86615,7
86616,7
86617,1
86618,7
86619,5
86620,5
86621,10
86622,10
86623,6
86624,9
86625,2
86626,9
86627,6
86628,9
86629,9
86630,5
86631,6
86632,1
86633,8
86634,3
86635,1
86636,4
86637,7
86638,7
86639,7
86640,5
86641,7
86642,7
86643,6
86644,7
86645,7
86646,8
86647,2
86648,5
86649,5
86650,10
86651,5
86652,5
86653,5
86654,5
86655,4
86656,9
86657,4
86658,7
86659,8
86660,8
86661,4
86662,6
86663,4
86664,4
86665,7
86666,7
86667,4
86668,4
86669,9
86670,10
86671,7
86672,9
86673,7
86674,2
86675,7
86676,3
86677,8
86678,6
86679,6
86680,9
86681,6
86682,5
86683,7
86684,6
86685,8
86686,9
86687,4
86688,9
86689,7
86690,9
86691,3
86692,5
86693,5
86694,5
86695,1
86696,7
86697,5
86698,5
86699,10
86700,5
86701,5
86702,4
86703,4
86704,4
86705,4
86706,5
86707,1
86708,1
86709,1
86710,4
86711,5
86712,2
86713,5
86714,4
86715,10
86716,5
86717,5
86718,5
86719,4
86720,4
86721,7
86722,7
86723,1
86724,7
86725,7
86726,6
86727,7
86728,9
86729,7
86730,4
86731,4
86732,6
86733,6
86734,8
86735,2
86736,7
86737,4
86738,2
86739,3
86740,3
86741,5
86742,7
86743,9
86744,7
86745,9
86746,7
86747,7
86748,5
86749,7
86750,7
86751,5
86752,7
86753,10
86754,5
86755,4
86756,5
86757,10
86758,5
86759,5
86760,5
86761,8
86762,5
86763,7
86764,9
86765,4
86766,2
86767,9
86768,2
86769,6
86770,8
86771,3
86772,1
86773,6
86774,1
86775,6
86776,7
86777,10
86778,5
86779,5
86780,9
86781,7
86782,9
86783,10
86784,1
86785,1
86786,1
86787,5
86788,9
86789,7
86790,7
86791,7
86792,5
86793,10
86794,5
86795,6
86796,5
86797,4
86798,4
86799,4
86800,4
86801,6
86802,7
86803,2
86804,7
86805,7
86806,7
86807,6
86808,8
86809,3
86810,9
86811,6
86812,5
86813,1
86814,4
86815,3
86816,10
86817,7
86818,7
86819,9
86820,10
86821,10
86822,7
86823,5
86824,4
86825,7
86826,1
86827,1
86828,1
86829,7
86830,7
86831,5
86832,5
86833,7
86834,7
86835,7
86836,7
86837,7
86838,7
86839,7
86840,7
86841,1
86842,5
86843,4
86844,4
86845,9
86846,9
86847,3
86848,1
86849,1
86850,4
86851,2
86852,5
86853,9
86854,2
86855,7
86856,9
86857,4
86858,7
86859,7
86860,2
86861,2
86862,5
86863,7
86864,9
86865,7
86866,7
86867,7
86868,5
86869,7
86870,1
86871,9
86872,5
86873,7
86874,5
86875,5
86876,10
86877,10
86878,2
86879,5
86880,4
86881,4
86882,4
86883,4
86884,2
86885,4
86886,7
86887,10
86888,7
86889,6
86890,5
86891,10
86892,9
86893,4
86894,9
86895,9
86896,9
86897,10
86898,3
86899,9
86900,7
86901,9
86902,6
86903,3
86904,1
86905,6
86906,1
86907,9
86908,7
86909,7
86910,7
86911,6
86912,7
86913,5
86914,7
86915,5
86916,7
86917,7
86918,9
86919,3
86920,9
86921,10
86922,10
86923,4
86924,10
86925,10
86926,4
86927,4
86928,4
86929,5
86930,4
86931,4
86932,9
86933,4
86934,6
86935,9
86936,6
86937,9
86938,10
86939,5
86940,1
86941,1
86942,1
86943,9
86944,6
86945,8
86946,7
86947,6
86948,7
86949,1
86950,5
86951,1
86952,7
86953,5
86954,4
86955,5
86956,6
86957,9
86958,10
86959,7
86960,7
86961,10
86962,6
86963,1
86964,10
86965,9
86966,9
86967,4
86968,8
86969,1
86970,6
86971,1
86972,1
86973,3
86974,3
86975,1
86976,7
86977,1
86978,6
86979,5
86980,5
86981,6
86982,1
86983,7
86984,7
86985,7
86986,7
86987,7
86988,4
86989,6
86990,7
86991,7
86992,7
86993,5
86994,6
86995,7
86996,10
86997,5
86998,6
86999,5
87000,10
87001,6
87002,10
87003,7
87004,4
87005,4
87006,4
87007,2
87008,6
87009,7
87010,1
87011,1
87012,7
87013,10
87014,2
87015,9
87016,2
87017,9
87018,2
87019,7
87020,2
87021,2
87022,9
87023,8
87024,1
87025,7
87026,1
87027,7
87028,9
87029,7
87030,1
87031,2
87032,10
87033,1
87034,6
87035,6
87036,2
87037,1
87038,9
87039,7
87040,2
87041,9
87042,6
87043,1
87044,4
87045,7
87046,7
87047,7
87048,1
87049,7
87050,1
87051,10
87052,6
87053,10
87054,10
87055,6
87056,3
87057,7
87058,6
87059,6
87060,7
87061,1
87062,7
87063,4
87064,2
87065,2
87066,4
87067,1
87068,3
87069,1
87070,7
87071,9
87072,1
87073,5
87074,7
87075,7
87076,7
87077,5
87078,5
87079,7
87080,10
87081,10
87082,5
87083,10
87084,5
87085,10
87086,10
87087,9
87088,9
87089,4
87090,6
87091,4
87092,8
87093,10
87094,9
87095,8
87096,7
87097,1
87098,10
87099,7
87100,1
87101,7
87102,10
87103,1
87104,1
87105,3
87106,3
87107,5
87108,1
87109,5
87110,1
87111,7
87112,5
87113,6
87114,7
87115,7
87116,10
87117,10
87118,10
87119,5
87120,6
87121,10
87122,6
87123,4
87124,9
87125,8
87126,4
87127,4
87128,4
87129,10
87130,7
87131,6
87132,7
87133,9
87134,10
87135,4
87136,9
87137,5
87138,3
87139,7
87140,6
87141,1
87142,1
87143,7
87144,6
87145,7
87146,7
87147,5
87148,5
87149,10
87150,5
87151,6
87152,4
87153,5
87154,4
87155,4
87156,7
87157,9
87158,5
87159,6
87160,5
87161,10
87162,9
87163,4
87164,1
87165,9
87166,7
87167,4
87168,4
87169,8
87170,1
87171,7
87172,6
87173,7
87174,1
87175,3
87176,7
87177,9
87178,10
87179,4
87180,4
87181,7
87182,2
87183,5
87184,10
87185,9
87186,2
87187,9
87188,2
87189,2
87190,5
87191,10
87192,2
87193,5
87194,9
87195,9
87196,8
87197,2
87198,5
87199,10
87200,2
87201,4
87202,4
87203,2
87204,2
87205,10
87206,2
87207,9
87208,2
87209,2
87210,7
87211,2
87212,1
87213,8
87214,8
87215,9
87216,2
87217,2
87218,2
87219,8
87220,4
87221,6
87222,9
87223,6
87224,1
87225,5
87226,5
87227,1
87228,5
87229,4
87230,6
87231,5
87232,5
87233,7
87234,5
87235,5
87236,10
87237,4
87238,4
87239,5
87240,4
87241,10
87242,9
87243,4
87244,10
87245,9
87246,10
87247,10
87248,10
87249,2
87250,10
87251,2
87252,4
87253,2
87254,2
87255,2
87256,2
87257,5
87258,7
87259,7
87260,5
87261,10
87262,5
87263,1
87264,3
87265,7
87266,3
87267,9
87268,7
87269,7
87270,5
87271,10
87272,10
87273,4
87274,7
87275,5
87276,10
87277,10
87278,7
87279,3
87280,8
87281,4
87282,10
87283,4
87284,4
87285,1
87286,5
87287,4
87288,5
87289,9
87290,5
87291,5
87292,1
87293,5
87294,4
87295,4
87296,4
87297,4
87298,5
87299,5
87300,5
87301,10
87302,5
87303,4
87304,4
87305,4
87306,5
87307,2
87308,7
87309,10
87310,2
87311,3
87312,1
87313,1
87314,7
87315,7
87316,5
87317,7
87318,7
87319,5
87320,10
87321,10
87322,10
87323,10
87324,4
87325,4
87326,8
87327,7
87328,9
87329,2
87330,1
87331,1
87332,10
87333,4
87334,9
87335,4
87336,4
87337,4
87338,1
87339,4
87340,9
87341,10
87342,9
87343,8
87344,4
87345,6
87346,8
87347,1
87348,7
87349,7
87350,8
87351,5
87352,1
87353,9
87354,4
87355,1
87356,5
87357,5
87358,5
87359,6
87360,7
87361,7
87362,7
87363,10
87364,5
87365,6
87366,10
87367,4
87368,6
87369,2
87370,7
87371,9
87372,8
87373,4
87374,8
87375,8
87376,4
87377,8
87378,2
87379,9
87380,5
87381,9
87382,5
87383,7
87384,5
87385,10
87386,5
87387,10
87388,4
87389,5
87390,4
87391,5
87392,1
87393,9
87394,10
87395,5
87396,8
87397,5
87398,5
87399,8
87400,4
87401,7
87402,7
87403,7
87404,6
87405,1
87406,4
87407,10
87408,5
87409,5
87410,5
87411,5
87412,8
87413,5
87414,4
87415,4
87416,9
87417,4
87418,4
87419,4
87420,4
87421,8
87422,5
87423,5
87424,5
87425,10
87426,4
87427,9
87428,4
87429,4
87430,5
87431,6
87432,10
87433,10
87434,10
87435,5
87436,5
87437,10
87438,4
87439,9
87440,5
87441,5
87442,10
87443,9
87444,4
87445,10
87446,10
87447,10
87448,10
87449,10
87450,10
87451,10
87452,1
87453,4
87454,10
87455,10
87456,10
87457,10
87458,10
87459,1
87460,6
87461,8
87462,3
87463,1
87464,1
87465,1
87466,6
87467,7
87468,2
87469,2
87470,6
87471,9
87472,7
87473,4
87474,1
87475,6
87476,7
87477,5
87478,7
87479,5
87480,8
87481,6
87482,1
87483,7
87484,7
87485,10
87486,8
87487,10
87488,4
87489,5
87490,9
87491,3
87492,1
87493,7
87494,7
87495,8
87496,7
87497,7
87498,5
87499,1
87500,5
87501,1
87502,4
87503,3
87504,4
87505,7
87506,7
87507,7
87508,10
87509,5
87510,7
87511,8
87512,5
87513,6
87514,10
87515,10
87516,10
87517,4
87518,10
87519,10
87520,10
87521,5
87522,6
87523,6
87524,5
87525,9
87526,4
87527,4
87528,4
87529,9
87530,4
87531,4
87532,10
87533,5
87534,4
87535,10
87536,4
87537,4
87538,10
87539,4
87540,1
87541,5
87542,1
87543,7
87544,5
87545,7
87546,5
87547,6
87548,7
87549,9
87550,6
87551,5
87552,10
87553,8
87554,5
87555,5
87556,5
87557,5
87558,9
87559,9
87560,2
87561,2
87562,3
87563,1
87564,8
87565,7
87566,5
87567,7
87568,7
87569,7
87570,4
87571,1
87572,1
87573,7
87574,1
87575,5
87576,5
87577,7
87578,7
87579,7
87580,5
87581,6
87582,7
87583,7
87584,6
87585,6
87586,10
87587,4
87588,9
87589,6
87590,7
87591,4
87592,4
87593,8
87594,9
87595,5
87596,5
87597,5
87598,9
87599,3
87600,4
87601,6
87602,6
87603,9
87604,1
87605,7
87606,5
87607,1
87608,1
87609,1
87610,1
87611,1
87612,1
87613,1
87614,7
87615,7
87616,5
87617,5
87618,6
87619,7
87620,7
87621,7
87622,5
87623,10
87624,5
87625,10
87626,10
87627,10
87628,10
87629,5
87630,4
87631,9
87632,1
87633,1
87634,1
87635,7
87636,7
87637,4
87638,6
87639,5
87640,1
87641,5
87642,6
87643,9
87644,7
87645,5
87646,1
87647,1
87648,10
87649,9
87650,6
87651,9
87652,10
87653,5
87654,5
87655,9
87656,9
87657,1
87658,1
87659,5
87660,5
87661,7
87662,5
87663,10
87664,7
87665,7
87666,9
87667,2
87668,1
87669,5
87670,1
87671,3
87672,1
87673,10
87674,6
87675,9
87676,5
87677,5
87678,4
87679,4
87680,4
87681,6
87682,6
87683,1
87684,9
87685,5
87686,6
87687,1
87688,5
87689,7
87690,5
87691,5
87692,5
87693,9
87694,4
87695,6
87696,10
87697,10
87698,5
87699,6
87700,10
87701,10
87702,4
87703,8
87704,4
87705,9
87706,9
87707,9
87708,6
87709,3
87710,6
87711,3
87712,10
87713,6
87714,5
87715,10
87716,9
87717,2
87718,4
87719,4
87720,4
87721,4
87722,3
87723,5
87724,7
87725,8
87726,1
87727,2
87728,7
87729,5
87730,1
87731,5
87732,7
87733,1
87734,1
87735,1
87736,9
87737,9
87738,7
87739,6
87740,5
87741,10
87742,7
87743,6
87744,10
87745,4
87746,4
87747,4
87748,10
87749,4
87750,2
87751,2
87752,4
87753,8
87754,9
87755,1
87756,4
87757,8
87758,7
87759,7
87760,7
87761,7
87762,7
87763,7
87764,7
87765,5
87766,6
87767,8
87768,6
87769,8
87770,1
87771,7
87772,7
87773,1
87774,4
87775,4
87776,9
87777,8
87778,1
87779,9
87780,5
87781,1
87782,1
87783,6
87784,1
87785,8
87786,5
87787,4
87788,7
87789,3
87790,10
87791,5
87792,7
87793,7
87794,7
87795,10
87796,5
87797,5
87798,5
87799,5
87800,10
87801,9
87802,4
87803,5
87804,4
87805,6
87806,9
87807,10
87808,4
87809,1
87810,3
87811,6
87812,9
87813,9
87814,10
87815,7
87816,7
87817,4
87818,8
87819,1
87820,3
87821,9
87822,7
87823,7
87824,7
87825,8
87826,1
87827,1
87828,1
87829,1
87830,5
87831,5
87832,5
87833,10
87834,4
87835,10
87836,7
87837,3
87838,5
87839,5
87840,7
87841,7
87842,7
87843,5
87844,6
87845,4
87846,10
87847,5
87848,10
87849,10
87850,4
87851,4
87852,4
87853,9
87854,4
87855,5
87856,9
87857,1
87858,1
87859,1
87860,5
87861,10
87862,6
87863,9
87864,4
87865,7
87866,4
87867,1
87868,1
87869,1
87870,1
87871,5
87872,7
87873,5
87874,5
87875,5
87876,7
87877,7
87878,7
87879,7
87880,4
87881,7
87882,7
87883,6
87884,7
87885,1
87886,10
87887,5
87888,5
87889,10
87890,10
87891,9
87892,5
87893,5
87894,10
87895,10
87896,6
87897,1
87898,4
87899,4
87900,9
87901,4
87902,1
87903,2
87904,2
87905,4
87906,6
87907,3
87908,9
87909,4
87910,6
87911,10
87912,10
87913,4
87914,7
87915,4
87916,4
87917,2
87918,7
87919,2
87920,7
87921,7
87922,9
87923,8
87924,9
87925,7
87926,8
87927,2
87928,2
87929,2
87930,4
87931,2
87932,8
87933,9
87934,5
87935,7
87936,9
87937,6
87938,7
87939,2
87940,7
87941,10
87942,2
87943,10
87944,8
87945,5
87946,8
87947,8
87948,10
87949,8
87950,6
87951,6
87952,8
87953,3
87954,1
87955,5
87956,1
87957,1
87958,5
87959,5
87960,7
87961,5
87962,7
87963,5
87964,10
87965,7
87966,5
87967,10
87968,6
87969,5
87970,10
87971,4
87972,7
87973,2
87974,2
87975,7
87976,2
87977,6
87978,7
87979,7
87980,6
87981,8
87982,7
87983,6
87984,7
87985,6
87986,1
87987,3
87988,2
87989,9
87990,9
87991,2
87992,9
87993,9
87994,7
87995,7
87996,5
87997,2
87998,2
87999,9
88000,7
88001,2
88002,1
88003,7
88004,4
88005,3
88006,5
88007,7
88008,7
88009,6
88010,5
88011,9
88012,6
88013,5
88014,6
88015,9
88016,4
88017,5
88018,10
88019,9
88020,7
88021,4
88022,6
88023,1
88024,5
88025,10
88026,4
88027,4
88028,3
88029,7
88030,7
88031,7
88032,1
88033,7
88034,10
88035,4
88036,7
88037,6
88038,9
88039,9
88040,1
88041,1
88042,5
88043,5
88044,6
88045,1
88046,1
88047,5
88048,1
88049,2
88050,3
88051,9
88052,4
88053,9
88054,1
88055,7
88056,1
88057,7
88058,9
88059,7
88060,9
88061,6
88062,5
88063,10
88064,10
88065,5
88066,10
88067,6
88068,10
88069,5
88070,4
88071,4
88072,6
88073,8
88074,1
88075,4
88076,6
88077,4
88078,3
88079,8
88080,1
88081,4
88082,1
88083,6
88084,5
88085,7
88086,7
88087,7
88088,9
88089,7
88090,5
88091,10
88092,10
88093,7
88094,9
88095,9
88096,4
88097,6
88098,9
88099,5
88100,10
88101,2
88102,7
88103,7
88104,2
88105,6
88106,2
88107,1
88108,6
88109,1
88110,1
88111,5
88112,8
88113,4
88114,4
88115,9
88116,2
88117,7
88118,10
88119,1
88120,7
88121,6
88122,3
88123,1
88124,5
88125,7
88126,6
88127,5
88128,8
88129,1
88130,1
88131,10
88132,4
88133,7
88134,5
88135,6
88136,10
88137,10
88138,10
88139,7
88140,2
88141,2
88142,3
88143,7
88144,7
88145,9
88146,8
88147,9
88148,2
88149,1
88150,1
88151,3
88152,3
88153,1
88154,1
88155,1
88156,5
88157,10
88158,7
88159,8
88160,10
88161,10
88162,6
88163,10
88164,10
88165,4
88166,4
88167,9
88168,9
88169,10
88170,6
88171,7
88172,4
88173,8
88174,6
88175,10
88176,4
88177,6
88178,9
88179,1
88180,7
88181,2
88182,7
88183,4
88184,8
88185,1
88186,10
88187,2
88188,5
88189,4
88190,5
88191,7
88192,5
88193,7
88194,7
88195,1
88196,7
88197,2
88198,7
88199,6
88200,10
88201,7
88202,5
88203,6
88204,7
88205,1
88206,7
88207,10
88208,10
88209,10
88210,10
88211,5
88212,2
88213,9
88214,7
88215,7
88216,7
88217,6
88218,5
88219,9
88220,8
88221,1
88222,6
88223,3
88224,5
88225,10
88226,9
88227,3
88228,5
88229,4
88230,5
88231,9
88232,9
88233,10
88234,5
88235,5
88236,5
88237,4
88238,10
88239,2
88240,7
88241,8
88242,7
88243,7
88244,4
88245,7
88246,7
88247,2
88248,2
88249,2
88250,2
88251,10
88252,3
88253,3
88254,1
88255,7
88256,5
88257,10
88258,6
88259,5
88260,10
88261,10
88262,4
88263,7
88264,10
88265,1
88266,7
88267,10
88268,5
88269,5
88270,3
88271,1
88272,5
88273,3
88274,2
88275,9
88276,7
88277,7
88278,2
88279,8
88280,8
88281,10
88282,6
88283,2
88284,2
88285,1
88286,1
88287,5
88288,5
88289,5
88290,7
88291,4
88292,5
88293,4
88294,4
88295,4
88296,9
88297,10
88298,10
88299,10
88300,9
88301,10
88302,10
88303,5
88304,6
88305,7
88306,4
88307,4
88308,2
88309,9
88310,6
88311,9
88312,4
88313,6
88314,5
88315,7
88316,9
88317,7
88318,7
88319,5
88320,8
88321,2
88322,1
88323,1
88324,3
88325,5
88326,6
88327,7
88328,10
88329,5
88330,5
88331,2
88332,8
88333,9
88334,3
88335,6
88336,3
88337,5
88338,7
88339,9
88340,5
88341,6
88342,4
88343,10
88344,5
88345,10
88346,4
88347,8
88348,9
88349,10
88350,6
88351,1
88352,1
88353,9
88354,7
88355,7
88356,2
88357,10
88358,4
88359,2
88360,10
88361,9
88362,10
88363,10
88364,10
88365,1
88366,7
88367,6
88368,5
88369,5
88370,10
88371,4
88372,4
88373,4
88374,7
88375,8
88376,4
88377,10
88378,10
88379,9
88380,5
88381,6
88382,5
88383,6
88384,3
88385,8
88386,7
88387,7
88388,5
88389,5
88390,5
88391,5
88392,4
88393,4
88394,5
88395,2
88396,1
88397,1
88398,5
88399,7
88400,7
88401,10
88402,10
88403,10
88404,2
88405,3
88406,6
88407,1
88408,6
88409,9
88410,1
88411,5
88412,1
88413,7
88414,7
88415,5
88416,10
88417,5
88418,4
88419,5
88420,5
88421,7
88422,5
88423,1
88424,7
88425,5
88426,5
88427,7
88428,5
88429,10
88430,10
88431,10
88432,5
88433,5
88434,4
88435,5
88436,4
88437,4
88438,4
88439,8
88440,3
88441,7
88442,7
88443,7
88444,2
88445,10
88446,4
88447,4
88448,4
88449,9
88450,4
88451,8
88452,9
88453,1
88454,6
88455,7
88456,10
88457,5
88458,10
88459,1
88460,9
88461,8
88462,7
88463,1
88464,1
88465,6
88466,8
88467,1
88468,6
88469,1
88470,1
88471,7
88472,1
88473,10
88474,4
88475,10
88476,10
88477,10
88478,10
88479,10
88480,10
88481,3
88482,6
88483,1
88484,3
88485,5
88486,7
88487,5
88488,4
88489,5
88490,4
88491,8
88492,4
88493,4
88494,8
88495,4
88496,10
88497,6
88498,10
88499,10
88500,10
88501,9
88502,10
88503,3
88504,4
88505,8
88506,4
88507,6
88508,9
88509,1
88510,3
88511,3
88512,1
88513,10
88514,2
88515,7
88516,10
88517,8
88518,5
88519,5
88520,4
88521,9
88522,3
88523,5
88524,5
88525,1
88526,4
88527,9
88528,7
88529,4
88530,4
88531,5
88532,6
88533,1
88534,10
88535,10
88536,10
88537,1
88538,1
88539,1
88540,7
88541,9
88542,10
88543,1
88544,10
88545,3
88546,5
88547,5
88548,7
88549,10
88550,5
88551,10
88552,10
88553,10
88554,5
88555,1
88556,5
88557,7
88558,4
88559,4
88560,4
88561,4
88562,5
88563,7
88564,10
88565,7
88566,10
88567,10
88568,4
88569,10
88570,10
88571,10
88572,10
88573,10
88574,7
88575,6
88576,1
88577,5
88578,5
88579,6
88580,7
88581,7
88582,5
88583,7
88584,5
88585,5
88586,5
88587,10
88588,6
88589,4
88590,4
88591,8
88592,10
88593,10
88594,4
88595,6
88596,4
88597,8
88598,10
88599,4
88600,5
88601,1
88602,6
88603,7
88604,1
88605,5
88606,7
88607,5
88608,7
88609,5
88610,5
88611,10
88612,5
88613,10
88614,10
88615,9
88616,5
88617,5
88618,4
88619,4
88620,9
88621,1
88622,9
88623,1
88624,4
88625,9
88626,4
88627,9
88628,7
88629,6
88630,5
88631,5
88632,5
88633,9
88634,5
88635,5
88636,7
88637,10
88638,5
88639,5
88640,5
88641,10
88642,4
88643,5
88644,5
88645,1
88646,3
88647,5
88648,6
88649,7
88650,5
88651,8
88652,10
88653,7
88654,7
88655,5
88656,7
88657,10
88658,6
88659,6
88660,4
88661,4
88662,4
88663,4
88664,5
88665,1
88666,6
88667,3
88668,7
88669,9
88670,7
88671,3
88672,10
88673,10
88674,9
88675,4
88676,7
88677,10
88678,7
88679,8
88680,1
88681,1
88682,6
88683,6
88684,7
88685,9
88686,10
88687,7
88688,4
88689,9
88690,4
88691,9
88692,4
88693,7
88694,10
88695,5
88696,3
88697,5
88698,1
88699,1
88700,5
88701,5
88702,10
88703,9
88704,5
88705,9
88706,1
88707,6
88708,5
88709,2
88710,5
88711,5
88712,7
88713,6
88714,8
88715,1
88716,4
88717,2
88718,6
88719,9
88720,7
88721,8
88722,10
88723,10
88724,8
88725,7
88726,6
88727,3
88728,4
88729,1
88730,5
88731,5
88732,1
88733,7
88734,5
88735,9
88736,3
88737,9
88738,3
88739,9
88740,1
88741,10
88742,7
88743,10
88744,6
88745,9
88746,7
88747,10
88748,7
88749,5
88750,9
88751,2
88752,5
88753,5
88754,4
88755,9
88756,4
88757,5
88758,5
88759,4
88760,4
88761,4
88762,3
88763,4
88764,9
88765,3
88766,9
88767,3
88768,3
88769,2
88770,6
88771,6
88772,6
88773,6
88774,10
88775,6
88776,7
88777,8
88778,6
88779,7
88780,1
88781,10
88782,6
88783,4
88784,7
88785,4
88786,4
88787,7
88788,6
88789,4
88790,9
88791,4
88792,9
88793,1
88794,7
88795,6
88796,5
88797,3
88798,3
88799,4
88800,1
88801,1
88802,5
88803,1
88804,7
88805,5
88806,6
88807,9
88808,7
88809,7
88810,7
88811,9
88812,7
88813,7
88814,7
88815,5
88816,9
88817,10
88818,5
88819,2
88820,7
88821,4
88822,4
88823,9
88824,6
88825,6
88826,6
88827,6
88828,9
88829,8
88830,8
88831,9
88832,2
88833,9
88834,6
88835,5
88836,3
88837,1
88838,6
88839,6
88840,1
88841,7
88842,7
88843,5
88844,7
88845,7
88846,10
88847,7
88848,5
88849,5
88850,3
88851,10
88852,10
88853,4
88854,9
88855,4
88856,2
88857,9
88858,2
88859,2
88860,9
88861,7
88862,7
88863,3
88864,6
88865,6
88866,5
88867,1
88868,1
88869,1
88870,1
88871,8
88872,7
88873,5
88874,4
88875,7
88876,7
88877,5
88878,5
88879,10
88880,5
88881,5
88882,10
88883,6
88884,7
88885,4
88886,5
88887,5
88888,9
88889,4
88890,9
88891,9
88892,8
88893,4
88894,8
88895,10
88896,9
88897,3
88898,7
88899,1
88900,3
88901,1
88902,6
88903,5
88904,10
88905,5
88906,8
88907,4
88908,4
88909,2
88910,4
88911,10
88912,10
88913,4
88914,4
88915,9
88916,7
88917,7
88918,7
88919,2
88920,1
88921,2
88922,4
88923,3
88924,5
88925,5
88926,4
88927,2
88928,7
88929,7
88930,1
88931,5
88932,7
88933,7
88934,7
88935,4
88936,3
88937,2
88938,1
88939,5
88940,1
88941,1
88942,5
88943,6
88944,5
88945,5
88946,7
88947,5
88948,10
88949,7
88950,5
88951,8
88952,9
88953,5
88954,10
88955,5
88956,10
88957,5
88958,6
88959,10
88960,10
88961,4
88962,4
88963,8
88964,8
88965,4
88966,4
88967,10
88968,6
88969,4
88970,10
88971,10
88972,4
88973,7
88974,3
88975,1
88976,7
88977,1
88978,7
88979,5
88980,6
88981,5
88982,1
88983,8
88984,1
88985,5
88986,4
88987,4
88988,6
88989,5
88990,7
88991,6
88992,4
88993,5
88994,10
88995,6
88996,7
88997,5
88998,5
88999,4
89000,5
89001,6
89002,10
89003,4
89004,1
89005,7
89006,5
89007,5
89008,9
89009,5
89010,9
89011,7
89012,7
89013,7
89014,9
89015,5
89016,7
89017,9
89018,5
89019,10
89020,7
89021,5
89022,10
89023,10
89024,5
89025,5
89026,9
89027,2
89028,9
89029,8
89030,7
89031,8
89032,6
89033,6
89034,4
89035,9
89036,7
89037,1
89038,7
89039,9
89040,9
89041,9
89042,10
89043,8
89044,2
89045,9
89046,8
89047,7
89048,7
89049,7
89050,2
89051,10
89052,2
89053,6
89054,9
89055,2
89056,8
89057,8
89058,8
89059,3
89060,5
89061,7
89062,7
89063,7
89064,5
89065,5
89066,5
89067,5
89068,5
89069,5
89070,5
89071,8
89072,5
89073,1
89074,6
89075,6
89076,1
89077,7
89078,5
89079,5
89080,5
89081,10
89082,7
89083,7
89084,7
89085,7
89086,9
89087,2
89088,3
89089,1
89090,1
89091,3
89092,3
89093,1
89094,7
89095,7
89096,1
89097,10
89098,7
89099,9
89100,7
89101,9
89102,7
89103,7
89104,7
89105,7
89106,9
89107,8
89108,6
89109,5
89110,2
89111,2
89112,5
89113,6
89114,5
89115,4
89116,4
89117,7
89118,7
89119,2
89120,8
89121,2
89122,6
89123,8
89124,9
89125,3
89126,4
89127,4
89128,4
89129,7
89130,5
89131,7
89132,5
89133,6
89134,9
89135,6
89136,4
89137,7
89138,7
89139,7
89140,7
89141,7
89142,7
89143,10
89144,7
89145,7
89146,4
89147,5
89148,7
89149,4
89150,5
89151,4
89152,4
89153,9
89154,10
89155,4
89156,9
89157,7
89158,6
89159,1
89160,7
89161,5
89162,1
89163,6
89164,7
89165,7
89166,1
89167,7
89168,5
89169,3
89170,6
89171,5
89172,10
89173,5
89174,8
89175,5
89176,4
89177,9
89178,4
89179,7
89180,8
89181,9
89182,8
89183,9
89184,7
89185,9
89186,7
89187,1
89188,7
89189,1
89190,7
89191,6
89192,1
89193,7
89194,9
89195,10
89196,5
89197,5
89198,6
89199,8
89200,5
89201,7
89202,1
89203,5
89204,10
89205,4
89206,4
89207,4
89208,10
89209,6
89210,1
89211,1
89212,7
89213,7
89214,7
89215,10
89216,9
89217,10
89218,5
89219,6
89220,7
89221,7
89222,6
89223,10
89224,10
89225,7
89226,7
89227,4
89228,7
89229,6
89230,7
89231,9
89232,3
89233,5
89234,6
89235,1
89236,5
89237,2
89238,10
89239,2
89240,9
89241,10
89242,4
89243,5
89244,4
89245,7
89246,1
89247,6
89248,9
89249,6
89250,6
89251,5
89252,4
89253,5
89254,5
89255,6
89256,5
89257,5
89258,10
89259,8
89260,2
89261,2
89262,9
89263,4
89264,4
89265,4
89266,5
89267,2
89268,9
89269,7
89270,5
89271,9
89272,5
89273,2
89274,2
89275,9
89276,2
89277,5
89278,8
89279,10
89280,2
89281,2
89282,2
89283,10
89284,7
89285,2
89286,2
89287,2
89288,4
89289,10
89290,1
89291,3
89292,5
89293,2
89294,8
89295,10
89296,5
89297,10
89298,5
89299,4
89300,4
89301,4
89302,4
89303,2
89304,5
89305,4
89306,2
89307,6
89308,10
89309,9
89310,5
89311,1
89312,10
89313,10
89314,9
89315,4
89316,1
89317,7
89318,6
89319,7
89320,5
89321,10
89322,5
89323,5
89324,4
89325,5
89326,5
89327,1
89328,7
89329,7
89330,5
89331,1
89332,5
89333,10
89334,10
89335,4
89336,4
89337,4
89338,5
89339,6
89340,3
89341,6
89342,8
89343,9
89344,7
89345,7
89346,10
89347,10
89348,10
89349,10
89350,10
89351,10
89352,10
89353,10
89354,2
89355,10
89356,10
89357,4
89358,5
89359,4
89360,9
89361,8
89362,5
89363,7
89364,1
89365,7
89366,10
89367,5
89368,7
89369,5
89370,8
89371,10
89372,8
89373,4
89374,5
89375,10
89376,10
89377,5
89378,9
89379,7
89380,5
89381,7
89382,5
89383,10
89384,7
89385,7
89386,8
89387,5
89388,5
89389,5
89390,10
89391,5
89392,6
89393,4
89394,5
89395,5
89396,9
89397,1
89398,3
89399,9
89400,9
89401,5
89402,5
89403,5
89404,10
89405,10
89406,4
89407,7
89408,1
89409,1
89410,6
89411,7
89412,7
89413,1
89414,10
89415,10
89416,4
89417,6
89418,4
89419,4
89420,4
89421,6
89422,6
89423,10
89424,5
89425,5
89426,6
89427,10
89428,9
89429,10
89430,10
89431,10
89432,1
89433,6
89434,6
89435,10
89436,7
89437,1
89438,6
89439,1
89440,6
89441,9
89442,10
89443,10
89444,10
89445,10
89446,10
89447,10
89448,10
89449,4
89450,9
89451,8
89452,4
89453,9
89454,4
89455,4
89456,4
89457,6
89458,8
89459,7
89460,5
89461,1
89462,2
89463,2
89464,7
89465,7
89466,6
89467,7
89468,7
89469,2
89470,5
89471,2
89472,8
89473,4
89474,9
89475,5
89476,7
89477,2
89478,7
89479,2
89480,2
89481,4
89482,7
89483,9
89484,4
89485,5
89486,6
89487,1
89488,5
89489,10
89490,4
89491,5
89492,5
89493,5
89494,5
89495,6
89496,5
89497,10
89498,6
89499,5
89500,5
89501,4
89502,5
89503,4
89504,8
89505,3
89506,1
89507,9
89508,10
89509,6
89510,8
89511,8
89512,2
89513,2
89514,7
89515,8
89516,8
89517,6
89518,8
89519,5
89520,7
89521,5
89522,10
89523,10
89524,4
89525,5
89526,10
89527,9
89528,4
89529,5
89530,7
89531,9
89532,9
89533,9
89534,1
89535,6
89536,1
89537,7
89538,1
89539,4
89540,7
89541,5
89542,4
89543,6
89544,10
89545,10
89546,4
89547,4
89548,5
89549,4
89550,10
89551,4
89552,4
89553,9
89554,10
89555,4
89556,4
89557,4
89558,8
89559,9
89560,4
89561,9
89562,8
89563,4
89564,4
89565,3
89566,5
89567,5
89568,7
89569,5
89570,4
89571,5
89572,4
89573,5
89574,7
89575,9
89576,5
89577,9
89578,9
89579,8
89580,5
89581,9
89582,7
89583,4
89584,6
89585,3
89586,9
89587,9
89588,8
89589,4
89590,1
89591,1
89592,4
89593,10
89594,7
89595,8
89596,10
89597,5
89598,5
89599,4
89600,4
89601,7
89602,4
89603,9
89604,9
89605,9
89606,1
89607,10
89608,5
89609,5
89610,10
89611,10
89612,4
89613,9
89614,9
89615,4
89616,10
89617,10
89618,6
89619,4
89620,4
89621,4
89622,1
89623,1
89624,1
89625,7
89626,10
89627,5
89628,5
89629,9
89630,4
89631,4
89632,10
89633,7
89634,9
89635,8
89636,4
89637,9
89638,7
89639,6
89640,10
89641,8
89642,4
89643,7
89644,7
89645,7
89646,4
89647,10
89648,8
89649,2
89650,9
89651,9
89652,7
89653,1
89654,2
89655,5
89656,7
89657,5
89658,5
89659,10
89660,10
89661,10
89662,10
89663,5
89664,4
89665,4
89666,5
89667,9
89668,4
89669,7
89670,10
89671,2
89672,10
89673,4
89674,9
89675,10
89676,10
89677,10
89678,5
89679,10
89680,4
89681,4
89682,4
89683,4
89684,7
89685,10
89686,4
89687,4
89688,5
89689,4
89690,7
89691,7
89692,4
89693,5
89694,8
89695,2
89696,5
89697,5
89698,5
89699,1
89700,1
89701,4
89702,10
89703,7
89704,10
89705,10
89706,10
89707,5
89708,4
89709,9
89710,6
89711,1
89712,4
89713,8
89714,10
89715,5
89716,10
89717,5
89718,4
89719,5
89720,4
89721,9
89722,5
89723,10
89724,10
89725,2
89726,2
89727,9
89728,9
89729,2
89730,2
89731,9
89732,2
89733,1
89734,3
89735,5
89736,10
89737,9
89738,10
89739,10
89740,5
89741,1
89742,4
89743,2
89744,4
89745,5
89746,4
89747,10
89748,1
89749,10
89750,10
89751,9
89752,6
89753,6
89754,5
89755,2
89756,2
89757,8
89758,10
89759,10
89760,5
89761,10
89762,10
89763,10
89764,5
89765,2
89766,4
89767,2
89768,4
89769,5
89770,10
89771,10
89772,10
89773,10
89774,10
89775,4
89776,5
89777,7
89778,10
89779,5
89780,1
89781,7
89782,9
89783,10
89784,10
89785,10
89786,10
89787,10
89788,10
89789,9
89790,1
89791,5
89792,7
89793,6
89794,7
89795,6
89796,6
89797,5
89798,5
89799,5
89800,10
89801,4
89802,4
89803,5
89804,2
89805,2
89806,8
89807,9
89808,5
89809,5
89810,4
89811,4
89812,5
89813,4
89814,10
89815,10
89816,6
89817,3
89818,6
89819,7
89820,6
89821,7
89822,8
89823,10
89824,5
89825,5
89826,4
89827,4
89828,4
89829,7
89830,5
89831,10
89832,10
89833,10
89834,4
89835,4
89836,2
89837,2
89838,10
89839,5
89840,10
89841,10
89842,10
89843,7
89844,2
89845,10
89846,2
89847,2
89848,2
89849,2
89850,1
89851,1
89852,5
89853,5
89854,10
89855,4
89856,2
89857,2
89858,2
89859,8
89860,2
89861,2
89862,2
89863,7
89864,5
89865,10
89866,7
89867,7
89868,8
89869,7
89870,1
89871,7
89872,4
89873,5
89874,6
89875,5
89876,8
89877,2
89878,2
89879,10
89880,6
89881,7
89882,5
89883,4
89884,10
89885,10
89886,4
89887,5
89888,10
89889,8
89890,10
89891,5
89892,5
89893,7
89894,8
89895,2
89896,2
89897,7
89898,2
89899,10
89900,9
89901,2
89902,2
89903,4
89904,10
89905,1
89906,2
89907,3
89908,5
89909,10
89910,5
89911,10
89912,9
89913,4
89914,4
89915,10
89916,1
89917,7
89918,10
89919,4
89920,6
89921,10
89922,5
89923,10
89924,10
89925,10
89926,5
89927,4
89928,5
89929,1
89930,10
89931,9
89932,5
89933,10
89934,10
89935,10
89936,4
89937,4
89938,6
89939,10
89940,10
89941,6
89942,2
89943,2
89944,2
89945,2
89946,5
89947,10
89948,5
89949,10
89950,10
89951,10
89952,4
89953,4
89954,4
89955,2
89956,7
89957,2
89958,7
89959,7
89960,1
89961,8
89962,8
89963,6
89964,5
89965,1
89966,6
89967,10
89968,5
89969,10
89970,9
89971,7
89972,4
89973,1
89974,10
89975,1
89976,1
89977,1
89978,5
89979,5
89980,5
89981,10
89982,10
89983,5
89984,10
89985,10
89986,4
89987,4
89988,4
89989,5
89990,5
89991,4
89992,10
89993,9
89994,2
89995,5
89996,7
89997,5
89998,5
89999,10
90000,5
90001,4
90002,5
90003,4
90004,2
90005,10
90006,6
90007,10
90008,10
90009,10
90010,4
90011,2
90012,5
90013,9
90014,5
90015,5
90016,5
90017,1
90018,10
90019,7
90020,5
90021,10
90022,10
90023,10
90024,10
90025,10
90026,5
90027,5
90028,4
90029,5
90030,6
90031,10
90032,5
90033,5
90034,10
90035,6
90036,10
90037,10
90038,10
90039,1
90040,7
90041,3
90042,7
90043,9
90044,9
90045,2
90046,7
90047,4
90048,7
90049,2
90050,10
90051,10
90052,6
90053,10
90054,6
90055,10
90056,10
90057,10
90058,10
90059,10
90060,10
90061,10
90062,10
90063,10
90064,10
90065,10
90066,10
90067,10
90068,10
90069,10
90070,5
90071,4
90072,4
90073,4
90074,4
90075,1
90076,3
90077,9
90078,9
90079,10
90080,10
90081,5
90082,5
90083,4
90084,4
90085,7
90086,4
90087,10
90088,5
90089,10
90090,5
90091,5
90092,10
90093,5
90094,4
90095,4
90096,4
90097,4
90098,4
90099,9
90100,10
90101,7
90102,4
90103,5
90104,1
90105,5
90106,5
90107,5
90108,10
90109,10
90110,10
90111,10
90112,4
90113,5
90114,9
90115,8
90116,6
90117,5
90118,6
90119,4
90120,9
90121,5
90122,5
90123,5
90124,7
90125,10
90126,7
90127,1
90128,5
90129,5
90130,5
90131,10
90132,8
90133,4
90134,4
90135,5
90136,5
90137,4
90138,10
90139,8
90140,8
90141,4
90142,4
90143,5
90144,10
90145,5
90146,8
90147,6
90148,9
90149,1
90150,5
90151,5
90152,9
90153,10
90154,8
90155,9
90156,5
90157,5
90158,4
90159,4
90160,5
90161,5
90162,4
90163,2
90164,4
90165,9
90166,7
90167,4
90168,8
90169,4
90170,5
90171,5
90172,5
90173,4
90174,5
90175,4
90176,5
90177,4
90178,8
90179,4
90180,9
90181,7
90182,5
90183,10
90184,10
90185,10
90186,4
90187,4
90188,5
90189,9
90190,6
90191,2
90192,2
90193,2
90194,2
90195,7
90196,10
90197,9
90198,8
90199,5
90200,6
90201,10
90202,2
90203,9
90204,9
90205,5
90206,9
90207,7
90208,4
90209,1
90210,5
90211,7
90212,5
90213,7
90214,10
90215,5
90216,4
90217,4
90218,2
90219,2
90220,7
90221,4
90222,4
90223,5
90224,8
90225,5
90226,10
90227,4
90228,4
90229,5
90230,5
90231,5
90232,4
90233,5
90234,2
90235,9
90236,8
90237,9
90238,4
90239,4
90240,4
90241,5
90242,6
90243,4
90244,4
90245,2
90246,4
90247,8
90248,4
90249,2
90250,4
90251,4
90252,9
90253,5
90254,6
90255,5
90256,5
90257,10
90258,10
90259,10
90260,4
90261,4
90262,4
90263,5
90264,2
90265,2
90266,9
90267,5
90268,4
90269,7
90270,5
90271,10
90272,10
90273,4
90274,8
90275,10
90276,4
90277,4
90278,8
90279,6
90280,10
90281,9
90282,9
90283,8
90284,6
90285,5
90286,5
90287,5
90288,7
90289,10
90290,10
90291,10
90292,5
90293,4
90294,4
90295,4
90296,4
90297,4
90298,8
90299,5
90300,4
90301,5
90302,10
90303,8
90304,4
90305,5
90306,10
90307,1
90308,10
90309,1
90310,7
90311,10
90312,10
90313,10
90314,5
90315,10
90316,10
90317,9
90318,4
90319,10
90320,9
90321,4
90322,5
90323,6
90324,6
90325,5
90326,9
90327,8
90328,10
90329,5
90330,5
90331,9
90332,9
90333,4
90334,9
90335,4
90336,4
90337,3
90338,6
90339,5
90340,10
90341,10
90342,6
90343,10
90344,10
90345,10
90346,10
90347,6
90348,9
90349,2
90350,2
90351,10
90352,10
90353,10
90354,10
90355,4
90356,2
90357,4
90358,4
90359,2
90360,2
90361,2
90362,8
90363,2
90364,2
90365,2
90366,2
90367,8
90368,8
90369,9
90370,9
90371,9
90372,8
90373,2
90374,2
90375,9
90376,1
90377,5
90378,5
90379,3
90380,10
90381,9
90382,5
90383,9
90384,5
90385,10
90386,5
90387,10
90388,10
90389,10
90390,10
90391,10
90392,5
90393,5
90394,10
90395,5
90396,5
90397,4
90398,5
90399,5
90400,4
90401,4
90402,9
90403,9
90404,6
90405,3
90406,4
90407,10
90408,9
90409,3
90410,8
90411,9
90412,2
90413,2
90414,2
90415,10
90416,10
90417,10
90418,2
90419,9
90420,5
90421,2
90422,3
90423,10
90424,5
90425,10
90426,10
90427,10
90428,5
90429,4
90430,4
90431,2
90432,9
90433,9
90434,9
90435,6
90436,4
90437,10
90438,9
90439,3
90440,5
90441,8
90442,3
90443,5
90444,5
90445,7
90446,5
90447,5
90448,5
90449,5
90450,10
90451,10
90452,5
90453,10
90454,10
90455,5
90456,5
90457,5
90458,9
90459,4
90460,2
90461,2
90462,5
90463,5
90464,1
90465,7
90466,5
90467,4
90468,4
90469,10
90470,2
90471,9
90472,10
90473,8
90474,2
90475,8
90476,4
90477,4
90478,4
90479,10
90480,5
90481,5
90482,9
90483,4
90484,10
90485,5
90486,4
90487,4
90488,5
90489,5
90490,6
90491,5
90492,7
90493,6
90494,10
90495,5
90496,5
90497,6
90498,5
90499,8
90500,9
90501,10
90502,9
90503,10
90504,1
90505,1
90506,9
90507,6
90508,8
90509,5
90510,10
90511,10
90512,5
90513,10
90514,5
90515,5
90516,5
90517,10
90518,10
90519,4
90520,5
90521,5
90522,4
90523,4
90524,4
90525,10
90526,10
90527,10
90528,9
90529,1
90530,10
90531,4
90532,9
90533,8
90534,10
90535,9
90536,4
90537,5
90538,6
90539,5
90540,5
90541,4
90542,4
90543,8
90544,5
90545,7
90546,6
90547,7
90548,7
90549,10
90550,8
90551,6
90552,3
90553,10
90554,3
90555,5
90556,5
90557,6
90558,1
90559,5
90560,5
90561,5
90562,7
90563,7
90564,5
90565,6
90566,5
90567,5
90568,5
90569,6
90570,10
90571,9
90572,4
90573,4
90574,4
90575,4
90576,9
90577,1
90578,7
90579,4
90580,6
90581,6
90582,6
90583,10
90584,10
90585,10
90586,10
90587,1
90588,6
90589,9
90590,5
90591,7
90592,10
90593,10
90594,7
90595,5
90596,10
90597,7
90598,5
90599,1
90600,5
90601,5
90602,6
90603,5
90604,5
90605,5
90606,8
90607,8
90608,10
90609,10
90610,9
90611,7
90612,5
90613,5
90614,6
90615,5
90616,1
90617,1
90618,4
90619,10
90620,7
90621,6
90622,5
90623,10
90624,10
90625,9
90626,4
90627,8
90628,8
90629,1
90630,10
90631,10
90632,7
90633,6
90634,6
90635,10
90636,1
90637,5
90638,9
90639,7
90640,7
90641,3
90642,5
90643,6
90644,10
90645,5
90646,5
90647,10
90648,10
90649,4
90650,4
90651,4
90652,6
90653,4
90654,5
90655,5
90656,10
90657,10
90658,9
90659,8
90660,9
90661,7
90662,7
90663,1
90664,10
90665,8
90666,10
90667,5
90668,7
90669,4
90670,7
90671,7
90672,7
90673,7
90674,7
90675,5
90676,4
90677,4
90678,7
90679,5
90680,5
90681,10
90682,5
90683,2
90684,10
90685,10
90686,10
90687,4
90688,5
90689,5
90690,5
90691,5
90692,5
90693,5
90694,8
90695,9
90696,5
90697,5
90698,9
90699,3
90700,8
90701,4
90702,9
90703,4
90704,10
90705,8
90706,5
90707,7
90708,5
90709,10
90710,1
90711,10
90712,4
90713,4
90714,4
90715,7
90716,5
90717,5
90718,6
90719,10
90720,4
90721,6
90722,10
90723,10
90724,3
90725,1
90726,8
90727,10
90728,10
90729,10
90730,5
90731,5
90732,4
90733,4
90734,5
90735,1
90736,5
90737,1
90738,1
90739,3
90740,1
90741,5
90742,5
90743,5
90744,7
90745,5
90746,7
90747,7
90748,6
90749,8
90750,7
90751,5
90752,10
90753,10
90754,8
90755,5
90756,4
90757,8
90758,5
90759,8
90760,6
90761,7
90762,10
90763,5
90764,10
90765,9
90766,4
90767,3
90768,9
90769,10
90770,7
90771,7
90772,6
90773,5
90774,10
90775,10
90776,5
90777,10
90778,10
90779,8
90780,10
90781,10
90782,10
90783,5
90784,8
90785,7
90786,10
90787,6
90788,10
90789,4
90790,8
90791,7
90792,1
90793,6
90794,5
90795,5
90796,10
90797,5
90798,4
90799,5
90800,5
90801,6
90802,7
90803,1
90804,7
90805,8
90806,1
90807,6
90808,4
90809,6
90810,10
90811,4
90812,9
90813,7
90814,4
90815,5
90816,5
90817,1
90818,1
90819,5
90820,6
90821,9
90822,5
90823,5
90824,7
90825,10
90826,7
90827,5
90828,5
90829,5
90830,10
90831,5
90832,4
90833,10
90834,10
90835,5
90836,10
90837,10
90838,4
90839,4
90840,5
90841,8
90842,7
90843,7
90844,6
90845,7
90846,5
90847,6
90848,4
90849,10
90850,4
90851,5
90852,5
90853,1
90854,1
90855,9
90856,6
90857,7
90858,7
90859,7
90860,10
90861,4
90862,4
90863,1
90864,5
90865,7
90866,4
90867,10
90868,4
90869,6
90870,6
90871,9
90872,1
90873,9
90874,6
90875,3
90876,9
90877,1
90878,1
90879,1
90880,9
90881,9
90882,5
90883,10
90884,5
90885,4
90886,9
90887,9
90888,9
90889,1
90890,9
90891,9
90892,9
90893,4
90894,9
90895,8
90896,5
90897,5
90898,1
90899,6
90900,3
90901,6
90902,7
90903,5
90904,7
90905,7
90906,5
90907,7
90908,5
90909,2
90910,5
90911,10
90912,5
90913,5
90914,4
90915,5
90916,5
90917,7
90918,7
90919,7
90920,7
90921,7
90922,6
90923,7
90924,5
90925,7
90926,7
90927,5
90928,7
90929,6
90930,7
90931,6
90932,7
90933,7
90934,4
90935,1
90936,7
90937,7
90938,1
90939,6
90940,4
90941,7
90942,5
90943,10
90944,10
90945,2
90946,10
90947,10
90948,10
90949,6
90950,9
90951,5
90952,4
90953,4
90954,6
90955,9
90956,7
90957,6
90958,8
90959,6
90960,4
90961,7
90962,7
90963,4
90964,6
90965,4
90966,7
90967,4
90968,8
90969,8
90970,10
90971,10
90972,10
90973,10
90974,10
90975,10
90976,10
90977,10
90978,10
90979,10
90980,10
90981,10
90982,10
90983,9
90984,8
90985,3
90986,6
90987,5
90988,1
90989,8
90990,5
90991,1
90992,10
90993,7
90994,7
90995,5
90996,10
90997,4
90998,5
90999,4
91000,7
91001,7
91002,10
91003,6
91004,1
91005,1
91006,6
91007,5
91008,5
91009,10
91010,8
91011,5
91012,10
91013,10
91014,10
91015,4
91016,5
91017,6
91018,4
91019,7
91020,4
91021,4
91022,9
91023,5
91024,5
91025,5
91026,3
91027,9
91028,3
91029,7
91030,4
91031,7
91032,9
91033,10
91034,5
91035,10
91036,10
91037,10
91038,5
91039,10
91040,5
91041,10
91042,8
91043,10
91044,9
91045,4
91046,8
91047,10
91048,7
91049,6
91050,9
91051,9
91052,1
91053,5
91054,3
91055,5
91056,6
91057,10
91058,8
91059,6
91060,9
91061,4
91062,5
91063,6
91064,7
91065,6
91066,7
91067,7
91068,5
91069,7
91070,7
91071,7
91072,7
91073,5
91074,1
91075,5
91076,6
91077,5
91078,1
91079,5
91080,3
91081,1
91082,5
91083,4
91084,5
91085,7
91086,5
91087,6
91088,4
91089,5
91090,2
91091,10
91092,4
91093,6
91094,6
91095,7
91096,2
91097,9
91098,9
91099,1
91100,4
91101,1
91102,5
91103,7
91104,1
91105,10
91106,6
91107,1
91108,5
91109,5
91110,5
91111,1
91112,9
91113,9
91114,10
91115,5
91116,2
91117,7
91118,7
91119,7
91120,8
91121,7
91122,5
91123,10
91124,10
91125,6
91126,2
91127,9
91128,4
91129,9
91130,4
91131,9
91132,4
91133,6
91134,10
91135,4
91136,8
91137,8
91138,1
91139,5
91140,3
91141,9
91142,5
91143,7
91144,6
91145,7
91146,7
91147,5
91148,5
91149,5
91150,10
91151,5
91152,10
91153,10
91154,7
91155,4
91156,6
91157,1
91158,6
91159,1
91160,7
91161,7
91162,10
91163,3
91164,3
91165,9
91166,3
91167,1
91168,7
91169,5
91170,5
91171,1
91172,1
91173,1
91174,6
91175,9
91176,9
91177,2
91178,9
91179,2
91180,9
91181,2
91182,8
91183,2
91184,2
91185,7
91186,7
91187,9
91188,6
91189,6
91190,5
91191,10
91192,10
91193,5
91194,5
91195,10
91196,9
91197,10
91198,9
91199,4
91200,4
91201,9
91202,9
91203,2
91204,9
91205,9
91206,1
91207,2
91208,7
91209,7
91210,9
91211,6
91212,8
91213,7
91214,2
91215,9
91216,9
91217,9
91218,2
91219,9
91220,8
91221,9
91222,8
91223,2
91224,9
91225,2
91226,2
91227,8
91228,2
91229,2
91230,6
91231,7
91232,5
91233,1
91234,6
91235,2
91236,7
91237,5
91238,7
91239,7
91240,1
91241,5
91242,10
91243,5
91244,5
91245,10
91246,9
91247,5
91248,9
91249,4
91250,9
91251,3
91252,10
91253,9
91254,10
91255,10
91256,2
91257,6
91258,9
91259,7
91260,9
91261,9
91262,9
91263,9
91264,8
91265,3
91266,2
91267,9
91268,7
91269,4
91270,7
91271,6
91272,2
91273,7
91274,5
91275,5
91276,10
91277,1
91278,5
91279,9
91280,5
91281,6
91282,6
91283,6
91284,7
91285,5
91286,7
91287,1
91288,5
91289,9
91290,4
91291,8
91292,4
91293,8
91294,5
91295,2
91296,7
91297,8
91298,7
91299,4
91300,2
91301,1
91302,7
91303,1
91304,5
91305,1
91306,10
91307,7
91308,7
91309,10
91310,4
91311,4
91312,1
91313,6
91314,5
91315,4
91316,6
91317,9
91318,3
91319,6
91320,7
91321,6
91322,2
91323,8
91324,2
91325,4
91326,7
91327,2
91328,8
91329,2
91330,1
91331,7
91332,9
91333,6
91334,7
91335,7
91336,5
91337,7
91338,5
91339,7
91340,7
91341,5
91342,7
91343,10
91344,5
91345,4
91346,10
91347,7
91348,7
91349,2
91350,9
91351,2
91352,10
91353,7
91354,1
91355,7
91356,7
91357,5
91358,5
91359,10
91360,4
91361,4
91362,7
91363,6
91364,6
91365,9
91366,9
91367,1
91368,2
91369,10
91370,8
91371,3
91372,3
91373,6
91374,3
91375,5
91376,6
91377,3
91378,6
91379,3
91380,9
91381,5
91382,5
91383,5
91384,7
91385,5
91386,7
91387,9
91388,7
91389,7
91390,5
91391,7
91392,6
91393,10
91394,10
91395,10
91396,10
91397,10
91398,10
91399,5
91400,10
91401,4
91402,5
91403,6
91404,10
91405,2
91406,7
91407,7
91408,7
91409,7
91410,1
91411,7
91412,2
91413,7
91414,7
91415,8
91416,1
91417,7
91418,7
91419,6
91420,7
91421,7
91422,10
91423,10
91424,5
91425,4
91426,6
91427,10
91428,3
91429,10
91430,9
91431,6
91432,1
91433,5
91434,5
91435,3
91436,5
91437,1
91438,1
91439,7
91440,5
91441,5
91442,5
91443,10
91444,5
91445,6
91446,8
91447,10
91448,5
91449,3
91450,9
91451,4
91452,5
91453,8
91454,9
91455,4
91456,7
91457,2
91458,7
91459,7
91460,7
91461,7
91462,7
91463,5
91464,7
91465,7
91466,3
91467,8
91468,3
91469,1
91470,6
91471,5
91472,7
91473,7
91474,6
91475,7
91476,10
91477,9
91478,4
91479,4
91480,1
91481,3
91482,5
91483,3
91484,7
91485,8
91486,1
91487,9
91488,5
91489,7
91490,4
91491,4
91492,1
91493,7
91494,6
91495,2
91496,6
91497,4
91498,4
91499,9
91500,7
91501,10
91502,4
91503,2
91504,3
91505,1
91506,6
91507,10
91508,1
91509,1
91510,8
91511,1
91512,4
91513,9
91514,7
91515,8
91516,9
91517,7
91518,5
91519,7
91520,5
91521,7
91522,5
91523,5
91524,10
91525,10
91526,10
91527,2
91528,4
91529,5
91530,4
91531,4
91532,8
91533,2
91534,9
91535,10
91536,9
91537,10
91538,7
91539,2
91540,7
91541,7
91542,7
91543,7
91544,6
91545,1
91546,5
91547,7
91548,7
91549,1
91550,10
91551,10
91552,5
91553,10
91554,4
91555,4
91556,10
91557,10
91558,4
91559,7
91560,1
91561,10
91562,1
91563,8
91564,2
91565,5
91566,9
91567,1
91568,1
91569,9
91570,7
91571,7
91572,5
91573,7
91574,7
91575,5
91576,5
91577,10
91578,9
91579,4
91580,4
91581,5
91582,1
91583,7
91584,5
91585,5
91586,9
91587,6
91588,6
91589,4
91590,9
91591,4
91592,2
91593,5
91594,5
91595,4
91596,5
91597,5
91598,3
91599,2
91600,10
91601,10
91602,8
91603,2
91604,9
91605,5
91606,4
91607,4
91608,10
91609,8
91610,5
91611,4
91612,10
91613,7
91614,9
91615,4
91616,2
91617,2
91618,2
91619,2
91620,9
91621,10
91622,7
91623,5
91624,7
91625,7
91626,4
91627,9
91628,10
91629,9
91630,2
91631,4
91632,7
91633,10
91634,1
91635,1
91636,1
91637,5
91638,7
91639,10
91640,10
91641,10
91642,8
91643,4
91644,2
91645,1
91646,4
91647,5
91648,2
91649,9
91650,1
91651,7
91652,10
91653,10
91654,6
91655,5
91656,4
91657,4
91658,8
91659,4
91660,2
91661,7
91662,2
91663,2
91664,8
91665,2
91666,5
91667,7
91668,7
91669,2
91670,5
91671,10
91672,10
91673,9
91674,10
91675,5
91676,5
91677,7
91678,5
91679,7
91680,7
91681,7
91682,10
91683,10
91684,6
91685,5
91686,2
91687,2
91688,2
91689,10
91690,1
91691,5
91692,4
91693,4
91694,4
91695,5
91696,2
91697,9
91698,7
91699,6
91700,2
91701,10
91702,5
91703,4
91704,6
91705,5
91706,5
91707,8
91708,1
91709,1
91710,5
91711,1
91712,6
91713,1
91714,5
91715,3
91716,9
91717,5
91718,7
91719,5
91720,10
91721,6
91722,10
91723,5
91724,4
91725,10
91726,10
91727,10
91728,2
91729,9
91730,3
91731,2
91732,9
91733,2
91734,3
91735,6
91736,8
91737,10
91738,10
91739,5
91740,5
91741,10
91742,5
91743,3
91744,10
91745,10
91746,8
91747,5
91748,9
91749,5
91750,4
91751,4
91752,7
91753,5
91754,7
91755,6
91756,1
91757,3
91758,10
91759,7
91760,5
91761,5
91762,10
91763,5
91764,10
91765,1
91766,2
91767,2
91768,7
91769,1
91770,4
91771,8
91772,6
91773,9
91774,4
91775,10
91776,10
91777,6
91778,10
91779,5
91780,10
91781,10
91782,7
91783,1
91784,5
91785,5
91786,4
91787,10
91788,10
91789,9
91790,4
91791,6
91792,8
91793,3
91794,4
91795,7
91796,1
91797,5
91798,10
91799,9
91800,10
91801,2
91802,7
91803,5
91804,1
91805,10
91806,5
91807,5
91808,7
91809,9
91810,6
91811,9
91812,2
91813,6
91814,9
91815,2
91816,10
91817,10
91818,5
91819,10
91820,6
91821,5
91822,7
91823,2
91824,6
91825,4
91826,7
91827,7
91828,5
91829,10
91830,10
91831,10
91832,5
91833,10
91834,10
91835,10
91836,4
91837,4
91838,5
91839,9
91840,5
91841,10
91842,9
91843,10
91844,5
91845,10
91846,7
91847,7
91848,6
91849,8
91850,9
91851,1
91852,1
91853,3
91854,1
91855,10
91856,4
91857,8
91858,9
91859,9
91860,4
91861,9
91862,3
91863,8
91864,7
91865,8
91866,9
91867,2
91868,5
91869,6
91870,3
91871,5
91872,6
91873,5
91874,5
91875,5
91876,10
91877,10
91878,5
91879,10
91880,9
91881,10
91882,9
91883,9
91884,7
91885,10
91886,5
91887,10
91888,4
91889,8
91890,8
91891,5
91892,6
91893,10
91894,9
91895,4
91896,9
91897,8
91898,10
91899,10
91900,10
91901,10
91902,1
91903,7
91904,10
91905,1
91906,7
91907,1
91908,1
91909,6
91910,4
91911,8
91912,4
91913,4
91914,10
91915,4
91916,9
91917,4
91918,10
91919,6
91920,8
91921,5
91922,7
91923,7
91924,10
91925,10
91926,6
91927,10
91928,5
91929,4
91930,4
91931,4
91932,9
91933,10
91934,10
91935,5
91936,10
91937,7
91938,5
91939,7
91940,8
91941,7
91942,7
91943,5
91944,10
91945,10
91946,1
91947,1
91948,7
91949,5
91950,5
91951,5
91952,3
91953,5
91954,5
91955,1
91956,5
91957,4
91958,5
91959,5
91960,10
91961,10
91962,5
91963,5
91964,4
91965,4
91966,5
91967,1
91968,5
91969,1
91970,5
91971,5
91972,5
91973,7
91974,5
91975,5
91976,5
91977,4
91978,8
91979,4
91980,5
91981,4
91982,9
91983,6
91984,10
91985,6
91986,10
91987,6
91988,1
91989,1
91990,7
91991,4
91992,10
91993,10
91994,5
91995,7
91996,9
91997,9
91998,3
91999,7
92000,7
92001,5
92002,5
92003,5
92004,5
92005,2
92006,10
92007,5
92008,7
92009,10
92010,4
92011,9
92012,2
92013,4
92014,1
92015,10
92016,4
92017,8
92018,1
92019,9
92020,1
92021,1
92022,8
92023,4
92024,4
92025,8
92026,7
92027,9
92028,7
92029,1
92030,9
92031,6
92032,3
92033,1
92034,8
92035,5
92036,9
92037,5
92038,7
92039,2
92040,5
92041,10
92042,10
92043,10
92044,10
92045,10
92046,4
92047,4
92048,9
92049,8
92050,7
92051,7
92052,7
92053,7
92054,3
92055,9
92056,5
92057,5
92058,8
92059,5
92060,5
92061,7
92062,6
92063,5
92064,6
92065,5
92066,10
92067,6
92068,10
92069,4
92070,4
92071,4
92072,4
92073,2
92074,2
92075,3
92076,8
92077,1
92078,2
92079,4
92080,1
92081,4
92082,8
92083,5
92084,7
92085,5
92086,6
92087,10
92088,4
92089,10
92090,5
92091,9
92092,5
92093,5
92094,10
92095,9
92096,9
92097,8
92098,7
92099,1
92100,10
92101,7
92102,7
92103,5
92104,2
92105,9
92106,9
92107,6
92108,8
92109,1
92110,7
92111,2
92112,6
92113,4
92114,9
92115,3
92116,5
92117,1
92118,5
92119,9
92120,3
92121,9
92122,5
92123,7
92124,7
92125,5
92126,5
92127,7
92128,7
92129,5
92130,5
92131,10
92132,1
92133,5
92134,5
92135,4
92136,8
92137,7
92138,9
92139,7
92140,1
92141,5
92142,10
92143,9
92144,9
92145,9
92146,8
92147,8
92148,8
92149,1
92150,5
92151,5
92152,10
92153,5
92154,5
92155,5
92156,4
92157,9
92158,9
92159,6
92160,3
92161,7
92162,9
92163,4
92164,9
92165,4
92166,9
92167,4
92168,7
92169,1
92170,1
92171,5
92172,6
92173,6
92174,1
92175,3
92176,9
92177,10
92178,6
92179,9
92180,7
92181,1
92182,1
92183,5
92184,3
92185,8
92186,1
92187,5
92188,9
92189,4
92190,5
92191,5
92192,7
92193,4
92194,7
92195,7
92196,7
92197,9
92198,10
92199,5
92200,6
92201,10
92202,5
92203,5
92204,4
92205,2
92206,7
92207,10
92208,7
92209,7
92210,1
92211,9
92212,5
92213,1
92214,5
92215,5
92216,9
92217,6
92218,10
92219,4
92220,4
92221,4
92222,5
92223,9
92224,9
92225,7
92226,7
92227,2
92228,2
92229,6
92230,5
92231,9
92232,3
92233,7
92234,10
92235,5
92236,4
92237,3
92238,1
92239,7
92240,10
92241,7
92242,5
92243,7
92244,7
92245,5
92246,5
92247,9
92248,4
92249,4
92250,8
92251,3
92252,1
92253,7
92254,10
92255,9
92256,2
92257,7
92258,7
92259,7
92260,5
92261,5
92262,5
92263,7
92264,7
92265,4
92266,4
92267,5
92268,8
92269,8
92270,7
92271,4
92272,9
92273,3
92274,1
92275,1
92276,2
92277,5
92278,2
92279,5
92280,5
92281,10
92282,5
92283,4
92284,5
92285,9
92286,5
92287,4
92288,9
92289,10
92290,6
92291,7
92292,4
92293,8
92294,1
92295,6
92296,7
92297,7
92298,7
92299,5
92300,7
92301,1
92302,5
92303,5
92304,5
92305,9
92306,4
92307,7
92308,2
92309,6
92310,1
92311,8
92312,6
92313,4
92314,7
92315,2
92316,7
92317,7
92318,10
92319,6
92320,9
92321,3
92322,1
92323,1
92324,7
92325,7
92326,6
92327,5
92328,4
92329,9
92330,8
92331,7
92332,4
92333,6
92334,9
92335,1
92336,9
92337,4
92338,1
92339,3
92340,8
92341,5
92342,1
92343,5
92344,5
92345,2
92346,9
92347,5
92348,5
92349,5
92350,7
92351,7
92352,5
92353,1
92354,10
92355,5
92356,5
92357,5
92358,10
92359,6
92360,10
92361,5
92362,6
92363,7
92364,4
92365,4
92366,9
92367,9
92368,4
92369,10
92370,8
92371,7
92372,5
92373,10
92374,5
92375,4
92376,9
92377,6
92378,7
92379,2
92380,9
92381,7
92382,6
92383,7
92384,10
92385,8
92386,10
92387,5
92388,10
92389,6
92390,5
92391,6
92392,4
92393,5
92394,9
92395,6
92396,9
92397,2
92398,1
92399,2
92400,1
92401,3
92402,4
92403,5
92404,3
92405,3
92406,5
92407,3
92408,5
92409,9
92410,5
92411,7
92412,7
92413,7
92414,4
92415,7
92416,8
92417,7
92418,7
92419,7
92420,5
92421,7
92422,7
92423,5
92424,6
92425,6
92426,5
92427,4
92428,4
92429,8
92430,9
92431,9
92432,8
92433,10
92434,6
92435,5
92436,5
92437,3
92438,8
92439,1
92440,6
92441,5
92442,5
92443,1
92444,9
92445,9
92446,7
92447,6
92448,6
92449,10
92450,5
92451,10
92452,9
92453,3
92454,1
92455,5
92456,1
92457,1
92458,7
92459,9
92460,9
92461,7
92462,5
92463,10
92464,4
92465,2
92466,2
92467,9
92468,9
92469,6
92470,7
92471,1
92472,5
92473,9
92474,7
92475,1
92476,7
92477,7
92478,2
92479,5
92480,5
92481,6
92482,8
92483,4
92484,2
92485,9
92486,7
92487,4
92488,4
92489,10
92490,3
92491,5
92492,1
92493,7
92494,5
92495,6
92496,1
92497,1
92498,5
92499,7
92500,6
92501,6
92502,7
92503,7
92504,7
92505,9
92506,5
92507,5
92508,10
92509,4
92510,5
92511,8
92512,4
92513,5
92514,6
92515,5
92516,1
92517,6
92518,3
92519,7
92520,9
92521,2
92522,2
92523,9
92524,2
92525,2
92526,9
92527,8
92528,2
92529,2
92530,4
92531,9
92532,9
92533,9
92534,1
92535,1
92536,5
92537,7
92538,6
92539,7
92540,7
92541,5
92542,10
92543,9
92544,4
92545,7
92546,9
92547,10
92548,7
92549,7
92550,2
92551,5
92552,7
92553,4
92554,4
92555,8
92556,7
92557,7
92558,10
92559,7
92560,7
92561,1
92562,7
92563,7
92564,1
92565,6
92566,7
92567,7
92568,2
92569,1
92570,7
92571,7
92572,7
92573,7
92574,9
92575,8
92576,3
92577,5
92578,10
92579,8
92580,7
92581,6
92582,7
92583,10
92584,1
92585,10
92586,5
92587,7
92588,3
92589,3
92590,6
92591,10
92592,5
92593,1
92594,5
92595,7
92596,5
92597,2
92598,10
92599,5
92600,6
92601,5
92602,10
92603,5
92604,9
92605,2
92606,4
92607,4
92608,4
92609,4
92610,4
92611,9
92612,9
92613,1
92614,10
92615,6
92616,3
92617,9
92618,1
92619,1
92620,8
92621,9
92622,7
92623,7
92624,7
92625,7
92626,9
92627,7
92628,2
92629,7
92630,1
92631,2
92632,8
92633,2
92634,7
92635,6
92636,7
92637,5
92638,5
92639,1
92640,6
92641,5
92642,7
92643,5
92644,10
92645,5
92646,5
92647,2
92648,10
92649,1
92650,1
92651,8
92652,9
92653,1
92654,9
92655,1
92656,6
92657,1
92658,5
92659,5
92660,1
92661,1
92662,7
92663,7
92664,9
92665,10
92666,5
92667,4
92668,4
92669,7
92670,10
92671,2
92672,9
92673,1
92674,7
92675,6
92676,8
92677,1
92678,9
92679,4
92680,7
92681,7
92682,2
92683,5
92684,6
92685,1
92686,2
92687,1
92688,7
92689,7
92690,5
92691,5
92692,7
92693,5
92694,10
92695,5
92696,5
92697,4
92698,5
92699,1
92700,5
92701,6
92702,5
92703,9
92704,1
92705,1
92706,5
92707,4
92708,7
92709,4
92710,9
92711,4
92712,6
92713,1
92714,6
92715,1
92716,5
92717,1
92718,5
92719,5
92720,7
92721,5
92722,7
92723,7
92724,5
92725,7
92726,1
92727,6
92728,10
92729,10
92730,10
92731,5
92732,5
92733,10
92734,4
92735,5
92736,2
92737,10
92738,9
92739,6
92740,9
92741,9
92742,10
92743,2
92744,2
92745,9
92746,4
92747,6
92748,1
92749,1
92750,1
92751,1
92752,8
92753,5
92754,7
92755,7
92756,7
92757,7
92758,7
92759,8
92760,7
92761,5
92762,5
92763,10
92764,10
92765,10
92766,2
92767,2
92768,4
92769,5
92770,2
92771,6
92772,10
92773,8
92774,6
92775,9
92776,3
92777,1
92778,1
92779,5
92780,1
92781,7
92782,9
92783,6
92784,5
92785,5
92786,10
92787,9
92788,7
92789,1
92790,4
92791,7
92792,2
92793,7
92794,7
92795,7
92796,2
92797,1
92798,9
92799,4
92800,7
92801,1
92802,1
92803,7
92804,9
92805,6
92806,7
92807,10
92808,3
92809,5
92810,5
92811,9
92812,2
92813,2
92814,7
92815,4
92816,8
92817,2
92818,2
92819,10
92820,2
92821,1
92822,2
92823,2
92824,1
92825,5
92826,5
92827,2
92828,1
92829,9
92830,10
92831,9
92832,5
92833,9
92834,7
92835,7
92836,10
92837,7
92838,10
92839,10
92840,10
92841,5
92842,5
92843,5
92844,4
92845,5
92846,1
92847,7
92848,5
92849,7
92850,6
92851,5
92852,5
92853,5
92854,5
92855,10
92856,5
92857,5
92858,4
92859,4
92860,9
92861,2
92862,10
92863,10
92864,10
92865,10
92866,4
92867,7
92868,7
92869,4
92870,6
92871,7
92872,2
92873,2
92874,2
92875,2
92876,8
92877,2
92878,4
92879,10
92880,10
92881,9
92882,1
92883,5
92884,3
92885,10
92886,5
92887,7
92888,8
92889,5
92890,6
92891,10
92892,5
92893,5
92894,10
92895,5
92896,3
92897,9
92898,6
92899,1
92900,10
92901,7
92902,10
92903,5
92904,10
92905,4
92906,9
92907,1
92908,5
92909,7
92910,7
92911,10
92912,10
92913,2
92914,4
92915,4
92916,10
92917,2
92918,10
92919,10
92920,10
92921,10
92922,9
92923,9
92924,6
92925,10
92926,8
92927,1
92928,1
92929,3
92930,2
92931,10
92932,5
92933,10
92934,4
92935,6
92936,10
92937,10
92938,5
92939,5
92940,9
92941,9
92942,3
92943,7
92944,6
92945,10
92946,4
92947,10
92948,1
92949,6
92950,9
92951,5
92952,1
92953,10
92954,10
92955,4
92956,9
92957,2
92958,10
92959,2
92960,4
92961,9
92962,10
92963,4
92964,1
92965,7
92966,7
92967,1
92968,4
92969,9
92970,10
92971,10
92972,8
92973,5
92974,10
92975,2
92976,2
92977,9
92978,6
92979,7
92980,3
92981,6
92982,9
92983,7
92984,10
92985,5
92986,6
92987,4
92988,4
92989,2
92990,8
92991,2
92992,2
92993,1
92994,9
92995,2
92996,10
92997,6
92998,6
92999,5
93000,3
93001,1
93002,3
93003,1
93004,1
93005,5
93006,5
93007,10
93008,5
93009,4
93010,5
93011,10
93012,5
93013,3
93014,4
93015,1
93016,2
93017,5
93018,9
93019,6
93020,10
93021,1
93022,1
93023,1
93024,7
93025,7
93026,1
93027,1
93028,5
93029,1
93030,1
93031,5
93032,5
93033,5
93034,6
93035,7
93036,6
93037,2
93038,9
93039,8
93040,6
93041,3
93042,1
93043,1
93044,6
93045,10
93046,5
93047,7
93048,10
93049,10
93050,10
93051,5
93052,4
93053,5
93054,8
93055,7
93056,4
93057,6
93058,10
93059,2
93060,1
93061,1
93062,5
93063,8
93064,5
93065,8
93066,9
93067,6
93068,6
93069,6
93070,4
93071,3
93072,10
93073,4
93074,9
93075,1
93076,9
93077,8
93078,2
93079,9
93080,6
93081,1
93082,5
93083,7
93084,9
93085,7
93086,10
93087,5
93088,5
93089,6
93090,5
93091,6
93092,5
93093,5
93094,6
93095,5
93096,10
93097,10
93098,10
93099,4
93100,4
93101,4
93102,7
93103,6
93104,10
93105,10
93106,10
93107,10
93108,10
93109,10
93110,10
93111,4
93112,10
93113,4
93114,10
93115,9
93116,4
93117,10
93118,10
93119,10
93120,6
93121,9
93122,2
93123,1
93124,10
93125,1
93126,1
93127,6
93128,4
93129,10
93130,8
93131,3
93132,1
93133,1
93134,6
93135,6
93136,1
93137,10
93138,2
93139,8
93140,9
93141,9
93142,5
93143,3
93144,6
93145,7
93146,7
93147,5
93148,6
93149,10
93150,5
93151,5
93152,10
93153,4
93154,5
93155,10
93156,1
93157,3
93158,5
93159,1
93160,5
93161,10
93162,7
93163,7
93164,7
93165,10
93166,10
93167,5
93168,5
93169,5
93170,4
93171,10
93172,6
93173,8
93174,7
93175,3
93176,6
93177,5
93178,5
93179,7
93180,5
93181,5
93182,7
93183,5
93184,5
93185,10
93186,8
93187,5
93188,5
93189,1
93190,6
93191,1
93192,8
93193,1
93194,6
93195,7
93196,5
93197,7
93198,7
93199,7
93200,7
93201,5
93202,10
93203,5
93204,10
93205,10
93206,10
93207,4
93208,4
93209,9
93210,4
93211,10
93212,2
93213,8
93214,10
93215,6
93216,4
93217,6
93218,1
93219,10
93220,10
93221,8
93222,4
93223,5
93224,9
93225,4
93226,5
93227,7
93228,2
93229,9
93230,10
93231,10
93232,10
93233,10
93234,4
93235,1
93236,9
93237,5
93238,1
93239,3
93240,6
93241,7
93242,7
93243,7
93244,5
93245,5
93246,5
93247,8
93248,4
93249,4
93250,5
93251,4
93252,9
93253,3
93254,9
93255,1
93256,1
93257,8
93258,8
93259,1
93260,5
93261,5
93262,6
93263,7
93264,10
93265,10
93266,4
93267,4
93268,10
93269,9
93270,9
93271,1
93272,2
93273,5
93274,1
93275,10
93276,8
93277,6
93278,4
93279,10
93280,5
93281,1
93282,8
93283,5
93284,5
93285,1
93286,5
93287,7
93288,7
93289,7
93290,7
93291,7
93292,10
93293,10
93294,5
93295,10
93296,9
93297,10
93298,10
93299,10
93300,5
93301,4
93302,5
93303,9
93304,5
93305,5
93306,1
93307,2
93308,4
93309,4
93310,6
93311,3
93312,7
93313,4
93314,4
93315,6
93316,10
93317,5
93318,4
93319,2
93320,6
93321,1
93322,1
93323,1
93324,5
93325,5
93326,5
93327,7
93328,5
93329,9
93330,7
93331,7
93332,5
93333,10
93334,10
93335,5
93336,5
93337,5
93338,8
93339,5
93340,4
93341,8
93342,7
93343,6
93344,6
93345,4
93346,6
93347,9
93348,9
93349,6
93350,7
93351,7
93352,5
93353,5
93354,10
93355,7
93356,9
93357,9
93358,4
93359,1
93360,4
93361,4
93362,1
93363,10
93364,5
93365,5
93366,5
93367,6
93368,4
93369,4
93370,7
93371,9
93372,9
93373,10
93374,9
93375,10
93376,7
93377,7
93378,7
93379,9
93380,10
93381,1
93382,1
93383,5
93384,5
93385,7
93386,5
93387,1
93388,5
93389,10
93390,2
93391,7
93392,2
93393,5
93394,7
93395,7
93396,7
93397,10
93398,6
93399,10
93400,6
93401,6
93402,10
93403,6
93404,10
93405,1
93406,2
93407,4
93408,4
93409,5
93410,4
93411,6
93412,9
93413,9
93414,7
93415,6
93416,6
93417,7
93418,9
93419,5
93420,9
93421,2
93422,9
93423,4
93424,2
93425,6
93426,7
93427,3
93428,6
93429,10
93430,1
93431,10
93432,1
93433,4
93434,4
93435,7
93436,1
93437,7
93438,9
93439,7
93440,5
93441,10
93442,4
93443,5
93444,4
93445,1
93446,5
93447,2
93448,2
93449,9
93450,3
93451,9
93452,5
93453,4
93454,9
93455,9
93456,5
93457,5
93458,5
93459,9
93460,3
93461,6
93462,8
93463,9
93464,9
93465,5
93466,3
93467,1
93468,6
93469,1
93470,7
93471,7
93472,10
93473,7
93474,6
93475,5
93476,5
93477,10
93478,6
93479,6
93480,5
93481,8
93482,8
93483,3
93484,1
93485,1
93486,7
93487,5
93488,7
93489,5
93490,7
93491,4
93492,6
93493,6
93494,9
93495,6
93496,5
93497,1
93498,10
93499,7
93500,10
93501,7
93502,5
93503,5
93504,5
93505,6
93506,10
93507,6
93508,8
93509,4
93510,4
93511,4
93512,9
93513,9
93514,1
93515,7
93516,5
93517,4
93518,5
93519,6
93520,9
93521,5
93522,3
93523,4
93524,4
93525,5
93526,4
93527,3
93528,7
93529,6
93530,8
93531,2
93532,3
93533,5
93534,7
93535,7
93536,5
93537,5
93538,10
93539,4
93540,8
93541,1
93542,6
93543,6
93544,7
93545,4
93546,6
93547,9
93548,10
93549,5
93550,4
93551,8
93552,5
93553,5
93554,6
93555,7
93556,4
93557,5
93558,7
93559,9
93560,10
93561,3
93562,1
93563,5
93564,5
93565,7
93566,5
93567,4
93568,8
93569,2
93570,7
93571,9
93572,9
93573,9
93574,4
93575,3
93576,7
93577,5
93578,5
93579,10
93580,4
93581,9
93582,2
93583,2
93584,2
93585,2
93586,4
93587,9
93588,4
93589,9
93590,1
93591,5
93592,10
93593,4
93594,8
93595,8
93596,4
93597,9
93598,9
93599,7
93600,3
93601,3
93602,4
93603,4
93604,4
93605,4
93606,4
93607,7
93608,9
93609,1
93610,9
93611,4
93612,1
93613,7
93614,1
93615,2
93616,9
93617,6
93618,9
93619,1
93620,8
93621,5
93622,7
93623,1
93624,9
93625,4
93626,7
93627,7
93628,7
93629,7
93630,1
93631,10
93632,10
93633,10
93634,10
93635,10
93636,5
93637,4
93638,6
93639,7
93640,3
93641,5
93642,7
93643,5
93644,5
93645,10
93646,10
93647,10
93648,6
93649,6
93650,9
93651,6
93652,2
93653,4
93654,5
93655,5
93656,7
93657,4
93658,9
93659,5
93660,5
93661,10
93662,9
93663,4
93664,6
93665,7
93666,5
93667,7
93668,1
93669,6
93670,8
93671,9
93672,1
93673,2
93674,8
93675,1
93676,9
93677,7
93678,5
93679,5
93680,4
93681,10
93682,4
93683,8
93684,5
93685,9
93686,7
93687,1
93688,8
93689,9
93690,2
93691,2
93692,2
93693,1
93694,5
93695,10
93696,7
93697,5
93698,5
93699,7
93700,5
93701,10
93702,10
93703,4
93704,2
93705,8
93706,4
93707,1
93708,7
93709,5
93710,7
93711,9
93712,5
93713,10
93714,10
93715,2
93716,9
93717,3
93718,7
93719,2
93720,9
93721,9
93722,9
93723,4
93724,3
93725,7
93726,10
93727,10
93728,5
93729,7
93730,7
93731,8
93732,9
93733,6
93734,8
93735,1
93736,3
93737,7
93738,6
93739,7
93740,5
93741,6
93742,5
93743,6
93744,4
93745,5
93746,8
93747,8
93748,7
93749,7
93750,7
93751,1
93752,7
93753,10
93754,10
93755,7
93756,7
93757,1
93758,5
93759,5
93760,7
93761,3
93762,9
93763,10
93764,10
93765,5
93766,4
93767,4
93768,2
93769,5
93770,5
93771,10
93772,10
93773,2
93774,8
93775,4
93776,3
93777,5
93778,10
93779,6
93780,1
93781,2
93782,4
93783,8
93784,8
93785,4
93786,9
93787,1
93788,7
93789,7
93790,6
93791,10
93792,10
93793,5
93794,4
93795,4
93796,2
93797,6
93798,5
93799,2
93800,7
93801,7
93802,9
93803,9
93804,1
93805,1
93806,1
93807,3
93808,1
93809,10
93810,7
93811,5
93812,7
93813,10
93814,5
93815,4
93816,8
93817,8
93818,4
93819,5
93820,6
93821,3
93822,9
93823,9
93824,3
93825,9
93826,4
93827,10
93828,1
93829,5
93830,6
93831,8
93832,5
93833,4
93834,5
93835,4
93836,2
93837,9
93838,9
93839,3
93840,2
93841,6
93842,7
93843,2
93844,7
93845,7
93846,7
93847,7
93848,7
93849,7
93850,8
93851,4
93852,7
93853,4
93854,10
93855,3
93856,1
93857,4
93858,10
93859,5
93860,10
93861,5
93862,8
93863,7
93864,1
93865,3
93866,9
93867,9
93868,5
93869,4
93870,5
93871,2
93872,3
93873,9
93874,2
93875,6
93876,8
93877,9
93878,5
93879,6
93880,3
93881,3
93882,5
93883,1
93884,6
93885,5
93886,6
93887,7
93888,7
93889,5
93890,5
93891,7
93892,7
93893,5
93894,5
93895,2
93896,10
93897,4
93898,4
93899,4
93900,4
93901,9
93902,9
93903,8
93904,2
93905,2
93906,3
93907,10
93908,6
93909,10
93910,5
93911,1
93912,9
93913,7
93914,7
93915,5
93916,5
93917,5
93918,5
93919,4
93920,5
93921,5
93922,4
93923,8
93924,5
93925,4
93926,7
93927,7
93928,7
93929,1
93930,5
93931,5
93932,5
93933,4
93934,2
93935,7
93936,6
93937,3
93938,8
93939,10
93940,6
93941,5
93942,5
93943,7
93944,5
93945,8
93946,2
93947,2
93948,9
93949,1
93950,1
93951,1
93952,5
93953,10
93954,10
93955,8
93956,6
93957,2
93958,8
93959,8
93960,2
93961,6
93962,10
93963,7
93964,2
93965,6
93966,7
93967,4
93968,10
93969,10
93970,4
93971,4
93972,6
93973,4
93974,5
93975,2
93976,4
93977,6
93978,7
93979,9
93980,6
93981,2
93982,9
93983,1
93984,7
93985,7
93986,4
93987,9
93988,2
93989,1
93990,6
93991,9
93992,3
93993,3
93994,9
93995,3
93996,7
93997,9
93998,6
93999,5
94000,6
94001,5
94002,5
94003,5
94004,5
94005,5
94006,4
94007,5
94008,6
94009,2
94010,2
94011,4
94012,9
94013,2
94014,7
94015,9
94016,2
94017,2
94018,2
94019,9
94020,9
94021,10
94022,4
94023,2
94024,3
94025,7
94026,5
94027,6
94028,5
94029,7
94030,10
94031,10
94032,10
94033,5
94034,9
94035,9
94036,4
94037,4
94038,4
94039,2
94040,9
94041,2
94042,2
94043,9
94044,1
94045,5
94046,1
94047,9
94048,4
94049,2
94050,10
94051,8
94052,9
94053,9
94054,6
94055,6
94056,9
94057,2
94058,2
94059,8
94060,2
94061,9
94062,1
94063,1
94064,10
94065,5
94066,7
94067,7
94068,7
94069,5
94070,10
94071,5
94072,9
94073,10
94074,5
94075,4
94076,4
94077,3
94078,5
94079,10
94080,1
94081,5
94082,2
94083,6
94084,9
94085,3
94086,1
94087,9
94088,7
94089,5
94090,7
94091,7
94092,10
94093,5
94094,10
94095,10
94096,4
94097,10
94098,10
94099,5
94100,9
94101,6
94102,5
94103,9
94104,2
94105,10
94106,2
94107,2
94108,6
94109,2
94110,2
94111,6
94112,2
94113,8
94114,9
94115,1
94116,7
94117,9
94118,1
94119,5
94120,7
94121,9
94122,4
94123,5
94124,10
94125,2
94126,2
94127,5
94128,5
94129,4
94130,6
94131,4
94132,2
94133,2
94134,9
94135,8
94136,2
94137,9
94138,2
94139,10
94140,7
94141,6
94142,5
94143,5
94144,10
94145,5
94146,7
94147,7
94148,1
94149,1
94150,7
94151,7
94152,8
94153,1
94154,1
94155,5
94156,3
94157,7
94158,7
94159,5
94160,5
94161,10
94162,10
94163,10
94164,10
94165,5
94166,4
94167,6
94168,6
94169,2
94170,2
94171,7
94172,7
94173,2
94174,7
94175,6
94176,6
94177,7
94178,7
94179,7
94180,4
94181,2
94182,10
94183,1
94184,1
94185,8
94186,1
94187,10
94188,9
94189,10
94190,10
94191,5
94192,7
94193,6
94194,5
94195,5
94196,5
94197,10
94198,4
94199,8
94200,5
94201,5
94202,4
94203,10
94204,10
94205,10
94206,4
94207,7
94208,10
94209,9
94210,2
94211,2
94212,6
94213,6
94214,3
94215,5
94216,5
94217,5
94218,5
94219,5
94220,5
94221,5
94222,10
94223,9
94224,5
94225,6
94226,9
94227,5
94228,8
94229,8
94230,7
94231,5
94232,10
94233,10
94234,4
94235,7
94236,2
94237,8
94238,5
94239,5
94240,10
94241,5
94242,10
94243,2
94244,10
94245,10
94246,2
94247,4
94248,9
94249,10
94250,8
94251,1
94252,9
94253,1
94254,10
94255,6
94256,4
94257,9
94258,3
94259,8
94260,9
94261,1
94262,7
94263,1
94264,5
94265,5
94266,5
94267,9
94268,5
94269,10
94270,5
94271,4
94272,9
94273,8
94274,4
94275,4
94276,9
94277,5
94278,4
94279,10
94280,2
94281,9
94282,6
94283,1
94284,8
94285,1
94286,4
94287,10
94288,3
94289,5
94290,10
94291,10
94292,2
94293,2
94294,9
94295,4
94296,4
94297,7
94298,6
94299,9
94300,9
94301,1
94302,5
94303,9
94304,5
94305,8
94306,7
94307,7
94308,7
94309,5
94310,9
94311,5
94312,1
94313,9
94314,9
94315,2
94316,2
94317,2
94318,3
94319,9
94320,2
94321,1
94322,8
94323,1
94324,6
94325,3
94326,9
94327,1
94328,1
94329,6
94330,5
94331,1
94332,1
94333,7
94334,5
94335,7
94336,5
94337,8
94338,5
94339,6
94340,6
94341,10
94342,5
94343,10
94344,10
94345,10
94346,5
94347,10
94348,4
94349,9
94350,6
94351,8
94352,6
94353,4
94354,5
94355,9
94356,5
94357,4
94358,2
94359,8
94360,2
94361,5
94362,5
94363,6
94364,10
94365,10
94366,10
94367,4
94368,4
94369,2
94370,9
94371,5
94372,7
94373,5
94374,6
94375,5
94376,5
94377,10
94378,5
94379,10
94380,4
94381,4
94382,9
94383,3
94384,8
94385,9
94386,7
94387,7
94388,7
94389,7
94390,7
94391,10
94392,5
94393,10
94394,2
94395,7
94396,4
94397,10
94398,10
94399,10
94400,10
94401,7
94402,10
94403,10
94404,6
94405,10
94406,10
94407,10
94408,4
94409,10
94410,4
94411,1
94412,9
94413,9
94414,1
94415,8
94416,5
94417,10
94418,4
94419,1
94420,4
94421,3
94422,8
94423,1
94424,1
94425,4
94426,1
94427,4
94428,10
94429,4
94430,4
94431,8
94432,1
94433,5
94434,5
94435,1
94436,7
94437,5
94438,5
94439,10
94440,10
94441,9
94442,4
94443,5
94444,6
94445,4
94446,10
94447,10
94448,5
94449,10
94450,5
94451,6
94452,4
94453,2
94454,2
94455,2
94456,7
94457,5
94458,8
94459,9
94460,7
94461,5
94462,5
94463,5
94464,10
94465,4
94466,5
94467,5
94468,4
94469,4
94470,2
94471,6
94472,2
94473,2
94474,7
94475,7
94476,6
94477,1
94478,5
94479,1
94480,8
94481,7
94482,2
94483,10
94484,10
94485,4
94486,3
94487,7
94488,5
94489,7
94490,7
94491,5
94492,5
94493,6
94494,10
94495,4
94496,4
94497,4
94498,6
94499,7
94500,7
94501,10
94502,10
94503,10
94504,10
94505,10
94506,10
94507,5
94508,5
94509,6
94510,5
94511,5
94512,5
94513,5
94514,5
94515,6
94516,5
94517,5
94518,5
94519,5
94520,10
94521,5
94522,6
94523,9
94524,4
94525,4
94526,4
94527,8
94528,5
94529,9
94530,6
94531,1
94532,7
94533,7
94534,7
94535,5
94536,5
94537,5
94538,4
94539,1
94540,2
94541,7
94542,5
94543,5
94544,7
94545,8
94546,6
94547,10
94548,7
94549,5
94550,7
94551,10
94552,5
94553,10
94554,10
94555,9
94556,4
94557,4
94558,4
94559,4
94560,8
94561,6
94562,7
94563,1
94564,5
94565,6
94566,8
94567,9
94568,6
94569,4
94570,4
94571,8
94572,6
94573,6
94574,10
94575,1
94576,5
94577,7
94578,5
94579,5
94580,1
94581,5
94582,7
94583,6
94584,7
94585,5
94586,5
94587,10
94588,5
94589,5
94590,5
94591,5
94592,10
94593,4
94594,4
94595,6
94596,3
94597,9
94598,2
94599,7
94600,7
94601,7
94602,4
94603,4
94604,1
94605,10
94606,5
94607,5
94608,10
94609,5
94610,10
94611,5
94612,5
94613,10
94614,5
94615,8
94616,4
94617,7
94618,9
94619,8
94620,6
94621,3
94622,5
94623,4
94624,4
94625,9
94626,10
94627,5
94628,7
94629,5
94630,6
94631,4
94632,6
94633,10
94634,7
94635,9
94636,10
94637,5
94638,7
94639,3
94640,1
94641,10
94642,5
94643,7
94644,5
94645,7
94646,5
94647,6
94648,7
94649,5
94650,1
94651,6
94652,10
94653,5
94654,4
94655,5
94656,10
94657,1
94658,4
94659,4
94660,7
94661,9
94662,1
94663,2
94664,9
94665,8
94666,7
94667,5
94668,1
94669,6
94670,5
94671,7
94672,5
94673,6
94674,5
94675,5
94676,4
94677,4
94678,7
94679,7
94680,5
94681,4
94682,7
94683,8
94684,2
94685,2
94686,9
94687,9
94688,7
94689,7
94690,6
94691,5
94692,4
94693,5
94694,7
94695,6
94696,1
94697,1
94698,1
94699,5
94700,5
94701,10
94702,7
94703,7
94704,10
94705,5
94706,2
94707,4
94708,4
94709,10
94710,10
94711,4
94712,7
94713,6
94714,6
94715,3
94716,1
94717,1
94718,5
94719,7
94720,10
94721,5
94722,10
94723,10
94724,4
94725,5
94726,5
94727,7
94728,1
94729,10
94730,3
94731,1
94732,10
94733,5
94734,5
94735,9
94736,9
94737,4
94738,7
94739,10
94740,2
94741,8
94742,1
94743,1
94744,7
94745,1
94746,7
94747,5
94748,3
94749,1
94750,7
94751,6
94752,5
94753,7
94754,7
94755,5
94756,7
94757,5
94758,10
94759,10
94760,5
94761,10
94762,5
94763,10
94764,10
94765,8
94766,5
94767,4
94768,4
94769,4
94770,2
94771,9
94772,9
94773,2
94774,9
94775,2
94776,7
94777,2
94778,6
94779,9
94780,9
94781,6
94782,9
94783,6
94784,9
94785,6
94786,1
94787,8
94788,8
94789,9
94790,10
94791,8
94792,1
94793,2
94794,9
94795,9
94796,7
94797,1
94798,9
94799,7
94800,6
94801,5
94802,10
94803,4
94804,5
94805,4
94806,4
94807,4
94808,8
94809,9
94810,8
94811,10
94812,4
94813,5
94814,1
94815,7
94816,7
94817,5
94818,10
94819,5
94820,5
94821,5
94822,9
94823,2
94824,9
94825,8
94826,4
94827,9
94828,6
94829,8
94830,9
94831,4
94832,10
94833,4
94834,7
94835,10
94836,10
94837,5
94838,9
94839,4
94840,9
94841,4
94842,7
94843,6
94844,4
94845,5
94846,7
94847,7
94848,5
94849,4
94850,9
94851,4
94852,4
94853,7
94854,2
94855,1
94856,7
94857,8
94858,9
94859,1
94860,5
94861,1
94862,6
94863,6
94864,1
94865,7
94866,1
94867,7
94868,5
94869,5
94870,10
94871,5
94872,4
94873,4
94874,10
94875,8
94876,9
94877,9
94878,10
94879,2
94880,9
94881,4
94882,4
94883,1
94884,2
94885,5
94886,8
94887,6
94888,1
94889,7
94890,6
94891,7
94892,9
94893,5
94894,7
94895,4
94896,6
94897,4
94898,2
94899,4
94900,4
94901,1
94902,9
94903,6
94904,5
94905,5
94906,1
94907,5
94908,5
94909,5
94910,7
94911,7
94912,5
94913,4
94914,8
94915,4
94916,3
94917,7
94918,9
94919,8
94920,9
94921,8
94922,9
94923,7
94924,1
94925,2
94926,10
94927,2
94928,9
94929,3
94930,5
94931,1
94932,1
94933,1
94934,2
94935,7
94936,1
94937,7
94938,10
94939,6
94940,3
94941,9
94942,9
94943,9
94944,10
94945,7
94946,7
94947,9
94948,7
94949,5
94950,5
94951,10
94952,5
94953,5
94954,4
94955,8
94956,4
94957,4
94958,9
94959,1
94960,3
94961,4
94962,7
94963,6
94964,2
94965,2
94966,2
94967,5
94968,5
94969,1
94970,1
94971,7
94972,7
94973,5
94974,5
94975,5
94976,5
94977,5
94978,5
94979,9
94980,9
94981,6
94982,8
94983,8
94984,6
94985,9
94986,8
94987,1
94988,7
94989,1
94990,1
94991,1
94992,2
94993,7
94994,7
94995,5
94996,5
94997,4
94998,6
94999,5
95000,6
95001,3
95002,7
95003,6
95004,7
95005,4
95006,10
95007,10
95008,9
95009,9
95010,4
95011,7
95012,9
95013,4
95014,9
95015,6
95016,7
95017,10
95018,5
95019,6
95020,9
95021,10
95022,1
95023,6
95024,7
95025,2
95026,4
95027,7
95028,7
95029,5
95030,4
95031,4
95032,8
95033,8
95034,7
95035,4
95036,8
95037,1
95038,7
95039,7
95040,7
95041,5
95042,1
95043,1
95044,1
95045,6
95046,7
95047,9
95048,7
95049,7
95050,7
95051,5
95052,10
95053,5
95054,5
95055,10
95056,9
95057,1
95058,1
95059,1
95060,1
95061,3
95062,8
95063,5
95064,10
95065,7
95066,9
95067,5
95068,5
95069,7
95070,10
95071,4
95072,4
95073,2
95074,2
95075,9
95076,6
95077,1
95078,9
95079,2
95080,4
95081,6
95082,5
95083,9
95084,9
95085,3
95086,9
95087,6
95088,6
95089,7
95090,6
95091,4
95092,7
95093,7
95094,3
95095,7
95096,10
95097,10
95098,7
95099,6
95100,7
95101,7
95102,8
95103,1
95104,1
95105,7
95106,7
95107,7
95108,1
95109,8
95110,1
95111,7
95112,7
95113,6
95114,7
95115,7
95116,4
95117,1
95118,7
95119,7
95120,7
95121,1
95122,1
95123,10
95124,10
95125,2
95126,7
95127,7
95128,10
95129,8
95130,5
95131,2
95132,5
95133,7
95134,7
95135,7
95136,7
95137,7
95138,6
95139,7
95140,10
95141,7
95142,7
95143,7
95144,7
95145,6
95146,7
95147,7
95148,1
95149,7
95150,5
95151,5
95152,10
95153,4
95154,5
95155,9
95156,9
95157,3
95158,5
95159,1
95160,1
95161,1
95162,1
95163,6
95164,1
95165,1
95166,6
95167,10
95168,5
95169,5
95170,7
95171,7
95172,5
95173,7
95174,7
95175,1
95176,5
95177,5
95178,10
95179,1
95180,5
95181,5
95182,10
95183,10
95184,10
95185,6
95186,5
95187,10
95188,10
95189,5
95190,9
95191,1
95192,4
95193,1
95194,1
95195,1
95196,1
95197,6
95198,1
95199,1
95200,4
95201,1
95202,6
95203,6
95204,1
95205,8
95206,10
95207,3
95208,5
95209,1
95210,7
95211,6
95212,7
95213,6
95214,7
95215,7
95216,10
95217,5
95218,7
95219,5
95220,4
95221,9
95222,6
95223,1
95224,7
95225,7
95226,8
95227,1
95228,10
95229,10
95230,5
95231,10
95232,5
95233,6
95234,5
95235,3
95236,5
95237,7
95238,5
95239,10
95240,10
95241,4
95242,4
95243,5
95244,5
95245,4
95246,9
95247,9
95248,10
95249,5
95250,5
95251,2
95252,2
95253,6
95254,9
95255,7
95256,7
95257,5
95258,6
95259,5
95260,10
95261,6
95262,2
95263,4
95264,2
95265,2
95266,2
95267,2
95268,10
95269,8
95270,9
95271,2
95272,2
95273,4
95274,9
95275,8
95276,9
95277,8
95278,4
95279,2
95280,6
95281,9
95282,1
95283,5
95284,5
95285,10
95286,5
95287,5
95288,5
95289,9
95290,5
95291,5
95292,5
95293,4
95294,5
95295,4
95296,2
95297,8
95298,8
95299,8
95300,7
95301,8
95302,6
95303,8
95304,5
95305,1
95306,6
95307,7
95308,7
95309,10
95310,9
95311,10
95312,5
95313,9
95314,5
95315,4
95316,6
95317,2
95318,2
95319,5
95320,9
95321,9
95322,8
95323,6
95324,1
95325,1
95326,5
95327,5
95328,7
95329,10
95330,9
95331,5
95332,8
95333,9
95334,10
95335,9
95336,8
95337,9
95338,2
95339,2
95340,9
95341,9
95342,8
95343,5
95344,9
95345,4
95346,8
95347,1
95348,5
95349,5
95350,1
95351,6
95352,1
95353,5
95354,5
95355,7
95356,10
95357,9
95358,10
95359,5
95360,6
95361,10
95362,5
95363,8
95364,5
95365,5
95366,4
95367,4
95368,2
95369,1
95370,1
95371,8
95372,5
95373,7
95374,7
95375,10
95376,2
95377,10
95378,9
95379,9
95380,1
95381,5
95382,10
95383,7
95384,1
95385,5
95386,5
95387,10
95388,5
95389,8
95390,4
95391,4
95392,5
95393,4
95394,1
95395,9
95396,5
95397,1
95398,2
95399,8
95400,10
95401,9
95402,10
95403,1
95404,6
95405,4
95406,1
95407,5
95408,5
95409,7
95410,7
95411,8
95412,4
95413,7
95414,7
95415,4
95416,1
95417,7
95418,6
95419,7
95420,7
95421,7
95422,1
95423,7
95424,7
95425,6
95426,1
95427,6
95428,1
95429,7
95430,6
95431,7
95432,7
95433,5
95434,8
95435,8
95436,5
95437,5
95438,7
95439,4
95440,5
95441,5
95442,5
95443,5
95444,5
95445,8
95446,7
95447,7
95448,2
95449,7
95450,1
95451,2
95452,2
95453,7
95454,2
95455,1
95456,2
95457,8
95458,7
95459,7
95460,7
95461,1
95462,7
95463,7
95464,7
95465,7
95466,7
95467,8
95468,7
95469,1
95470,1
95471,5
95472,9
95473,5
95474,3
95475,7
95476,5
95477,5
95478,10
95479,5
95480,4
95481,5
95482,9
95483,10
95484,10
95485,10
95486,10
95487,10
95488,10
95489,8
95490,9
95491,1
95492,1
95493,8
95494,1
95495,5
95496,5
95497,2
95498,9
95499,7
95500,5
95501,1
95502,9
95503,5
95504,5
95505,10
95506,8
95507,8
95508,4
95509,8
95510,2
95511,9
95512,8
95513,7
95514,6
95515,7
95516,10
95517,5
95518,2
95519,2
95520,4
95521,10
95522,10
95523,10
95524,9
95525,9
95526,9
95527,10
95528,5
95529,5
95530,9
95531,5
95532,4
95533,10
95534,6
95535,8
95536,9
95537,5
95538,5
95539,4
95540,4
95541,2
95542,2
95543,2
95544,10
95545,9
95546,10
95547,10
95548,5
95549,8
95550,6
95551,1
95552,5
95553,5
95554,8
95555,5
95556,1
95557,7
95558,2
95559,5
95560,10
95561,9
95562,4
95563,5
95564,4
95565,9
95566,1
95567,4
95568,6
95569,7
95570,5
95571,10
95572,6
95573,5
95574,5
95575,2
95576,4
95577,4
95578,2
95579,2
95580,9
95581,7
95582,9
95583,9
95584,7
95585,1
95586,1
95587,9
95588,9
95589,9
95590,9
95591,9
95592,9
95593,2
95594,2
95595,2
95596,2
95597,9
95598,2
95599,9
95600,4
95601,5
95602,5
95603,2
95604,9
95605,7
95606,8
95607,1
95608,1
95609,1
95610,6
95611,4
95612,5
95613,7
95614,10
95615,6
95616,5
95617,6
95618,1
95619,8
95620,9
95621,8
95622,1
95623,7
95624,7
95625,1
95626,4
95627,7
95628,1
95629,5
95630,9
95631,10
95632,5
95633,5
95634,5
95635,6
95636,10
95637,9
95638,7
95639,5
95640,10
95641,5
95642,5
95643,1
95644,1
95645,1
95646,1
95647,7
95648,5
95649,6
95650,5
95651,6
95652,6
95653,5
95654,6
95655,4
95656,4
95657,8
95658,7
95659,5
95660,2
95661,6
95662,9
95663,3
95664,5
95665,1
95666,8
95667,10
95668,10
95669,5
95670,10
95671,5
95672,5
95673,10
95674,10
95675,10
95676,10
95677,10
95678,6
95679,10
95680,10
95681,3
95682,1
95683,5
95684,5
95685,5
95686,5
95687,7
95688,1
95689,5
95690,6
95691,10
95692,6
95693,5
95694,5
95695,4
95696,4
95697,9
95698,10
95699,10
95700,1
95701,4
95702,4
95703,8
95704,10
95705,4
95706,6
95707,6
95708,7
95709,1
95710,8
95711,4
95712,9
95713,4
95714,4
95715,4
95716,4
95717,4
95718,8
95719,9
95720,10
95721,1
95722,5
95723,6
95724,5
95725,9
95726,1
95727,3
95728,5
95729,6
95730,7
95731,10
95732,5
95733,2
95734,10
95735,8
95736,8
95737,8
95738,2
95739,7
95740,9
95741,4
95742,6
95743,9
95744,8
95745,3
95746,5
95747,5
95748,8
95749,7
95750,8
95751,5
95752,5
95753,5
95754,10
95755,5
95756,10
95757,10
95758,4
95759,5
95760,4
95761,9
95762,2
95763,7
95764,5
95765,10
95766,6
95767,10
95768,10
95769,10
95770,10
95771,10
95772,10
95773,10
95774,10
95775,10
95776,10
95777,2
95778,6
95779,9
95780,9
95781,9
95782,4
95783,5
95784,5
95785,9
95786,6
95787,10
95788,8
95789,9
95790,5
95791,7
95792,7
95793,7
95794,7
95795,7
95796,8
95797,7
95798,10
95799,10
95800,6
95801,1
95802,1
95803,10
95804,2
95805,4
95806,1
95807,8
95808,10
95809,3
95810,1
95811,5
95812,2
95813,2
95814,7
95815,5
95816,2
95817,5
95818,10
95819,10
95820,10
95821,9
95822,4
95823,3
95824,8
95825,1
95826,1
95827,6
95828,1
95829,1
95830,5
95831,1
95832,9
95833,5
95834,6
95835,7
95836,7
95837,5
95838,7
95839,5
95840,6
95841,5
95842,3
95843,7
95844,2
95845,10
95846,5
95847,9
95848,9
95849,10
95850,10
95851,10
95852,5
95853,5
95854,5
95855,5
95856,2
95857,2
95858,9
95859,5
95860,5
95861,5
95862,4
95863,5
95864,5
95865,4
95866,9
95867,9
95868,9
95869,3
95870,8
95871,1
95872,4
95873,9
95874,2
95875,9
95876,6
95877,1
95878,1
95879,2
95880,2
95881,9
95882,7
95883,1
95884,7
95885,4
95886,7
95887,5
95888,7
95889,6
95890,7
95891,5
95892,10
95893,2
95894,10
95895,3
95896,5
95897,9
95898,9
95899,9
95900,9
95901,6
95902,2
95903,4
95904,4
95905,9
95906,9
95907,4
95908,4
95909,4
95910,10
95911,10
95912,4
95913,4
95914,8
95915,4
95916,9
95917,8
95918,7
95919,7
95920,5
95921,4
95922,1
95923,4
95924,4
95925,9
95926,6
95927,3
95928,3
95929,10
95930,6
95931,1
95932,6
95933,5
95934,7
95935,4
95936,10
95937,5
95938,10
95939,9
95940,4
95941,5
95942,3
95943,1
95944,1
95945,7
95946,1
95947,1
95948,6
95949,4
95950,9
95951,1
95952,6
95953,7
95954,5
95955,7
95956,7
95957,9
95958,10
95959,1
95960,10
95961,10
95962,10
95963,1
95964,5
95965,4
95966,4
95967,3
95968,7
95969,6
95970,9
95971,1
95972,1
95973,6
95974,4
95975,9
95976,9
95977,6
95978,7
95979,10
95980,9
95981,4
95982,5
95983,10
95984,3
95985,1
95986,1
95987,3
95988,9
95989,3
95990,5
95991,1
95992,7
95993,3
95994,7
95995,7
95996,7
95997,7
95998,5
95999,5
96000,2
96001,5
96002,4
96003,9
96004,4
96005,9
96006,8
96007,1
96008,7
96009,10
96010,2
96011,6
96012,5
96013,3
96014,2
96015,8
96016,6
96017,7
96018,6
96019,8
96020,10
96021,5
96022,5
96023,7
96024,1
96025,7
96026,7
96027,8
96028,1
96029,6
96030,10
96031,6
96032,3
96033,1
96034,6
96035,5
96036,10
96037,7
96038,5
96039,10
96040,5
96041,5
96042,4
96043,7
96044,7
96045,1
96046,7
96047,9
96048,6
96049,5
96050,7
96051,5
96052,5
96053,5
96054,4
96055,7
96056,7
96057,7
96058,9
96059,10
96060,10
96061,6
96062,6
96063,8
96064,6
96065,1
96066,5
96067,9
96068,5
96069,7
96070,2
96071,6
96072,1
96073,5
96074,7
96075,6
96076,5
96077,4
96078,10
96079,5
96080,10
96081,5
96082,1
96083,4
96084,8
96085,2
96086,5
96087,1
96088,9
96089,10
96090,10
96091,6
96092,9
96093,2
96094,6
96095,6
96096,1
96097,1
96098,9
96099,5
96100,1
96101,5
96102,1
96103,7
96104,7
96105,9
96106,5
96107,5
96108,7
96109,10
96110,5
96111,5
96112,5
96113,5
96114,3
96115,1
96116,7
96117,8
96118,9
96119,7
96120,6
96121,9
96122,6
96123,1
96124,7
96125,9
96126,3
96127,3
96128,5
96129,1
96130,7
96131,7
96132,7
96133,5
96134,5
96135,7
96136,10
96137,8
96138,2
96139,6
96140,4
96141,6
96142,4
96143,10
96144,2
96145,8
96146,8
96147,7
96148,1
96149,3
96150,9
96151,2
96152,8
96153,7
96154,5
96155,10
96156,10
96157,10
96158,4
96159,2
96160,9
96161,8
96162,7
96163,10
96164,4
96165,4
96166,2
96167,7
96168,7
96169,10
96170,9
96171,1
96172,1
96173,7
96174,5
96175,5
96176,5
96177,4
96178,4
96179,1
96180,4
96181,5
96182,1
96183,3
96184,7
96185,1
96186,6
96187,10
96188,7
96189,6
96190,7
96191,5
96192,10
96193,5
96194,10
96195,5
96196,8
96197,4
96198,2
96199,4
96200,5
96201,6
96202,8
96203,9
96204,5
96205,5
96206,10
96207,10
96208,1
96209,7
96210,6
96211,6
96212,6
96213,4
96214,3
96215,5
96216,1
96217,9
96218,5
96219,7
96220,5
96221,5
96222,5
96223,1
96224,2
96225,2
96226,7
96227,9
96228,6
96229,7
96230,5
96231,5
96232,5
96233,7
96234,1
96235,9
96236,4
96237,7
96238,3
96239,8
96240,1
96241,2
96242,9
96243,10
96244,9
96245,3
96246,6
96247,9
96248,1
96249,1
96250,5
96251,1
96252,1
96253,2
96254,2
96255,7
96256,7
96257,9
96258,8
96259,4
96260,8
96261,9
96262,5
96263,7
96264,6
96265,5
96266,7
96267,3
96268,7
96269,7
96270,9
96271,9
96272,5
96273,4
96274,10
96275,2
96276,5
96277,6
96278,10
96279,5
96280,5
96281,2
96282,4
96283,4
96284,8
96285,9
96286,4
96287,4
96288,9
96289,4
96290,9
96291,8
96292,9
96293,3
96294,6
96295,5
96296,6
96297,2
96298,6
96299,9
96300,8
96301,10
96302,7
96303,1
96304,2
96305,2
96306,7
96307,5
96308,2
96309,5
96310,5
96311,7
96312,10
96313,9
96314,7
96315,7
96316,2
96317,9
96318,10
96319,9
96320,8
96321,10
96322,4
96323,9
96324,2
96325,3
96326,9
96327,1
96328,6
96329,9
96330,10
96331,5
96332,9
96333,7
96334,1
96335,10
96336,8
96337,6
96338,5
96339,7
96340,6
96341,7
96342,5
96343,10
96344,4
96345,5
96346,6
96347,8
96348,4
96349,8
96350,4
96351,9
96352,9
96353,2
96354,6
96355,10
96356,10
96357,8
96358,8
96359,8
96360,4
96361,3
96362,4
96363,8
96364,7
96365,9
96366,8
96367,1
96368,5
96369,10
96370,10
96371,10
96372,4
96373,4
96374,9
96375,9
96376,1
96377,5
96378,5
96379,2
96380,8
96381,7
96382,7
96383,7
96384,5
96385,10
96386,5
96387,2
96388,9
96389,9
96390,9
96391,4
96392,2
96393,6
96394,3
96395,9
96396,3
96397,7
96398,1
96399,8
96400,6
96401,7
96402,10
96403,2
96404,7
96405,5
96406,5
96407,5
96408,5
96409,10
96410,10
96411,5
96412,5
96413,10
96414,5
96415,4
96416,5
96417,2
96418,9
96419,7
96420,9
96421,9
96422,1
96423,1
96424,6
96425,7
96426,7
96427,1
96428,10
96429,7
96430,7
96431,7
96432,7
96433,7
96434,5
96435,1
96436,7
96437,1
96438,1
96439,7
96440,1
96441,7
96442,4
96443,5
96444,5
96445,7
96446,7
96447,8
96448,4
96449,6
96450,10
96451,2
96452,1
96453,5
96454,1
96455,5
96456,7
96457,5
96458,7
96459,8
96460,10
96461,10
96462,10
96463,10
96464,4
96465,4
96466,10
96467,7
96468,7
96469,9
96470,7
96471,2
96472,6
96473,10
96474,2
96475,2
96476,5
96477,5
96478,2
96479,7
96480,9
96481,8
96482,7
96483,2
96484,9
96485,7
96486,4
96487,10
96488,7
96489,7
96490,5
96491,1
96492,10
96493,1
96494,5
96495,3
96496,1
96497,5
96498,7
96499,5
96500,6
96501,1
96502,3
96503,4
96504,1
96505,5
96506,2
96507,4
96508,2
96509,2
96510,10
96511,10
96512,2
96513,8
96514,9
96515,4
96516,4
96517,8
96518,9
96519,3
96520,5
96521,5
96522,5
96523,10
96524,10
96525,4
96526,4
96527,4
96528,7
96529,9
96530,9
96531,1
96532,9
96533,7
96534,8
96535,10
96536,5
96537,5
96538,10
96539,2
96540,8
96541,4
96542,9
96543,4
96544,2
96545,6
96546,7
96547,10
96548,6
96549,8
96550,9
96551,1
96552,7
96553,1
96554,2
96555,2
96556,7
96557,7
96558,7
96559,10
96560,1
96561,10
96562,9
96563,10
96564,10
96565,10
96566,10
96567,10
96568,5
96569,5
96570,1
96571,4
96572,5
96573,4
96574,5
96575,8
96576,1
96577,2
96578,2
96579,2
96580,2
96581,2
96582,2
96583,4
96584,4
96585,2
96586,5
96587,2
96588,2
96589,1
96590,7
96591,7
96592,10
96593,10
96594,6
96595,7
96596,7
96597,10
96598,5
96599,9
96600,4
96601,5
96602,9
96603,7
96604,4
96605,6
96606,5
96607,10
96608,10
96609,2
96610,7
96611,5
96612,6
96613,10
96614,9
96615,4
96616,6
96617,4
96618,9
96619,1
96620,10
96621,2
96622,2
96623,7
96624,3
96625,1
96626,8
96627,10
96628,5
96629,2
96630,10
96631,10
96632,10
96633,5
96634,6
96635,7
96636,5
96637,8
96638,1
96639,1
96640,10
96641,9
96642,7
96643,8
96644,5
96645,5
96646,7
96647,10
96648,10
96649,10
96650,10
96651,10
96652,10
96653,10
96654,6
96655,4
96656,4
96657,9
96658,4
96659,5
96660,9
96661,4
96662,9
96663,4
96664,9
96665,8
96666,8
96667,10
96668,9
96669,2
96670,9
96671,4
96672,10
96673,4
96674,4
96675,2
96676,2
96677,9
96678,2
96679,2
96680,10
96681,9
96682,9
96683,10
96684,10
96685,10
96686,10
96687,10
96688,10
96689,7
96690,1
96691,9
96692,5
96693,5
96694,10
96695,5
96696,5
96697,10
96698,6
96699,4
96700,4
96701,5
96702,8
96703,8
96704,9
96705,8
96706,9
96707,5
96708,10
96709,10
96710,5
96711,10
96712,2
96713,10
96714,2
96715,7
96716,3
96717,5
96718,5
96719,5
96720,5
96721,1
96722,6
96723,5
96724,10
96725,5
96726,5
96727,4
96728,10
96729,1
96730,6
96731,4
96732,4
96733,10
96734,9
96735,1
96736,10
96737,10
96738,10
96739,10
96740,10
96741,10
96742,10
96743,1
96744,10
96745,1
96746,4
96747,7
96748,1
96749,6
96750,5
96751,10
96752,5
96753,5
96754,5
96755,5
96756,10
96757,10
96758,9
96759,9
96760,5
96761,4
96762,8
96763,9
96764,4
96765,4
96766,4
96767,4
96768,4
96769,1
96770,8
96771,9
96772,6
96773,1
96774,3
96775,7
96776,9
96777,9
96778,9
96779,1
96780,2
96781,5
96782,9
96783,10
96784,5
96785,2
96786,2
96787,2
96788,10
96789,8
96790,2
96791,9
96792,8
96793,4
96794,8
96795,4
96796,4
96797,6
96798,5
96799,4
96800,5
96801,9
96802,1
96803,6
96804,8
96805,5
96806,10
96807,1
96808,3
96809,7
96810,10
96811,5
96812,2
96813,5
96814,5
96815,10
96816,5
96817,4
96818,9
96819,1
96820,8
96821,5
96822,1
96823,7
96824,10
96825,6
96826,5
96827,10
96828,6
96829,4
96830,3
96831,10
96832,10
96833,5
96834,2
96835,2
96836,10
96837,4
96838,5
96839,9
96840,10
96841,10
96842,6
96843,10
96844,2
96845,9
96846,4
96847,5
96848,5
96849,5
96850,1
96851,5
96852,6
96853,6
96854,7
96855,7
96856,10
96857,10
96858,5
96859,4
96860,4
96861,8
96862,4
96863,4
96864,9
96865,1
96866,6
96867,9
96868,4
96869,9
96870,9
96871,7
96872,10
96873,10
96874,5
96875,2
96876,9
96877,10
96878,4
96879,9
96880,4
96881,5
96882,3
96883,5
96884,7
96885,7
96886,10
96887,5
96888,8
96889,4
96890,5
96891,6
96892,5
96893,4
96894,5
96895,5
96896,4
96897,1
96898,5
96899,7
96900,7
96901,3
96902,3
96903,4
96904,9
96905,5
96906,10
96907,8
96908,4
96909,4
96910,4
96911,5
96912,10
96913,5
96914,5
96915,8
96916,5
96917,9
96918,2
96919,4
96920,9
96921,4
96922,5
96923,2
96924,9
96925,9
96926,5
96927,4
96928,9
96929,10
96930,8
96931,10
96932,7
96933,10
96934,5
96935,2
96936,4
96937,4
96938,9
96939,8
96940,4
96941,8
96942,5
96943,4
96944,5
96945,7
96946,5
96947,7
96948,10
96949,5
96950,7
96951,7
96952,10
96953,10
96954,10
96955,10
96956,10
96957,8
96958,4
96959,4
96960,4
96961,6
96962,9
96963,4
96964,2
96965,8
96966,8
96967,2
96968,4
96969,9
96970,1
96971,10
96972,10
96973,10
96974,10
96975,4
96976,4
96977,5
96978,4
96979,5
96980,6
96981,4
96982,5
96983,9
96984,9
96985,9
96986,6
96987,1
96988,1
96989,6
96990,2
96991,9
96992,2
96993,4
96994,8
96995,8
96996,4
96997,9
96998,4
96999,10
97000,7
97001,10
97002,5
97003,10
97004,5
97005,7
97006,5
97007,8
97008,7
97009,6
97010,7
97011,1
97012,9
97013,8
97014,6
97015,2
97016,8
97017,1
97018,5
97019,7
97020,5
97021,10
97022,8
97023,9
97024,4
97025,10
97026,6
97027,10
97028,9
97029,10
97030,10
97031,1
97032,5
97033,5
97034,5
97035,8
97036,5
97037,7
97038,7
97039,10
97040,10
97041,5
97042,4
97043,10
97044,10
97045,9
97046,8
97047,5
97048,8
97049,10
97050,10
97051,10
97052,5
97053,10
97054,10
97055,1
97056,10
97057,2
97058,2
97059,8
97060,10
97061,9
97062,9
97063,10
97064,1
97065,1
97066,9
97067,9
97068,9
97069,6
97070,9
97071,9
97072,7
97073,5
97074,10
97075,5
97076,7
97077,7
97078,1
97079,5
97080,5
97081,5
97082,5
97083,7
97084,5
97085,2
97086,10
97087,10
97088,10
97089,8
97090,8
97091,5
97092,10
97093,10
97094,10
97095,4
97096,1
97097,4
97098,10
97099,1
97100,9
97101,2
97102,5
97103,5
97104,6
97105,6
97106,2
97107,2
97108,4
97109,10
97110,8
97111,4
97112,5
97113,9
97114,10
97115,4
97116,10
97117,5
97118,9
97119,1
97120,5
97121,5
97122,10
97123,10
97124,10
97125,4
97126,1
97127,9
97128,10
97129,10
97130,10
97131,5
97132,2
97133,8
97134,9
97135,5
97136,4
97137,2
97138,4
97139,6
97140,9
97141,9
97142,10
97143,6
97144,2
97145,5
97146,2
97147,5
97148,5
97149,10
97150,8
97151,4
97152,4
97153,5
97154,8
97155,1
97156,10
97157,10
97158,8
97159,5
97160,10
97161,10
97162,5
97163,7
97164,2
97165,10
97166,8
97167,4
97168,5
97169,2
97170,5
97171,2
97172,9
97173,5
97174,8
97175,5
97176,5
97177,5
97178,10
97179,8
97180,9
97181,2
97182,9
97183,5
97184,6
97185,5
97186,6
97187,5
97188,10
97189,10
97190,5
97191,6
97192,10
97193,10
97194,4
97195,5
97196,10
97197,4
97198,3
97199,8
97200,10
97201,5
97202,7
97203,1
97204,6
97205,2
97206,4
97207,7
97208,3
97209,10
97210,5
97211,4
97212,4
97213,2
97214,8
97215,10
97216,10
97217,2
97218,10
97219,8
97220,8
97221,3
97222,2
97223,2
97224,10
97225,4
97226,4
97227,9
97228,4
97229,4
97230,8
97231,6
97232,9
97233,4
97234,4
97235,5
97236,6
97237,6
97238,5
97239,2
97240,1
97241,7
97242,1
97243,1
97244,5
97245,5
97246,5
97247,4
97248,4
97249,5
97250,4
97251,9
97252,8
97253,2
97254,2
97255,4
97256,4
97257,4
97258,9
97259,5
97260,10
97261,10
97262,10
97263,10
97264,10
97265,6
97266,6
97267,9
97268,8
97269,3
97270,9
97271,10
97272,5
97273,1
97274,5
97275,10
97276,9
97277,4
97278,4
97279,5
97280,6
97281,5
97282,9
97283,10
97284,10
97285,9
97286,5
97287,10
97288,5
97289,10
97290,1
97291,5
97292,5
97293,2
97294,9
97295,7
97296,7
97297,4
97298,10
97299,10
97300,4
97301,6
97302,10
97303,10
97304,6
97305,5
97306,7
97307,5
97308,10
97309,9
97310,5
97311,10
97312,10
97313,9
97314,10
97315,8
97316,6
97317,5
97318,4
97319,5
97320,5
97321,2
97322,7
97323,5
97324,5
97325,7
97326,8
97327,5
97328,6
97329,5
97330,5
97331,5
97332,10
97333,5
97334,4
97335,4
97336,2
97337,6
97338,9
97339,8
97340,10
97341,10
97342,4
97343,8
97344,10
97345,4
97346,4
97347,8
97348,10
97349,5
97350,5
97351,1
97352,5
97353,6
97354,10
97355,5
97356,7
97357,5
97358,10
97359,7
97360,5
97361,4
97362,8
97363,8
97364,7
97365,7
97366,4
97367,8
97368,5
97369,1
97370,6
97371,10
97372,7
97373,10
97374,5
97375,5
97376,10
97377,5
97378,4
97379,5
97380,4
97381,4
97382,8
97383,7
97384,7
97385,5
97386,10
97387,10
97388,5
97389,10
97390,10
97391,10
97392,10
97393,4
97394,10
97395,10
97396,10
97397,10
97398,5
97399,10
97400,10
97401,8
97402,4
97403,8
97404,6
97405,5
97406,10
97407,6
97408,5
97409,10
97410,4
97411,4
97412,6
97413,6
97414,4
97415,10
97416,10
97417,4
97418,4
97419,4
97420,6
97421,5
97422,9
97423,5
97424,10
97425,5
97426,5
97427,10
97428,5
97429,4
97430,4
97431,4
97432,4
97433,8
97434,4
97435,5
97436,4
97437,1
97438,10
97439,5
97440,5
97441,10
97442,9
97443,10
97444,10
97445,9
97446,4
97447,4
97448,9
97449,10
97450,10
97451,10
97452,10
97453,10
97454,10
97455,10
97456,10
97457,10
97458,10
97459,10
97460,10
97461,10
97462,10
97463,10
97464,10
97465,10
97466,10
97467,10
97468,10
97469,10
97470,10
97471,10
97472,10
97473,10
97474,10
97475,10
97476,10
97477,4
97478,10
97479,8
97480,8
97481,7
97482,4
97483,2
97484,5
97485,10
97486,9
97487,9
97488,2
97489,2
97490,10
97491,4
97492,5
97493,9
97494,9
97495,3
97496,4
97497,4
97498,7
97499,4
97500,9
97501,5
97502,5
97503,5
97504,5
97505,8
97506,8
97507,5
97508,4
97509,5
97510,8
97511,5
97512,5
97513,7
97514,10
97515,5
97516,10
97517,4
97518,4
97519,9
97520,4
97521,6
97522,4
97523,4
97524,8
97525,3
97526,10
97527,5
97528,4
97529,4
97530,10
97531,5
97532,7
97533,6
97534,4
97535,4
97536,8
97537,5
97538,9
97539,8
97540,5
97541,6
97542,9
97543,8
97544,5
97545,4
97546,9
97547,10
97548,4
97549,3
97550,4
97551,5
97552,5
97553,10
97554,5
97555,5
97556,4
97557,4
97558,4
97559,5
97560,9
97561,9
97562,9
97563,6
97564,7
97565,10
97566,10
97567,2
97568,4
97569,4
97570,8
97571,5
97572,5
97573,5
97574,5
97575,4
97576,4
97577,5
97578,6
97579,5
97580,4
97581,5
97582,6
97583,1
97584,1
97585,4
97586,3
97587,2
97588,2
97589,5
97590,5
97591,10
97592,5
97593,9
97594,5
97595,4
97596,5
97597,4
97598,4
97599,4
97600,3
97601,5
97602,7
97603,9
97604,9
97605,5
97606,5
97607,4
97608,5
97609,8
97610,5
97611,6
97612,4
97613,5
97614,1
97615,5
97616,2
97617,10
97618,5
97619,7
97620,5
97621,4
97622,4
97623,4
97624,4
97625,5
97626,1
97627,4
97628,5
97629,10
97630,5
97631,9
97632,4
97633,4
97634,4
97635,7
97636,9
97637,9
97638,10
97639,5
97640,8
97641,5
97642,1
97643,1
97644,5
97645,5
97646,6
97647,6
97648,7
97649,10
97650,10
97651,10
97652,4
97653,4
97654,5
97655,10
97656,4
97657,8
97658,3
97659,1
97660,5
97661,5
97662,5
97663,6
97664,4
97665,4
97666,7
97667,5
97668,2
97669,4
97670,2
97671,5
97672,4
97673,9
97674,6
97675,9
97676,6
97677,9
97678,9
97679,2
97680,5
97681,7
97682,8
97683,4
97684,10
97685,5
97686,5
97687,10
97688,9
97689,4
97690,9
97691,8
97692,2
97693,9
97694,4
97695,8
97696,8
97697,9
97698,4
97699,4
97700,8
97701,4
97702,2
97703,9
97704,1
97705,9
97706,10
97707,4
97708,5
97709,10
97710,10
97711,10
97712,9
97713,6
97714,2
97715,2
97716,8
97717,10
97718,5
97719,5
97720,5
97721,4
97722,4
97723,9
97724,5
97725,5
97726,2
97727,9
97728,4
97729,4
97730,3
97731,10
97732,2
97733,7
97734,5
97735,10
97736,6
97737,8
97738,4
97739,4
97740,4
97741,4
97742,8
97743,2
97744,9
97745,8
97746,10
97747,3
97748,2
97749,2
97750,5
97751,4
97752,10
97753,7
97754,1
97755,2
97756,5
97757,2
97758,9
97759,2
97760,4
97761,1
97762,10
97763,6
97764,5
97765,5
97766,6
97767,10
97768,5
97769,4
97770,7
97771,7
97772,6
97773,4
97774,9
97775,8
97776,2
97777,8
97778,7
97779,5
97780,10
97781,10
97782,10
97783,10
97784,9
97785,7
97786,3
97787,7
97788,5
97789,10
97790,4
97791,5
97792,10
97793,5
97794,3
97795,5
97796,10
97797,7
97798,4
97799,10
97800,6
97801,9
97802,5
97803,5
97804,7
97805,2
97806,5
97807,10
97808,10
97809,2
97810,2
97811,4
97812,2
97813,2
97814,8
97815,2
97816,6
97817,5
97818,5
97819,10
97820,6
97821,4
97822,10
97823,5
97824,10
97825,10
97826,1
97827,4
97828,5
97829,3
97830,3
97831,1
97832,7
97833,2
97834,7
97835,7
97836,4
97837,2
97838,10
97839,4
97840,8
97841,4
97842,8
97843,9
97844,1
97845,5
97846,8
97847,4
97848,4
97849,4
97850,10
97851,1
97852,1
97853,5
97854,5
97855,10
97856,10
97857,10
97858,8
97859,4
97860,4
97861,4
97862,6
97863,4
97864,8
97865,3
97866,4
97867,2
97868,10
97869,10
97870,10
97871,10
97872,2
97873,4
97874,6
97875,10
97876,5
97877,6
97878,6
97879,5
97880,7
97881,10
97882,5
97883,5
97884,10
97885,6
97886,4
97887,10
97888,9
97889,2
97890,9
97891,7
97892,2
97893,10
97894,5
97895,2
97896,6
97897,10
97898,4
97899,8
97900,6
97901,10
97902,7
97903,2
97904,7
97905,10
97906,10
97907,5
97908,10
97909,4
97910,6
97911,5
97912,5
97913,5
97914,9
97915,7
97916,10
97917,6
97918,10
97919,5
97920,10
97921,2
97922,8
97923,8
97924,4
97925,4
97926,8
97927,1
97928,5
97929,5
97930,4
97931,10
97932,10
97933,8
97934,4
97935,4
97936,4
97937,2
97938,10
97939,10
97940,9
97941,1
97942,2
97943,2
97944,2
97945,5
97946,7
97947,10
97948,10
97949,4
97950,4
97951,5
97952,6
97953,8
97954,7
97955,8
97956,9
97957,10
97958,10
97959,9
97960,2
97961,5
97962,2
97963,10
97964,2
97965,4
97966,9
97967,9
97968,5
97969,1
97970,9
97971,5
97972,7
97973,10
97974,10
97975,10
97976,10
97977,5
97978,10
97979,10
97980,5
97981,4
97982,4
97983,9
97984,5
97985,4
97986,4
97987,10
97988,1
97989,5
97990,10
97991,10
97992,10
97993,5
97994,4
97995,5
97996,5
97997,1
97998,7
97999,5
98000,10
98001,2
98002,8
98003,6
98004,4
98005,8
98006,5
98007,10
98008,10
98009,5
98010,2
98011,8
98012,4
98013,2
98014,5
98015,3
98016,5
98017,2
98018,10
98019,10
98020,2
98021,4
98022,4
98023,8
98024,1
98025,5
98026,5
98027,2
98028,5
98029,4
98030,8
98031,6
98032,10
98033,8
98034,3
98035,5
98036,5
98037,5
98038,7
98039,5
98040,5
98041,10
98042,6
98043,2
98044,8
98045,5
98046,4
98047,4
98048,8
98049,9
98050,7
98051,9
98052,8
98053,5
98054,4
98055,5
98056,7
98057,10
98058,5
98059,5
98060,6
98061,4
98062,9
98063,10
98064,5
98065,6
98066,10
98067,8
98068,2
98069,9
98070,1
98071,7
98072,1
98073,5
98074,7
98075,10
98076,10
98077,10
98078,10
98079,10
98080,10
98081,5
98082,9
98083,8
98084,4
98085,4
98086,5
98087,2
98088,2
98089,9
98090,9
98091,2
98092,10
98093,10
98094,10
98095,6
98096,10
98097,8
98098,10
98099,8
98100,4
98101,4
98102,10
98103,8
98104,10
98105,7
98106,4
98107,7
98108,5
98109,4
98110,5
98111,10
98112,9
98113,10
98114,7
98115,10
98116,1
98117,7
98118,1
98119,7
98120,5
98121,5
98122,6
98123,5
98124,4
98125,5
98126,10
98127,6
98128,9
98129,4
98130,4
98131,10
98132,1
98133,5
98134,8
98135,5
98136,5
98137,10
98138,5
98139,5
98140,5
98141,5
98142,5
98143,4
98144,4
98145,9
98146,4
98147,5
98148,9
98149,5
98150,5
98151,7
98152,6
98153,5
98154,10
98155,6
98156,2
98157,8
98158,4
98159,4
98160,2
98161,1
98162,6
98163,7
98164,7
98165,1
98166,5
98167,5
98168,10
98169,8
98170,4
98171,6
98172,4
98173,7
98174,10
98175,10
98176,10
98177,4
98178,4
98179,5
98180,1
98181,3
98182,5
98183,5
98184,5
98185,3
98186,5
98187,10
98188,10
98189,7
98190,5
98191,5
98192,10
98193,5
98194,5
98195,10
98196,9
98197,4
98198,4
98199,4
98200,5
98201,4
98202,10
98203,10
98204,10
98205,10
98206,5
98207,10
98208,5
98209,10
98210,9
98211,5
98212,5
98213,7
98214,10
98215,7
98216,10
98217,7
98218,6
98219,5
98220,9
98221,1
98222,5
98223,5
98224,5
98225,10
98226,9
98227,4
98228,4
98229,3
98230,5
98231,5
98232,10
98233,6
98234,3
98235,9
98236,3
98237,9
98238,9
98239,5
98240,5
98241,5
98242,5
98243,6
98244,7
98245,8
98246,10
98247,10
98248,10
98249,9
98250,5
98251,10
98252,4
98253,10
98254,10
98255,10
98256,10
98257,10
98258,6
98259,10
98260,10
98261,10
98262,10
98263,10
98264,10
98265,10
98266,8
98267,4
98268,9
98269,4
98270,10
98271,9
98272,10
98273,4
98274,4
98275,4
98276,4
98277,9
98278,9
98279,3
98280,6
98281,9
98282,5
98283,10
98284,10
98285,10
98286,1
98287,9
98288,1
98289,1
98290,5
98291,10
98292,5
98293,5
98294,4
98295,9
98296,5
98297,10
98298,10
98299,5
98300,6
98301,5
98302,2
98303,4
98304,9
98305,4
98306,2
98307,4
98308,5
98309,5
98310,7
98311,5
98312,5
98313,10
98314,6
98315,5
98316,10
98317,10
98318,4
98319,8
98320,4
98321,4
98322,4
98323,1
98324,1
98325,10
98326,10
98327,10
98328,10
98329,6
98330,5
98331,4
98332,7
98333,2
98334,8
98335,4
98336,1
98337,4
98338,4
98339,4
98340,4
98341,3
98342,10
98343,10
98344,4
98345,1
98346,5
98347,5
98348,5
98349,5
98350,7
98351,10
98352,10
98353,5
98354,10
98355,10
98356,6
98357,4
98358,4
98359,5
98360,5
98361,6
98362,6
98363,4
98364,5
98365,5
98366,5
98367,10
98368,4
98369,2
98370,5
98371,10
98372,2
98373,1
98374,5
98375,1
98376,5
98377,5
98378,1
98379,6
98380,5
98381,5
98382,1
98383,5
98384,6
98385,10
98386,5
98387,5
98388,7
98389,6
98390,5
98391,5
98392,7
98393,7
98394,10
98395,10
98396,9
98397,10
98398,6
98399,5
98400,5
98401,5
98402,5
98403,4
98404,4
98405,4
98406,1
98407,4
98408,10
98409,10
98410,10
98411,10
98412,6
98413,3
98414,3
98415,9
98416,6
98417,9
98418,4
98419,7
98420,5
98421,5
98422,10
98423,5
98424,5
98425,1
98426,1
98427,10
98428,9
98429,10
98430,4
98431,8
98432,10
98433,5
98434,10
98435,4
98436,8
98437,4
98438,8
98439,4
98440,8
98441,4
98442,4
98443,4
98444,7
98445,4
98446,7
98447,8
98448,4
98449,4
98450,4
98451,6
98452,4
98453,8
98454,5
98455,5
98456,5
98457,6
98458,5
98459,1
98460,10
98461,10
98462,7
98463,10
98464,6
98465,5
98466,1
98467,1
98468,1
98469,4
98470,5
98471,1
98472,5
98473,7
98474,10
98475,5
98476,4
98477,10
98478,9
98479,5
98480,9
98481,7
98482,6
98483,5
98484,8
98485,6
98486,1
98487,1
98488,10
98489,5
98490,5
98491,5
98492,7
98493,1
98494,5
98495,4
98496,8
98497,4
98498,10
98499,4
98500,5
98501,4
98502,10
98503,1
98504,3
98505,1
98506,5
98507,10
98508,5
98509,5
98510,10
98511,5
98512,4
98513,4
98514,10
98515,4
98516,2
98517,8
98518,4
98519,9
98520,9
98521,4
98522,5
98523,5
98524,1
98525,1
98526,1
98527,6
98528,7
98529,7
98530,4
98531,7
98532,1
98533,6
98534,1
98535,5
98536,6
98537,1
98538,9
98539,10
98540,5
98541,10
98542,4
98543,9
98544,5
98545,5
98546,2
98547,9
98548,7
98549,9
98550,9
98551,4
98552,2
98553,2
98554,4
98555,9
98556,10
98557,7
98558,7
98559,6
98560,1
98561,6
98562,7
98563,5
98564,1
98565,1
98566,1
98567,5
98568,5
98569,1
98570,6
98571,7
98572,7
98573,7
98574,7
98575,5
98576,6
98577,6
98578,5
98579,10
98580,5
98581,10
98582,10
98583,5
98584,5
98585,5
98586,10
98587,5
98588,10
98589,7
98590,6
98591,5
98592,5
98593,5
98594,8
98595,4
98596,5
98597,1
98598,5
98599,5
98600,7
98601,7
98602,7
98603,10
98604,10
98605,1
98606,1
98607,5
98608,1
98609,7
98610,5
98611,1
98612,5
98613,5
98614,5
98615,5
98616,7
98617,5
98618,9
98619,8
98620,8
98621,2
98622,4
98623,4
98624,9
98625,1
98626,7
98627,8
98628,5
98629,1
98630,8
98631,8
98632,4
98633,2
98634,10
98635,1
98636,7
98637,5
98638,7
98639,5
98640,10
98641,5
98642,1
98643,5
98644,1
98645,1
98646,6
98647,7
98648,5
98649,5
98650,3
98651,1
98652,9
98653,6
98654,9
98655,9
98656,6
98657,7
98658,10
98659,1
98660,1
98661,3
98662,1
98663,4
98664,6
98665,5
98666,10
98667,7
98668,5
98669,5
98670,1
98671,3
98672,5
98673,5
98674,1
98675,7
98676,10
98677,5
98678,5
98679,10
98680,5
98681,10
98682,10
98683,5
98684,4
98685,9
98686,10
98687,2
98688,5
98689,9
98690,5
98691,9
98692,5
98693,9
98694,1
98695,10
98696,5
98697,5
98698,9
98699,2
98700,10
98701,5
98702,9
98703,5
98704,4
98705,9
98706,9
98707,6
98708,7
98709,7
98710,4
98711,7
98712,9
98713,9
98714,7
98715,7
98716,10
98717,9
98718,7
98719,4
98720,7
98721,9
98722,10
98723,5
98724,9
98725,1
98726,7
98727,7
98728,6
98729,7
98730,7
98731,5
98732,8
98733,5
98734,5
98735,10
98736,5
98737,5
98738,6
98739,7
98740,7
98741,7
98742,1
98743,7
98744,7
98745,7
98746,7
98747,4
98748,7
98749,6
98750,7
98751,5
98752,5
98753,7
98754,7
98755,7
98756,7
98757,7
98758,7
98759,5
98760,2
98761,6
98762,9
98763,6
98764,5
98765,1
98766,1
98767,5
98768,5
98769,10
98770,6
98771,5
98772,9
98773,5
98774,10
98775,5
98776,4
98777,9
98778,4
98779,10
98780,10
98781,6
98782,5
98783,5
98784,8
98785,7
98786,7
98787,6
98788,2
98789,10
98790,9
98791,4
98792,4
98793,4
98794,5
98795,3
98796,1
98797,5
98798,5
98799,6
98800,5
98801,5
98802,8
98803,9
98804,7
98805,7
98806,7
98807,7
98808,10
98809,10
98810,7
98811,7
98812,7
98813,7
98814,10
98815,7
98816,5
98817,9
98818,10
98819,10
98820,5
98821,10
98822,8
98823,4
98824,5
98825,5
98826,5
98827,4
98828,4
98829,4
98830,4
98831,4
98832,4
98833,6
98834,5
98835,10
98836,10
98837,5
98838,10
98839,10
98840,5
98841,7
98842,9
98843,8
98844,5
98845,5
98846,5
98847,9
98848,8
98849,8
98850,4
98851,4
98852,6
98853,10
98854,7
98855,6
98856,1
98857,9
98858,5
98859,9
98860,6
98861,9
98862,6
98863,6
98864,4
98865,9
98866,4
98867,5
98868,6
98869,7
98870,4
98871,7
98872,7
98873,7
98874,7
98875,7
98876,6
98877,10
98878,7
98879,7
98880,7
98881,6
98882,1
98883,5
98884,1
98885,10
98886,7
98887,10
98888,10
98889,5
98890,4
98891,7
98892,10
98893,1
98894,3
98895,5
98896,5
98897,5
98898,2
98899,9
98900,2
98901,2
98902,2
98903,2
98904,2
98905,2
98906,9
98907,10
98908,1
98909,6
98910,6
98911,7
98912,1
98913,5
98914,5
98915,1
98916,1
98917,9
98918,6
98919,1
98920,3
98921,1
98922,9
98923,7
98924,5
98925,4
98926,2
98927,7
98928,10
98929,8
98930,10
98931,7
98932,2
98933,4
98934,4
98935,8
98936,7
98937,7
98938,9
98939,2
98940,3
98941,9
98942,2
98943,5
98944,7
98945,10
98946,9
98947,6
98948,9
98949,9
98950,9
98951,6
98952,10
98953,9
98954,7
98955,7
98956,6
98957,10
98958,7
98959,10
98960,10
98961,5
98962,5
98963,7
98964,7
98965,7
98966,10
98967,4
98968,10
98969,5
98970,5
98971,5
98972,4
98973,6
98974,7
98975,7
98976,3
98977,1
98978,10
98979,5
98980,7
98981,5
98982,6
98983,10
98984,2
98985,4
98986,2
98987,2
98988,10
98989,8
98990,6
98991,10
98992,1
98993,7
98994,1
98995,5
98996,5
98997,5
98998,10
98999,1
99000,5
99001,1
99002,5
99003,7
99004,1
99005,7
99006,7
99007,5
99008,6
99009,10
99010,10
99011,8
99012,4
99013,8
99014,4
99015,8
99016,7
99017,10
99018,10
99019,10
99020,7
99021,7
99022,1
99023,6
99024,1
99025,9
99026,6
99027,10
99028,7
99029,1
99030,8
99031,1
99032,7
99033,7
99034,7
99035,7
99036,7
99037,1
99038,7
99039,2
99040,5
99041,5
99042,5
99043,1
99044,5
99045,5
99046,7
99047,10
99048,9
99049,4
99050,8
99051,6
99052,2
99053,2
99054,2
99055,8
99056,5
99057,1
99058,1
99059,5
99060,9
99061,5
99062,5
99063,7
99064,10
99065,5
99066,5
99067,9
99068,2
99069,6
99070,9
99071,9
99072,8
99073,9
99074,1
99075,5
99076,6
99077,5
99078,3
99079,10
99080,7
99081,4
99082,9
99083,2
99084,7
99085,6
99086,10
99087,6
99088,8
99089,10
99090,5
99091,4
99092,9
99093,2
99094,8
99095,2
99096,3
99097,9
99098,7
99099,3
99100,7
99101,7
99102,1
99103,5
99104,10
99105,10
99106,10
99107,2
99108,5
99109,2
99110,10
99111,10
99112,1
99113,9
99114,1
99115,4
99116,8
99117,10
99118,7
99119,7
99120,6
99121,7
99122,5
99123,10
99124,10
99125,5
99126,5
99127,5
99128,2
99129,5
99130,5
99131,8
99132,2
99133,10
99134,1
99135,10
99136,10
99137,4
99138,4
99139,8
99140,2
99141,8
99142,4
99143,5
99144,5
99145,10
99146,1
99147,10
99148,5
99149,10
99150,5
99151,5
99152,2
99153,9
99154,4
99155,2
99156,9
99157,9
99158,9
99159,2
99160,9
99161,6
99162,10
99163,10
99164,5
99165,10
99166,4
99167,4
99168,2
99169,6
99170,5
99171,5
99172,7
99173,1
99174,5
99175,10
99176,10
99177,5
99178,4
99179,5
99180,9
99181,6
99182,9
99183,5
99184,6
99185,3
99186,7
99187,7
99188,5
99189,10
99190,5
99191,10
99192,2
99193,9
99194,8
99195,7
99196,9
99197,9
99198,2
99199,2
99200,6
99201,7
99202,7
99203,6
99204,5
99205,1
99206,10
99207,7
99208,2
99209,9
99210,10
99211,10
99212,8
99213,9
99214,10
99215,10
99216,6
99217,3
99218,9
99219,1
99220,7
99221,5
99222,5
99223,2
99224,10
99225,4
99226,2
99227,8
99228,6
99229,5
99230,5
99231,7
99232,10
99233,7
99234,5
99235,5
99236,10
99237,4
99238,5
99239,5
99240,2
99241,10
99242,5
99243,2
99244,2
99245,2
99246,2
99247,10
99248,4
99249,10
99250,8
99251,1
99252,5
99253,6
99254,5
99255,10
99256,5
99257,10
99258,10
99259,8
99260,5
99261,10
99262,10
99263,9
99264,6
99265,3
99266,1
99267,2
99268,8
99269,6
99270,6
99271,6
99272,10
99273,4
99274,1
99275,10
99276,7
99277,7
99278,5
99279,5
99280,4
99281,7
99282,2
99283,5
99284,6
99285,2
99286,9
99287,4
99288,6
99289,2
99290,9
99291,7
99292,3
99293,9
99294,1
99295,5
99296,1
99297,5
99298,5
99299,10
99300,4
99301,4
99302,2
99303,4
99304,10
99305,10
99306,4
99307,8
99308,5
99309,5
99310,5
99311,5
99312,1
99313,5
99314,7
99315,10
99316,7
99317,10
99318,5
99319,9
99320,9
99321,8
99322,8
99323,6
99324,8
99325,9
99326,9
99327,3
99328,9
99329,1
99330,9
99331,6
99332,1
99333,7
99334,5
99335,5
99336,5
99337,10
99338,2
99339,2
99340,9
99341,5
99342,8
99343,8
99344,2
99345,4
99346,9
99347,9
99348,7
99349,5
99350,10
99351,10
99352,5
99353,9
99354,8
99355,5
99356,5
99357,10
99358,9
99359,7
99360,5
99361,6
99362,6
99363,10
99364,5
99365,4
99366,6
99367,5
99368,7
99369,5
99370,9
99371,1
99372,1
99373,8
99374,5
99375,5
99376,10
99377,5
99378,10
99379,5
99380,10
99381,5
99382,10
99383,10
99384,10
99385,5
99386,8
99387,1
99388,4
99389,9
99390,9
99391,8
99392,7
99393,1
99394,3
99395,5
99396,5
99397,3
99398,1
99399,5
99400,4
99401,6
99402,7
99403,5
99404,1
99405,10
99406,10
99407,10
99408,10
99409,10
99410,5
99411,5
99412,6
99413,5
99414,4
99415,6
99416,6
99417,9
99418,6
99419,9
99420,4
99421,9
99422,7
99423,7
99424,1
99425,5
99426,7
99427,8
99428,5
99429,1
99430,4
99431,10
99432,10
99433,5
99434,10
99435,4
99436,9
99437,5
99438,10
99439,9
99440,10
99441,4
99442,8
99443,4
99444,8
99445,4
99446,2
99447,6
99448,9
99449,10
99450,10
99451,4
99452,5
99453,9
99454,9
99455,6
99456,1
99457,5
99458,5
99459,1
99460,1
99461,1
99462,6
99463,4
99464,5
99465,5
99466,10
99467,6
99468,5
99469,8
99470,2
99471,5
99472,6
99473,1
99474,1
99475,8
99476,5
99477,5
99478,10
99479,10
99480,4
99481,8
99482,9
99483,4
99484,10
99485,10
99486,1
99487,1
99488,4
99489,1
99490,6
99491,1
99492,1
99493,10
99494,8
99495,1
99496,3
99497,6
99498,6
99499,1
99500,3
99501,5
99502,10
99503,7
99504,6
99505,10
99506,10
99507,4
99508,9
99509,4
99510,9
99511,8
99512,5
99513,8
99514,5
99515,4
99516,5
99517,4
99518,2
99519,7
99520,4
99521,10
99522,10
99523,5
99524,10
99525,4
99526,9
99527,4
99528,5
99529,2
99530,4
99531,7
99532,5
99533,6
99534,8
99535,4
99536,4
99537,6
99538,2
99539,9
99540,9
99541,10
99542,10
99543,10
99544,10
99545,10
99546,4
99547,9
99548,10
99549,10
99550,8
99551,4
99552,4
99553,10
99554,4
99555,9
99556,1
99557,5
99558,1
99559,5
99560,10
99561,9
99562,1
99563,8
99564,10
99565,1
99566,3
99567,1
99568,9
99569,5
99570,10
99571,5
99572,5
99573,5
99574,4
99575,2
99576,5
99577,8
99578,4
99579,10
99580,8
99581,4
99582,8
99583,1
99584,1
99585,5
99586,5
99587,5
99588,4
99589,5
99590,4
99591,4
99592,4
99593,5
99594,8
99595,6
99596,1
99597,10
99598,5
99599,5
99600,10
99601,4
99602,1
99603,10
99604,10
99605,1
99606,10
99607,1
99608,5
99609,7
99610,5
99611,3
99612,1
99613,5
99614,5
99615,5
99616,7
99617,10
99618,5
99619,10
99620,4
99621,5
99622,7
99623,7
99624,7
99625,7
99626,2
99627,3
99628,9
99629,6
99630,9
99631,6
99632,6
99633,7
99634,8
99635,4
99636,8
99637,9
99638,6
99639,9
99640,9
99641,1
99642,3
99643,1
99644,4
99645,1
99646,9
99647,4
99648,8
99649,7
99650,1
99651,1
99652,1
99653,1
99654,6
99655,2
99656,2
99657,7
99658,3
99659,5
99660,5
99661,5
99662,8
99663,1
99664,5
99665,5
99666,1
99667,2
99668,2
99669,2
99670,2
99671,2
99672,2
99673,9
99674,2
99675,7
99676,5
99677,2
99678,5
99679,7
99680,5
99681,7
99682,6
99683,7
99684,5
99685,7
99686,7
99687,7
99688,7
99689,7
99690,1
99691,7
99692,7
99693,7
99694,7
99695,6
99696,7
99697,10
99698,6
99699,5
99700,10
99701,10
99702,4
99703,10
99704,10
99705,10
99706,2
99707,10
99708,5
99709,10
99710,9
99711,6
99712,9
99713,9
99714,4
99715,4
99716,4
99717,6
99718,9
99719,9
99720,10
99721,9
99722,9
99723,10
99724,7
99725,2
99726,7
99727,2
99728,10
99729,2
99730,10
99731,6
99732,2
99733,2
99734,10
99735,2
99736,6
99737,10
99738,10
99739,10
99740,10
99741,4
99742,4
99743,10
99744,10
99745,10
99746,6
99747,10
99748,10
99749,10
99750,10
99751,10
99752,10
99753,7
99754,10
99755,7
99756,7
99757,6
99758,6
99759,10
99760,9
99761,6
99762,9
99763,7
99764,1
99765,9
99766,7
99767,9
99768,7
99769,7
99770,9
99771,4
99772,8
99773,2
99774,9
99775,4
99776,6
99777,8
99778,7
99779,4
99780,9
99781,9
99782,4
99783,2
99784,6
99785,3
99786,2
99787,6
99788,2
99789,9
99790,2
99791,9
99792,9
99793,9
99794,9
99795,4
99796,4
99797,4
99798,4
99799,4
99800,4
99801,8
99802,4
99803,9
99804,9
99805,4
99806,8
99807,10
99808,6
99809,10
99810,4
99811,8
99812,4
99813,4
99814,6
99815,4
99816,8
99817,4
99818,8
99819,4
99820,4
99821,4
99822,4
99823,8
99824,4
99825,4
99826,9
99827,4
99828,5
99829,5
99830,9
99831,8
99832,5
99833,9
99834,10
99835,6
99836,6
99837,7
99838,10
99839,7
99840,8
99841,7
99842,10
99843,7
99844,9
99845,5
99846,4
99847,10
99848,10
99849,6
99850,10
99851,10
99852,4
99853,4
99854,4
99855,4
99856,9
99857,10
99858,10
99859,9
99860,4
99861,9
99862,7
99863,8
99864,4
99865,4
99866,9
99867,4
99868,4
99869,1
99870,1
99871,1
99872,8
99873,7
99874,7
99875,7
99876,7
99877,1
99878,7
99879,7
99880,8
99881,7
99882,1
99883,7
99884,6
99885,7
99886,7
99887,7
99888,7
99889,3
99890,1
99891,6
99892,5
99893,4
99894,5
99895,7
99896,5
99897,7
99898,5
99899,10
99900,5
99901,10
99902,6
99903,10
99904,4
99905,5
99906,9
99907,6
99908,10
99909,1
99910,7
99911,5
99912,3
99913,10
99914,7
99915,7
99916,6
99917,7
99918,4
99919,7
99920,7
99921,7
99922,8
99923,9
99924,1
99925,8
99926,4
99927,5
99928,7
99929,7
99930,1
99931,6
99932,9
99933,4
99934,2
99935,2
99936,9
99937,2
99938,10
99939,3
99940,1
99941,5
99942,5
99943,9
99944,4
99945,5
99946,5
99947,7
99948,9
99949,10
99950,10
99951,10
99952,10
99953,5
99954,5
99955,5
99956,5
99957,10
99958,4
99959,4
99960,4
99961,8
99962,1
99963,1
99964,9
99965,5
99966,5
99967,7
99968,5
99969,10
99970,5
99971,9
99972,2
99973,4
99974,5
99975,7
99976,10
99977,2
99978,10
99979,4
99980,9
99981,10
99982,10
99983,10
99984,10
99985,10
99986,8
99987,4
99988,7
99989,10
99990,5
99991,5
99992,4
99993,4
99994,9
99995,1
99996,7
99997,5
99998,10
99999,10
100000,5
100001,5
100002,5
100003,3
100004,5
100005,7
100006,10
100007,10
100008,5
100009,9
100010,5
100011,7
100012,5
100013,5
100014,5
100015,5
100016,7
100017,7
100018,5
100019,4
100020,5
100021,9
100022,5
100023,2
100024,3
100025,9
100026,9
100027,3
100028,9
100029,10
100030,6
100031,1
100032,10
100033,10
100034,5
100035,10
100036,10
100037,4
100038,4
100039,4
100040,4
100041,6
100042,8
100043,4
100044,6
100045,10
100046,5
100047,9
100048,7
100049,6
100050,10
100051,2
100052,9
100053,5
100054,3
100055,9
100056,2
100057,8
100058,9
100059,4
100060,4
100061,4
100062,6
100063,6
100064,4
100065,5
100066,5
100067,8
100068,4
100069,9
100070,1
100071,1
100072,5
100073,6
100074,10
100075,9
100076,5
100077,1
100078,6
100079,8
100080,7
100081,5
100082,5
100083,5
100084,4
100085,10
100086,10
100087,10
100088,9
100089,10
100090,6
100091,4
100092,6
100093,9
100094,8
100095,4
100096,9
100097,9
100098,7
100099,9
100100,2
100101,10
100102,10
100103,5
100104,10
100105,10
100106,10
100107,10
100108,4
100109,4
100110,5
100111,2
100112,1
100113,6
100114,1
100115,5
100116,5
100117,1
100118,9
100119,5
100120,1
100121,4
100122,7
100123,1
100124,5
100125,9
100126,9
100127,9
100128,9
100129,2
100130,10
100131,1
100132,7
100133,5
100134,10
100135,7
100136,7
100137,7
100138,7
100139,5
100140,10
100141,10
100142,10
100143,10
100144,10
100145,4
100146,4
100147,4
100148,9
100149,4
100150,9
100151,9
100152,3
100153,6
100154,6
100155,7
100156,6
100157,1
100158,4
100159,5
100160,1
100161,7
100162,8
100163,9
100164,9
100165,10
100166,5
100167,4
100168,4
100169,4
100170,10
100171,3
100172,5
100173,7
100174,7
100175,9
100176,5
100177,1
100178,3
100179,4
100180,4
100181,5
100182,2
100183,8
100184,2
100185,9
100186,10
100187,4
100188,5
100189,2
100190,2
100191,9
100192,4
100193,9
100194,9
100195,4
100196,1
100197,5
100198,4
100199,1
100200,9
100201,9
100202,7
100203,10
100204,6
100205,8
100206,7
100207,5
100208,10
100209,5
100210,2
100211,4
100212,6
100213,9
100214,4
100215,1
100216,1
100217,1
100218,1
100219,7
100220,5
100221,5
100222,5
100223,5
100224,9
100225,1
100226,5
100227,9
100228,9
100229,5
100230,10
100231,4
100232,5
100233,9
100234,4
100235,6
100236,1
100237,1
100238,5
100239,5
100240,5
100241,9
100242,5
100243,9
100244,7
100245,7
100246,5
100247,1
100248,1
100249,5
100250,6
100251,10
100252,4
100253,2
100254,10
100255,5
100256,5
100257,4
100258,6
100259,8
100260,10
100261,4
100262,1
100263,9
100264,7
100265,9
100266,9
100267,2
100268,4
100269,2
100270,1
100271,7
100272,7
100273,7
100274,8
100275,2
100276,9
100277,9
100278,7
100279,6
100280,7
100281,7
100282,7
100283,8
100284,10
100285,10
100286,10
100287,4
100288,6
100289,1
100290,1
100291,5
100292,7
100293,1
100294,4
100295,6
100296,6
100297,5
100298,7
100299,7
100300,6
100301,5
100302,5
100303,7
100304,7
100305,6
100306,5
100307,10
100308,10
100309,10
100310,10
100311,10
100312,5
100313,9
100314,5
100315,5
100316,5
100317,4
100318,4
100319,4
100320,5
100321,5
100322,7
100323,7
100324,10
100325,10
100326,5
100327,5
100328,5
100329,1
100330,3
100331,1
100332,5
100333,7
100334,5
100335,9
100336,10
100337,9
100338,1
100339,1
100340,9
100341,1
100342,9
100343,6
100344,8
100345,7
100346,2
100347,2
100348,9
100349,2
100350,7
100351,3
100352,2
100353,7
100354,2
100355,2
100356,2
100357,9
100358,9
100359,8
100360,6
100361,6
100362,4
100363,4
100364,10
100365,10
100366,10
100367,4
100368,4
100369,2
100370,9
100371,7
100372,4
100373,8
100374,1
100375,6
100376,6
100377,6
100378,6
100379,9
100380,10
100381,1
100382,5
100383,1
100384,5
100385,6
100386,6
100387,1
100388,5
100389,9
100390,5
100391,7
100392,5
100393,10
100394,10
100395,5
100396,10
100397,9
100398,4
100399,5
100400,5
100401,4
100402,8
100403,10
100404,8
100405,7
100406,7
100407,7
100408,1
100409,1
100410,9
100411,9
100412,7
100413,10
100414,10
100415,5
100416,10
100417,7
100418,7
100419,7
100420,7
100421,7
100422,10
100423,7
100424,7
100425,9
100426,10
100427,7
100428,10
100429,5
100430,8
100431,2
100432,9
100433,3
100434,2
100435,5
100436,5
100437,6
100438,10
100439,7
100440,7
100441,8
100442,5
100443,8
100444,2
100445,4
100446,2
100447,6
100448,5
100449,1
100450,5
100451,1
100452,5
100453,6
100454,1
100455,2
100456,7
100457,7
100458,5
100459,7
100460,8
100461,7
100462,7
100463,9
100464,10
100465,10
100466,8
100467,2
100468,2
100469,5
100470,10
100471,5
100472,6
100473,10
100474,5
100475,2
100476,5
100477,4
100478,9
100479,5
100480,9
100481,8
100482,2
100483,9
100484,9
100485,1
100486,5
100487,2
100488,10
100489,4
100490,7
100491,7
100492,1
100493,7
100494,5
100495,4
100496,1
100497,5
100498,5
100499,9
100500,5
100501,1
100502,5
100503,10
100504,5
100505,7
100506,7
100507,5
100508,10
100509,5
100510,7
100511,10
100512,5
100513,10
100514,10
100515,10
100516,2
100517,10
100518,4
100519,6
100520,5
100521,5
100522,1
100523,1
100524,1
100525,9
100526,2
100527,4
100528,4
100529,4
100530,4
100531,10
100532,7
100533,10
100534,10
100535,6
100536,2
100537,2
100538,2
100539,2
100540,10
100541,9
100542,2
100543,9
100544,6
100545,3
100546,9
100547,1
100548,10
100549,1
100550,5
100551,10
100552,6
100553,9
100554,9
100555,4
100556,9
100557,5
100558,6
100559,9
100560,7
100561,6
100562,2
100563,9
100564,5
100565,4
100566,5
100567,9
100568,6
100569,5
100570,10
100571,5
100572,10
100573,2
100574,4
100575,7
100576,5
100577,1
100578,2
100579,2
100580,7
100581,1
100582,10
100583,5
100584,10
100585,10
100586,10
100587,5
100588,6
100589,8
100590,5
100591,10
100592,10
100593,9
100594,9
100595,1
100596,10
100597,1
100598,2
100599,2
100600,5
100601,7
100602,5
100603,10
100604,5
100605,5
100606,9
100607,9
100608,7
100609,5
100610,6
100611,1
100612,7
100613,2
100614,9
100615,9
100616,9
100617,2
100618,4
100619,7
100620,7
100621,5
100622,7
100623,7
100624,7
100625,7
100626,7
100627,7
100628,7
100629,1
100630,5
100631,7
100632,10
100633,10
100634,5
100635,5
100636,10
100637,2
100638,1
100639,3
100640,6
100641,5
100642,9
100643,10
100644,7
100645,5
100646,5
100647,9
100648,7
100649,10
100650,10
100651,5
100652,5
100653,9
100654,8
100655,2
100656,10
100657,6
100658,7
100659,5
100660,7
100661,5
100662,10
100663,1
100664,5
100665,4
100666,4
100667,3
100668,8
100669,1
100670,7
100671,9
100672,5
100673,5
100674,10
100675,9
100676,2
100677,10
100678,10
100679,10
100680,2
100681,2
100682,9
100683,1
100684,3
100685,9
100686,5
100687,4
100688,4
100689,9
100690,1
100691,7
100692,1
100693,9
100694,1
100695,7
100696,7
100697,8
100698,10
100699,5
100700,5
100701,6
100702,8
100703,10
100704,5
100705,10
100706,10
100707,5
100708,6
100709,10
100710,10
100711,10
100712,5
100713,4
100714,8
100715,9
100716,4
100717,6
100718,10
100719,10
100720,8
100721,10
100722,4
100723,1
100724,1
100725,1
100726,1
100727,1
100728,5
100729,10
100730,5
100731,10
100732,1
100733,3
100734,9
100735,5
100736,6
100737,5
100738,5
100739,4
100740,6
100741,4
100742,5
100743,5
100744,4
100745,5
100746,7
100747,7
100748,10
100749,5
100750,10
100751,5
100752,10
100753,10
100754,5
100755,4
100756,6
100757,9
100758,2
100759,2
100760,1
100761,6
100762,9
100763,2
100764,4
100765,5
100766,7
100767,10
100768,5
100769,10
100770,9
100771,4
100772,5
100773,4
100774,4
100775,4
100776,8
100777,9
100778,9
100779,5
100780,6
100781,5
100782,6
100783,7
100784,5
100785,5
100786,10
100787,10
100788,5
100789,4
100790,5
100791,1
100792,3
100793,8
100794,4
100795,9
100796,9
100797,5
100798,5
100799,8
100800,8
100801,10
100802,1
100803,9
100804,7
100805,7
100806,7
100807,5
100808,10
100809,7
100810,8
100811,9
100812,7
100813,10
100814,10
100815,1
100816,10
100817,6
100818,3
100819,8
100820,7
100821,6
100822,1
100823,1
100824,6
100825,5
100826,5
100827,2
100828,2
100829,2
100830,2
100831,5
100832,5
100833,9
100834,9
100835,3
100836,9
100837,4
100838,2
100839,2
100840,10
100841,10
100842,10
100843,10
100844,10
100845,10
100846,10
100847,8
100848,4
100849,10
100850,9
100851,9
100852,4
100853,4
100854,4
100855,4
100856,4
100857,9
100858,3
100859,10
100860,4
100861,3
100862,6
100863,1
100864,5
100865,3
100866,8
100867,5
100868,9
100869,5
100870,6
100871,5
100872,9
100873,4
100874,5
100875,7
100876,5
100877,5
100878,7
100879,7
100880,5
100881,10
100882,5
100883,10
100884,10
100885,5
100886,5
100887,5
100888,4
100889,4
100890,5
100891,5
100892,4
100893,5
100894,8
100895,5
100896,5
100897,7
100898,1
100899,4
100900,3
100901,3
100902,7
100903,10
100904,7
100905,9
100906,1
100907,1
100908,1
100909,5
100910,10
100911,5
100912,6
100913,8
100914,4
100915,5
100916,5
100917,6
100918,7
100919,9
100920,2
100921,2
100922,2
100923,6
100924,9
100925,1
100926,8
100927,7
100928,5
100929,6
100930,9
100931,2
100932,5
100933,5
100934,10
100935,8
100936,9
100937,10
100938,3
100939,4
100940,8
100941,4
100942,5
100943,5
100944,4
100945,10
100946,4
100947,10
100948,4
100949,8
100950,7
100951,6
100952,5
100953,5
100954,10
100955,10
100956,6
100957,7
100958,7
100959,8
100960,9
100961,4
100962,5
100963,7
100964,5
100965,4
100966,7
100967,7
100968,7
100969,5
100970,7
100971,3
100972,9
100973,3
100974,4
100975,10
100976,10
100977,10
100978,5
100979,1
100980,5
100981,7
100982,9
100983,5
100984,1
100985,4
100986,4
100987,9
100988,2
100989,1
100990,10
100991,5
100992,7
100993,1
100994,6
100995,10
100996,10
100997,5
100998,5
100999,5
101000,1
101001,5
101002,1
101003,7
101004,8
101005,2
101006,10
101007,4
101008,4
101009,3
101010,6
101011,7
101012,5
101013,1
101014,4
101015,10
101016,5
101017,5
101018,10
101019,7
101020,5
101021,5
101022,5
101023,9
101024,7
101025,5
101026,4
101027,5
101028,4
101029,4
101030,4
101031,10
101032,2
101033,7
101034,1
101035,2
101036,5
101037,9
101038,3
101039,1
101040,5
101041,10
101042,7
101043,5
101044,4
101045,10
101046,6
101047,5
101048,1
101049,7
101050,5
101051,5
101052,10
101053,10
101054,10
101055,4
101056,1
101057,5
101058,5
101059,8
101060,5
101061,5
101062,4
101063,4
101064,4
101065,4
101066,4
101067,7
101068,1
101069,2
101070,9
101071,4
101072,2
101073,1
101074,2
101075,4
101076,8
101077,4
101078,10
101079,10
101080,7
101081,4
101082,5
101083,9
101084,10
101085,5
101086,5
101087,7
101088,5
101089,5
101090,1
101091,2
101092,2
101093,4
101094,5
101095,4
101096,4
101097,4
101098,1
101099,7
101100,7
101101,8
101102,2
101103,8
101104,7
101105,2
101106,5
101107,4
101108,9
101109,9
101110,2
101111,7
101112,6
101113,1
101114,2
101115,1
101116,6
101117,5
101118,10
101119,5
101120,5
101121,9
101122,3
101123,4
101124,4
101125,9
101126,8
101127,5
101128,6
101129,5
101130,3
101131,9
101132,7
101133,7
101134,7
101135,10
101136,4
101137,10
101138,10
101139,2
101140,4
101141,9
101142,2
101143,1
101144,5
101145,7
101146,3
101147,1
101148,3
101149,1
101150,8
101151,9
101152,7
101153,5
101154,6
101155,7
101156,3
101157,10
101158,10
101159,5
101160,4
101161,9
101162,8
101163,4
101164,8
101165,5
101166,4
101167,10
101168,10
101169,5
101170,4
101171,10
101172,9
101173,9
101174,5
101175,8
101176,5
101177,7
101178,5
101179,6
101180,4
101181,4
101182,9
101183,9
101184,2
101185,1
101186,2
101187,9
101188,4
101189,9
101190,9
101191,1
101192,7
101193,3
101194,1
101195,5
101196,2
101197,10
101198,5
101199,5
101200,4
101201,4
101202,7
101203,2
101204,7
101205,1
101206,5
101207,9
101208,2
101209,2
101210,7
101211,9
101212,2
101213,6
101214,8
101215,8
101216,9
101217,4
101218,3
101219,5
101220,5
101221,7
101222,7
101223,10
101224,5
101225,4
101226,9
101227,2
101228,9
101229,5
101230,4
101231,5
101232,5
101233,9
101234,9
101235,8
101236,4
101237,10
101238,10
101239,7
101240,7
101241,5
101242,4
101243,5
101244,2
101245,10
101246,10
101247,5
101248,9
101249,8
101250,5
101251,4
101252,9
101253,5
101254,10
101255,7
101256,5
101257,8
101258,2
101259,8
101260,2
101261,7
101262,6
101263,2
101264,4
101265,4
101266,2
101267,2
101268,2
101269,9
101270,1
101271,9
101272,6
101273,10
101274,3
101275,1
101276,10
101277,1
101278,10
101279,5
101280,4
101281,3
101282,5
101283,8
101284,7
101285,7
101286,2
101287,2
101288,2
101289,2
101290,4
101291,9
101292,3
101293,7
101294,3
101295,10
101296,6
101297,7
101298,5
101299,5
101300,9
101301,8
101302,10
101303,5
101304,2
101305,9
101306,9
101307,9
101308,8
101309,4
101310,7
101311,9
101312,5
101313,5
101314,5
101315,5
101316,5
101317,5
101318,5
101319,4
101320,1
101321,10
101322,4
101323,10
101324,5
101325,4
101326,2
101327,5
101328,10
101329,5
101330,10
101331,6
101332,10
101333,1
101334,2
101335,9
101336,9
101337,6
101338,5
101339,10
101340,10
101341,5
101342,2
101343,4
101344,10
101345,10
101346,5
101347,6
101348,7
101349,2
101350,5
101351,5
101352,10
101353,10
101354,5
101355,10
101356,4
101357,5
101358,7
101359,9
101360,5
101361,5
101362,5
101363,1
101364,3
101365,4
101366,4
101367,5
101368,3
101369,5
101370,10
101371,5
101372,8
101373,4
101374,3
101375,3
101376,1
101377,5
101378,3
101379,5
101380,6
101381,9
101382,9
101383,5
101384,5
101385,10
101386,4
101387,10
101388,2
101389,4
101390,5
101391,2
101392,9
101393,5
101394,5
101395,5
101396,5
101397,7
101398,5
101399,10
101400,5
101401,9
101402,3
101403,3
101404,1
101405,6
101406,9
101407,3
101408,5
101409,8
101410,2
101411,2
101412,5
101413,5
101414,5
101415,10
101416,6
101417,5
101418,5
101419,4
101420,10
101421,2
101422,7
101423,2
101424,6
101425,4
101426,1
101427,8
101428,10
101429,10
101430,4
101431,10
101432,9
101433,9
101434,3
101435,2
101436,10
101437,5
101438,5
101439,9
101440,4
101441,8
101442,10
101443,5
101444,3
101445,9
101446,5
101447,10
101448,10
101449,4
101450,8
101451,1
101452,3
101453,10
101454,1
101455,5
101456,5
101457,5
101458,10
101459,5
101460,5
101461,5
101462,4
101463,4
101464,4
101465,1
101466,2
101467,10
101468,4
101469,9
101470,6
101471,9
101472,1
101473,9
101474,6
101475,3
101476,6
101477,8
101478,5
101479,4
101480,7
101481,5
101482,10
101483,4
101484,5
101485,4
101486,9
101487,6
101488,10
101489,5
101490,2
101491,9
101492,8
101493,4
101494,4
101495,9
101496,4
101497,9
101498,2
101499,5
101500,7
101501,10
101502,5
101503,5
101504,5
101505,2
101506,5
101507,10
101508,3
101509,10
101510,10
101511,4
101512,10
101513,10
101514,10
101515,10
101516,10
101517,7
101518,7
101519,7
101520,10
101521,10
101522,5
101523,9
101524,4
101525,1
101526,7
101527,4
101528,6
101529,7
101530,7
101531,2
101532,2
101533,9
101534,10
101535,10
101536,2
101537,9
101538,5
101539,7
101540,5
101541,3
101542,10
101543,5
101544,2
101545,10
101546,10
101547,4
101548,4
101549,2
101550,8
101551,9
101552,1
101553,5
101554,2
101555,3
101556,7
101557,5
101558,5
101559,3
101560,4
101561,10
101562,10
101563,4
101564,4
101565,5
101566,6
101567,6
101568,3
101569,9
101570,7
101571,7
101572,8
101573,5
101574,10
101575,10
101576,1
101577,6
101578,10
101579,3
101580,4
101581,8
101582,8
101583,10
101584,5
101585,2
101586,1
101587,1
101588,2
101589,5
101590,5
101591,10
101592,5
101593,10
101594,5
101595,6
101596,8
101597,9
101598,5
101599,1
101600,10
101601,5
101602,10
101603,9
101604,1
101605,4
101606,9
101607,3
101608,7
101609,7
101610,7
101611,5
101612,7
101613,10
101614,7
101615,5
101616,7
101617,1
101618,10
101619,5
101620,5
101621,5
101622,5
101623,4
101624,4
101625,4
101626,2
101627,5
101628,9
101629,4
101630,10
101631,10
101632,10
101633,10
101634,10
101635,10
101636,10
101637,10
101638,10
101639,10
101640,10
101641,10
101642,10
101643,10
101644,10
101645,10
101646,10
101647,10
101648,10
101649,10
101650,10
101651,10
101652,10
101653,10
101654,10
101655,10
101656,8
101657,10
101658,10
101659,10
101660,10
101661,6
101662,3
101663,10
101664,4
101665,9
101666,6
101667,10
101668,10
101669,5
101670,3
101671,3
101672,4
101673,10
101674,4
101675,4
101676,5
101677,8
101678,1
101679,3
101680,8
101681,9
101682,3
101683,8
101684,9
101685,9
101686,7
101687,5
101688,7
101689,4
101690,4
101691,10
101692,2
101693,4
101694,9
101695,10
101696,6
101697,4
101698,7
101699,9
101700,9
101701,9
101702,5
101703,9
101704,6
101705,4
101706,4
101707,4
101708,4
101709,4
101710,9
101711,4
101712,4
101713,7
101714,7
101715,7
101716,6
101717,3
101718,5
101719,5
101720,7
101721,4
101722,9
101723,7
101724,7
101725,10
101726,7
101727,8
101728,5
101729,10
101730,10
101731,4
101732,4
101733,4
101734,9
101735,2
101736,6
101737,1
101738,5
101739,7
101740,5
101741,10
101742,10
101743,4
101744,1
101745,5
101746,9
101747,3
101748,2
101749,5
101750,7
101751,5
101752,5
101753,10
101754,10
101755,5
101756,4
101757,9
101758,9
101759,2
101760,9
101761,3
101762,7
101763,5
101764,1
101765,4
101766,5
101767,4
101768,1
101769,5
101770,7
101771,7
101772,7
101773,10
101774,6
101775,7
101776,5
101777,4
101778,5
101779,5
101780,5
101781,5
101782,9
101783,5
101784,10
101785,10
101786,9
101787,4
101788,4
101789,8
101790,4
101791,4
101792,10
101793,4
101794,7
101795,2
101796,5
101797,4
101798,4
101799,5
101800,4
101801,5
101802,10
101803,5
101804,2
101805,2
101806,4
101807,4
101808,2
101809,10
101810,3
101811,5
101812,5
101813,10
101814,2
101815,5
101816,5
101817,10
101818,4
101819,9
101820,8
101821,9
101822,9
101823,9
101824,5
101825,5
101826,10
101827,7
101828,3
101829,9
101830,2
101831,5
101832,5
101833,1
101834,10
101835,5
101836,2
101837,4
101838,2
101839,8
101840,4
101841,10
101842,4
101843,10
101844,5
101845,4
101846,6
101847,2
101848,5
101849,7
101850,5
101851,2
101852,5
101853,10
101854,6
101855,1
101856,3
101857,5
101858,10
101859,5
101860,5
101861,2
101862,4
101863,1
101864,5
101865,5
101866,10
101867,10
101868,5
101869,10
101870,4
101871,4
101872,4
101873,4
101874,9
101875,1
101876,10
101877,6
101878,10
101879,8
101880,7
101881,3
101882,10
101883,1
101884,5
101885,1
101886,7
101887,2
101888,7
101889,9
101890,7
101891,1
101892,7
101893,8
101894,6
101895,4
101896,10
101897,9
101898,4
101899,9
101900,2
101901,2
101902,9
101903,10
101904,10
101905,2
101906,10
101907,4
101908,7
101909,7
101910,4
101911,3
101912,5
101913,9
101914,10
101915,4
101916,5
101917,6
101918,4
101919,1
101920,5
101921,7
101922,5
101923,7
101924,5
101925,5
101926,9
101927,5
101928,9
101929,3
101930,7
101931,1
101932,3
101933,9
101934,1
101935,5
101936,5
101937,6
101938,1
101939,5
101940,9
101941,7
101942,5
101943,5
101944,10
101945,10
101946,8
101947,4
101948,4
101949,4
101950,4
101951,9
101952,2
101953,9
101954,3
101955,2
101956,2
101957,2
101958,5
101959,4
101960,5
101961,4
101962,5
101963,6
101964,3
101965,5
101966,5
101967,4
101968,5
101969,4
101970,4
101971,4
101972,10
101973,3
101974,2
101975,9
101976,6
101977,1
101978,4
101979,5
101980,3
101981,7
101982,10
101983,10
101984,1
101985,5
101986,10
101987,10
101988,4
101989,5
101990,4
101991,5
101992,8
101993,4
101994,9
101995,9
101996,9
101997,2
101998,2
101999,10
102000,6
102001,4
102002,7
102003,4
102004,5
102005,5
102006,10
102007,8
102008,10
102009,5
102010,2
102011,10
102012,6
102013,4
102014,5
102015,1
102016,9
102017,7
102018,10
102019,2
102020,2
102021,8
102022,8
102023,2
102024,2
102025,2
102026,7
102027,7
102028,3
102029,10
102030,6
102031,6
102032,10
102033,5
102034,4
102035,4
102036,1
102037,6
102038,10
102039,10
102040,6
102041,7
102042,1
102043,9
102044,1
102045,1
102046,2
102047,2
102048,9
102049,7
102050,5
102051,2
102052,6
102053,10
102054,10
102055,10
102056,4
102057,4
102058,2
102059,10
102060,1
102061,9
102062,5
102063,9
102064,10
102065,8
102066,2
102067,9
102068,4
102069,2
102070,8
102071,2
102072,2
102073,9
102074,5
102075,1
102076,7
102077,10
102078,6
102079,5
102080,5
102081,10
102082,6
102083,4
102084,4
102085,4
102086,4
102087,5
102088,7
102089,7
102090,4
102091,4
102092,5
102093,10
102094,10
102095,9
102096,5
102097,4
102098,4
102099,1
102100,9
102101,7
102102,5
102103,9
102104,2
102105,10
102106,9
102107,8
102108,9
102109,10
102110,3
102111,1
102112,1
102113,1
102114,5
102115,9
102116,4
102117,10
102118,2
102119,4
102120,9
102121,8
102122,2
102123,9
102124,7
102125,10
102126,4
102127,10
102128,2
102129,5
102130,5
102131,8
102132,10
102133,7
102134,4
102135,6
102136,10
102137,4
102138,6
102139,9
102140,10
102141,10
102142,10
102143,6
102144,9
102145,9
102146,9
102147,7
102148,5
102149,10
102150,10
102151,4
102152,9
102153,2
102154,5
102155,10
102156,9
102157,10
102158,4
102159,9
102160,10
102161,10
102162,10
102163,1
102164,2
102165,6
102166,5
102167,5
102168,10
102169,2
102170,8
102171,8
102172,8
102173,4
102174,2
102175,2
102176,1
102177,5
102178,3
102179,10
102180,10
102181,4
102182,9
102183,2
102184,8
102185,8
102186,8
102187,5
102188,5
102189,6
102190,7
102191,10
102192,10
102193,5
102194,10
102195,4
102196,2
102197,2
102198,5
102199,5
102200,2
102201,8
102202,4
102203,9
102204,5
102205,5
102206,6
102207,10
102208,5
102209,10
102210,9
102211,8
102212,6
102213,9
102214,1
102215,3
102216,8
102217,7
102218,10
102219,5
102220,9
102221,6
102222,5
102223,2
102224,6
102225,5
102226,10
102227,10
102228,5
102229,10
102230,10
102231,9
102232,4
102233,4
102234,2
102235,10
102236,10
102237,10
102238,6
102239,10
102240,10
102241,6
102242,6
102243,4
102244,5
102245,1
102246,4
102247,3
102248,8
102249,10
102250,10
102251,2
102252,4
102253,10
102254,2
102255,5
102256,5
102257,4
102258,10
102259,10
102260,8
102261,2
102262,5
102263,1
102264,9
102265,10
102266,10
102267,5
102268,5
102269,9
102270,10
102271,4
102272,5
102273,9
102274,5
102275,10
102276,10
102277,2
102278,4
102279,4
102280,4
102281,2
102282,2
102283,10
102284,10
102285,7
102286,5
102287,5
102288,1
102289,1
102290,6
102291,5
102292,1
102293,10
102294,10
102295,6
102296,5
102297,3
102298,2
102299,8
102300,5
102301,9
102302,1
102303,5
102304,5
102305,10
102306,10
102307,4
102308,4
102309,4
102310,10
102311,7
102312,6
102313,8
102314,1
102315,10
102316,5
102317,6
102318,10
102319,9
102320,8
102321,4
102322,4
102323,5
102324,8
102325,4
102326,4
102327,4
102328,1
102329,10
102330,4
102331,8
102332,4
102333,8
102334,5
102335,5
102336,8
102337,2
102338,6
102339,10
102340,10
102341,8
102342,9
102343,6
102344,10
102345,6
102346,5
102347,7
102348,5
102349,5
102350,10
102351,4
102352,6
102353,5
102354,6
102355,10
102356,10
102357,10
102358,10
102359,10
102360,6
102361,10
102362,10
102363,10
102364,3
102365,5
102366,10
102367,10
102368,10
102369,4
102370,6
102371,10
102372,1
102373,7
102374,7
102375,10
102376,4
102377,4
102378,4
102379,6
102380,4
102381,5
102382,10
102383,10
102384,4
102385,5
102386,9
102387,7
102388,5
102389,9
102390,10
102391,5
102392,5
102393,9
102394,8
102395,9
102396,10
102397,5
102398,9
102399,4
102400,9
102401,1
102402,10
102403,10
102404,5
102405,10
102406,10
102407,5
102408,10
102409,2
102410,4
102411,4
102412,5
102413,4
102414,8
102415,8
102416,8
102417,6
102418,9
102419,2
102420,5
102421,7
102422,4
102423,7
102424,5
102425,10
102426,5
102427,2
102428,4
102429,5
102430,10
102431,5
102432,1
102433,2
102434,5
102435,6
102436,5
102437,5
102438,9
102439,4
102440,5
102441,10
102442,4
102443,5
102444,3
102445,5
102446,5
102447,4
102448,5
102449,2
102450,9
102451,10
102452,9
102453,2
102454,5
102455,7
102456,3
102457,6
102458,10
102459,7
102460,10
102461,5
102462,2
102463,7
102464,2
102465,8
102466,10
102467,10
102468,5
102469,5
102470,3
102471,7
102472,6
102473,4
102474,5
102475,6
102476,8
102477,7
102478,7
102479,9
102480,9
102481,6
102482,8
102483,1
102484,5
102485,1
102486,5
102487,5
102488,4
102489,4
102490,9
102491,5
102492,5
102493,5
102494,10
102495,8
102496,7
102497,4
102498,1
102499,9
102500,5
102501,5
102502,5
102503,5
102504,10
102505,4
102506,4
102507,8
102508,1
102509,10
102510,5
102511,5
102512,5
102513,10
102514,5
102515,4
102516,2
102517,2
102518,1
102519,5
102520,5
102521,2
102522,2
102523,5
102524,2
102525,8
102526,9
102527,7
102528,7
102529,7
102530,7
102531,10
102532,10
102533,10
102534,10
102535,10
102536,6
102537,10
102538,4
102539,2
102540,4
102541,5
102542,9
102543,4
102544,8
102545,7
102546,1
102547,10
102548,5
102549,4
102550,10
102551,3
102552,9
102553,5
102554,4
102555,9
102556,2
102557,2
102558,9
102559,2
102560,4
102561,10
102562,2
102563,5
102564,2
102565,2
102566,8
102567,8
102568,4
102569,8
102570,8
102571,4
102572,5
102573,10
102574,10
102575,9
102576,4
102577,2
102578,4
102579,8
102580,8
102581,4
102582,10
102583,10
102584,5
102585,10
102586,4
102587,4
102588,2
102589,9
102590,5
102591,6
102592,10
102593,10
102594,10
102595,2
102596,5
102597,2
102598,7
102599,9
102600,6
102601,5
102602,5
102603,1
102604,10
102605,9
102606,10
102607,5
102608,10
102609,6
102610,10
102611,10
102612,10
102613,10
102614,10
102615,9
102616,4
102617,2
102618,4
102619,5
102620,4
102621,2
102622,2
102623,9
102624,2
102625,2
102626,9
102627,9
102628,10
102629,5
102630,4
102631,8
102632,10
102633,10
102634,10
102635,5
102636,3
102637,8
102638,5
102639,10
102640,10
102641,4
102642,2
102643,5
102644,10
102645,10
102646,10
102647,5
102648,2
102649,4
102650,4
102651,10
102652,7
102653,10
102654,5
102655,10
102656,5
102657,10
102658,10
102659,9
102660,1
102661,1
102662,1
102663,3
102664,8
102665,10
102666,3
102667,6
102668,2
102669,9
102670,2
102671,7
102672,5
102673,9
102674,10
102675,4
102676,2
102677,2
102678,5
102679,10
102680,10
102681,3
102682,3
102683,10
102684,7
102685,10
102686,10
102687,10
102688,10
102689,10
102690,4
102691,9
102692,5
102693,10
102694,4
102695,2
102696,2
102697,2
102698,2
102699,5
102700,2
102701,5
102702,6
102703,10
102704,5
102705,10
102706,10
102707,5
102708,4
102709,2
102710,8
102711,4
102712,10
102713,1
102714,10
102715,10
102716,10
102717,5
102718,10
102719,10
102720,10
102721,7
102722,8
102723,5
102724,8
102725,5
102726,9
102727,5
102728,5
102729,5
102730,2
102731,5
102732,5
102733,3
102734,10
102735,10
102736,2
102737,4
102738,4
102739,9
102740,6
102741,5
102742,9
102743,9
102744,5
102745,4
102746,1
102747,9
102748,2
102749,8
102750,4
102751,10
102752,10
102753,4
102754,4
102755,4
102756,4
102757,4
102758,6
102759,9
102760,10
102761,9
102762,10
102763,5
102764,10
102765,5
102766,5
102767,5
102768,8
102769,10
102770,8
102771,5
102772,3
102773,2
102774,5
102775,10
102776,7
102777,10
102778,10
102779,7
102780,7
102781,6
102782,6
102783,8
102784,3
102785,8
102786,10
102787,6
102788,5
102789,2
102790,8
102791,10
102792,9
102793,9
102794,10
102795,2
102796,10
102797,10
102798,10
102799,1
102800,10
102801,5
102802,5
102803,10
102804,10
102805,10
102806,9
102807,9
102808,8
102809,7
102810,10
102811,5
102812,10
102813,7
102814,2
102815,2
102816,5
102817,4
102818,5
102819,10
102820,4
102821,4
102822,10
102823,10
102824,10
102825,1
102826,7
102827,9
102828,10
102829,8
102830,8
102831,10
102832,5
102833,4
102834,2
102835,5
102836,10
102837,5
102838,10
102839,10
102840,6
102841,6
102842,9
102843,4
102844,5
102845,3
102846,3
102847,6
102848,8
102849,10
102850,8
102851,10
102852,9
102853,10
102854,6
102855,6
102856,4
102857,4
102858,10
102859,4
102860,9
102861,8
102862,10
102863,4
102864,5
102865,8
102866,10
102867,10
102868,10
102869,9
102870,6
102871,6
102872,10
102873,9
102874,5
102875,7
102876,10
102877,3
102878,3
102879,10
102880,3
102881,5
102882,1
102883,8
102884,10
102885,4
102886,4
102887,8
102888,4
102889,5
102890,4
102891,5
102892,6
102893,5
102894,10
102895,10
102896,8
102897,5
102898,10
102899,5
102900,5
102901,10
102902,10
102903,10
102904,5
102905,4
102906,5
102907,5
102908,9
102909,10
102910,3
102911,5
102912,10
102913,5
102914,4
102915,4
102916,10
102917,5
102918,10
102919,5
102920,10
102921,5
102922,10
102923,10
102924,5
102925,4
102926,5
102927,10
102928,2
102929,7
102930,10
102931,5
102932,10
102933,4
102934,5
102935,9
102936,5
102937,8
102938,1
102939,10
102940,5
102941,5
102942,7
102943,5
102944,10
102945,10
102946,10
102947,6
102948,4
102949,4
102950,10
102951,4
102952,5
102953,5
102954,1
102955,7
102956,10
102957,5
102958,5
102959,5
102960,4
102961,5
102962,5
102963,4
102964,1
102965,10
102966,5
102967,4
102968,8
102969,1
102970,7
102971,4
102972,4
102973,4
102974,1
102975,7
102976,10
102977,7
102978,4
102979,5
102980,8
102981,7
102982,10
102983,5
102984,4
102985,10
102986,10
102987,10
102988,10
102989,10
102990,10
102991,10
102992,10
102993,10
102994,10
102995,10
102996,10
102997,10
102998,6
102999,10
103000,10
103001,10
103002,10
103003,10
103004,6
103005,10
103006,9
103007,8
103008,7
103009,4
103010,7
103011,10
103012,10
103013,8
103014,10
103015,5
103016,4
103017,9
103018,4
103019,5
103020,6
103021,4
103022,10
103023,5
103024,9
103025,9
103026,7
103027,1
103028,8
103029,4
103030,10
103031,5
103032,10
103033,10
103034,10
103035,5
103036,6
103037,10
103038,4
103039,5
103040,8
103041,1
103042,4
103043,8
103044,8
103045,10
103046,10
103047,1
103048,5
103049,8
103050,7
103051,5
103052,10
103053,3
103054,6
103055,8
103056,3
103057,3
103058,5
103059,10
103060,5
103061,10
103062,8
103063,10
103064,10
103065,10
103066,9
103067,10
103068,9
103069,5
103070,8
103071,5
103072,4
103073,1
103074,1
103075,10
103076,7
103077,7
103078,5
103079,9
103080,5
103081,9
103082,9
103083,7
103084,4
103085,4
103086,5
103087,4
103088,7
103089,9
103090,10
103091,7
103092,2
103093,4
103094,10
103095,9
103096,5
103097,2
103098,1
103099,5
103100,10
103101,7
103102,7
103103,9
103104,10
103105,6
103106,6
103107,10
103108,8
103109,1
103110,8
103111,4
103112,4
103113,4
103114,9
103115,10
103116,5
103117,5
103118,10
103119,5
103120,10
103121,9
103122,8
103123,2
103124,8
103125,2
103126,8
103127,2
103128,2
103129,9
103130,4
103131,7
103132,6
103133,4
103134,2
103135,10
103136,5
103137,9
103138,9
103139,1
103140,1
103141,10
103142,5
103143,2
103144,10
103145,10
103146,8
103147,2
103148,5
103149,6
103150,5
103151,2
103152,5
103153,10
103154,10
103155,4
103156,2
103157,2
103158,2
103159,8
103160,9
103161,8
103162,1
103163,10
103164,4
103165,5
103166,5
103167,5
103168,9
103169,7
103170,5
103171,4
103172,9
103173,1
103174,4
103175,10
103176,4
103177,5
103178,5
103179,1
103180,10
103181,5
103182,10
103183,10
103184,6
103185,10
103186,10
103187,10
103188,9
103189,4
103190,5
103191,4
103192,4
103193,10
103194,9
103195,9
103196,5
103197,9
103198,9
103199,10
103200,9
103201,5
103202,5
103203,2
103204,6
103205,10
103206,6
103207,4
103208,5
103209,9
103210,5
103211,2
103212,8
103213,9
103214,2
103215,2
103216,2
103217,8
103218,8
103219,8
103220,2
103221,10
103222,4
103223,4
103224,4
103225,8
103226,5
103227,10
103228,9
103229,8
103230,5
103231,2
103232,9
103233,10
103234,10
103235,10
103236,10
103237,5
103238,5
103239,6
103240,8
103241,8
103242,4
103243,2
103244,2
103245,2
103246,8
103247,5
103248,10
103249,10
103250,10
103251,9
103252,5
103253,7
103254,10
103255,10
103256,10
103257,10
103258,5
103259,10
103260,10
103261,10
103262,7
103263,2
103264,4
103265,8
103266,5
103267,10
103268,10
103269,10
103270,10
103271,10
103272,10
103273,2
103274,9
103275,2
103276,10
103277,9
103278,4
103279,5
103280,5
103281,6
103282,5
103283,5
103284,10
103285,10
103286,10
103287,8
103288,5
103289,4
103290,2
103291,10
103292,1
103293,2
103294,7
103295,5
103296,10
103297,8
103298,10
103299,10
103300,4
103301,5
103302,4
103303,9
103304,9
103305,9
103306,2
103307,2
103308,5
103309,5
103310,9
103311,10
103312,10
103313,2
103314,6
103315,9
103316,5
103317,5
103318,6
103319,5
103320,5
103321,2
103322,2
103323,10
103324,10
103325,10
103326,10
103327,5
103328,6
103329,10
103330,4
103331,8
103332,5
103333,4
103334,4
103335,6
103336,7
103337,9
103338,8
103339,5
103340,10
103341,5
103342,4
103343,2
103344,9
103345,5
103346,7
103347,4
103348,5
103349,7
103350,2
103351,10
103352,5
103353,4
103354,5
103355,5
103356,2
103357,10
103358,5
103359,10
103360,10
103361,10
103362,10
103363,10
103364,2
103365,4
103366,5
103367,5
103368,4
103369,5
103370,4
103371,5
103372,5
103373,5
103374,9
103375,4
103376,1
103377,6
103378,5
103379,2
103380,2
103381,7
103382,2
103383,5
103384,3
103385,10
103386,9
103387,4
103388,5
103389,5
103390,8
103391,4
103392,8
103393,8
103394,2
103395,10
103396,10
103397,3
103398,5
103399,10
103400,4
103401,5
103402,4
103403,1
103404,10
103405,6
103406,3
103407,4
103408,5
103409,6
103410,4
103411,8
103412,1
103413,7
103414,8
103415,4
103416,9
103417,10
103418,7
103419,5
103420,5
103421,4
103422,4
103423,8
103424,8
103425,9
103426,3
103427,4
103428,3
103429,3
103430,5
103431,10
103432,5
103433,8
103434,10
103435,4
103436,7
103437,6
103438,10
103439,6
103440,3
103441,1
103442,9
103443,2
103444,4
103445,10
103446,1
103447,3
103448,5
103449,5
103450,9
103451,1
103452,3
103453,9
103454,5
103455,5
103456,5
103457,10
103458,10
103459,10
103460,6
103461,5
103462,6
103463,8
103464,7
103465,1
103466,8
103467,5
103468,8
103469,7
103470,5
103471,10
103472,10
103473,5
103474,8
103475,9
103476,5
103477,10
103478,8
103479,10
103480,1
103481,10
103482,10
103483,4
103484,5
103485,10
103486,10
103487,5
103488,5
103489,10
103490,5
103491,10
103492,5
103493,9
103494,10
103495,9
103496,10
103497,5
103498,8
103499,10
103500,1
103501,4
103502,4
103503,9
103504,8
103505,9
103506,2
103507,2
103508,10
103509,10
103510,5
103511,4
103512,5
103513,10
103514,4
103515,1
103516,7
103517,3
103518,5
103519,2
103520,4
103521,5
103522,5
103523,5
103524,8
103525,10
103526,10
103527,4
103528,4
103529,10
103530,10
103531,6
103532,1
103533,5
103534,8
103535,3
103536,8
103537,5
103538,5
103539,10
103540,4
103541,5
103542,9
103543,6
103544,1
103545,7
103546,2
103547,2
103548,5
103549,1
103550,10
103551,5
103552,4
103553,10
103554,10
103555,6
103556,6
103557,1
103558,5
103559,7
103560,10
103561,5
103562,10
103563,8
103564,8
103565,2
103566,10
103567,10
103568,4
103569,10
103570,10
103571,10
103572,10
103573,10
103574,10
103575,10
103576,10
103577,10
103578,10
103579,10
103580,10
103581,10
103582,10
103583,10
103584,5
103585,10
103586,10
103587,9
103588,4
103589,1
103590,5
103591,3
103592,5
103593,5
103594,3
103595,10
103596,6
103597,10
103598,10
103599,5
103600,4
103601,9
103602,7
103603,5
103604,5
103605,5
103606,3
103607,9
103608,5
103609,5
103610,7
103611,7
103612,7
103613,10
103614,9
103615,10
103616,5
103617,10
103618,10
103619,10
103620,5
103621,10
103622,9
103623,9
103624,1
103625,5
103626,6
103627,10
103628,5
103629,1
103630,3
103631,4
103632,4
103633,7
103634,7
103635,1
103636,10
103637,10
103638,10
103639,10
103640,4
103641,4
103642,1
103643,6
103644,5
103645,8
103646,2
103647,10
103648,10
103649,9
103650,2
103651,9
103652,9
103653,2
103654,7
103655,5
103656,5
103657,5
103658,10
103659,10
103660,5
103661,10
103662,4
103663,5
103664,5
103665,7
103666,6
103667,5
103668,10
103669,10
103670,10
103671,10
103672,9
103673,7
103674,7
103675,4
103676,7
103677,7
103678,4
103679,1
103680,10
103681,7
103682,5
103683,5
103684,10
103685,5
103686,8
103687,5
103688,1
103689,1
103690,9
103691,5
103692,10
103693,5
103694,10
103695,5
103696,9
103697,4
103698,4
103699,4
103700,1
103701,10
103702,10
103703,9
103704,4
103705,5
103706,1
103707,1
103708,5
103709,4
103710,5
103711,7
103712,5
103713,8
103714,5
103715,7
103716,7
103717,9
103718,9
103719,4
103720,4
103721,4
103722,10
103723,7
103724,5
103725,10
103726,4
103727,6
103728,5
103729,5
103730,5
103731,5
103732,7
103733,7
103734,5
103735,8
103736,3
103737,7
103738,8
103739,5
103740,3
103741,5
103742,6
103743,7
103744,5
103745,5
103746,8
103747,1
103748,5
103749,3
103750,1
103751,5
103752,5
103753,7
103754,8
103755,1
103756,1
103757,9
103758,7
103759,10
103760,10
103761,8
103762,1
103763,2
103764,7
103765,8
103766,4
103767,7
103768,7
103769,1
103770,8
103771,7
103772,7
103773,4
103774,7
103775,6
103776,5
103777,3
103778,9
103779,1
103780,7
103781,7
103782,7
103783,5
103784,5
103785,4
103786,4
103787,8
103788,5
103789,5
103790,5
103791,5
103792,4
103793,9
103794,8
103795,10
103796,5
103797,10
103798,10
103799,7
103800,5
103801,6
103802,10
103803,8
103804,9
103805,9
103806,9
103807,6
103808,3
103809,4
103810,5
103811,7
103812,5
103813,6
103814,10
103815,5
103816,5
103817,4
103818,4
103819,5
103820,7
103821,10
103822,10
103823,10
103824,8
103825,10
103826,3
103827,1
103828,6
103829,3
103830,2
103831,6
103832,8
103833,7
103834,9
103835,10
103836,5
103837,10
103838,5
103839,2
103840,7
103841,2
103842,2
103843,2
103844,9
103845,9
103846,2
103847,7
103848,7
103849,7
103850,6
103851,8
103852,9
103853,7
103854,7
103855,5
103856,3
103857,1
103858,7
103859,5
103860,5
103861,1
103862,7
103863,5
103864,5
103865,9
103866,5
103867,5
103868,7
103869,7
103870,7
103871,3
103872,7
103873,1
103874,7
103875,8
103876,8
103877,1
103878,10
103879,8
103880,7
103881,9
103882,8
103883,1
103884,1
103885,9
103886,1
103887,1
103888,6
103889,6
103890,5
103891,5
103892,6
103893,4
103894,5
103895,9
103896,9
103897,6
103898,7
103899,5
103900,6
103901,7
103902,6
103903,5
103904,5
103905,7
103906,7
103907,10
103908,10
103909,5
103910,7
103911,10
103912,6
103913,6
103914,5
103915,10
103916,9
103917,9
103918,8
103919,9
103920,10
103921,10
103922,9
103923,5
103924,6
103925,9
103926,9
103927,1
103928,9
103929,9
103930,6
103931,9
103932,6
103933,9
103934,9
103935,1
103936,8
103937,1
103938,5
103939,1
103940,6
103941,7
103942,7
103943,5
103944,1
103945,9
103946,5
103947,7
103948,6
103949,9
103950,4
103951,4
103952,6
103953,6
103954,9
103955,9
103956,6
103957,5
103958,4
103959,7
103960,8
103961,1
103962,7
103963,4
103964,10
103965,10
103966,7
103967,8
103968,5
103969,7
103970,7
103971,7
103972,5
103973,7
103974,10
103975,5
103976,10
103977,6
103978,7
103979,7
103980,7
103981,5
103982,6
103983,8
103984,9
103985,4
103986,2
103987,5
103988,5
103989,8
103990,5
103991,2
103992,9
103993,9
103994,9
103995,1
103996,1
103997,6
103998,6
103999,5
104000,10
104001,10
104002,10
104003,10
104004,1
104005,9
104006,6
104007,1
104008,9
104009,6
104010,4
104011,8
104012,1
104013,5
104014,3
104015,2
104016,2
104017,2
104018,1
104019,7
104020,7
104021,2
104022,5
104023,5
104024,7
104025,8
104026,7
104027,2
104028,5
104029,9
104030,9
104031,2
104032,9
104033,4
104034,2
104035,2
104036,2
104037,10
104038,5
104039,8
104040,7
104041,7
104042,10
104043,7
104044,3
104045,5
104046,7
104047,10
104048,10
104049,10
104050,10
104051,10
104052,9
104053,6
104054,7
104055,7
104056,6
104057,7
104058,5
104059,7
104060,1
104061,5
104062,2
104063,9
104064,5
104065,2
104066,10
104067,4
104068,9
104069,3
104070,5
104071,7
104072,7
104073,10
104074,8
104075,1
104076,7
104077,1
104078,1
104079,9
104080,1
104081,1
104082,1
104083,7
104084,4
104085,1
104086,10
104087,7
104088,4
104089,10
104090,5
104091,5
104092,7
104093,7
104094,9
104095,5
104096,5
104097,10
104098,5
104099,4
104100,8
104101,4
104102,5
104103,4
104104,2
104105,4
104106,2
104107,10
104108,9
104109,9
104110,2
104111,10
104112,10
104113,10
104114,10
104115,10
104116,8
104117,4
104118,8
104119,4
104120,3
104121,6
104122,10
104123,5
104124,5
104125,10
104126,10
104127,7
104128,10
104129,1
104130,1
104131,5
104132,5
104133,4
104134,4
104135,7
104136,1
104137,9
104138,10
104139,8
104140,7
104141,6
104142,7
104143,5
104144,10
104145,10
104146,4
104147,7
104148,5
104149,5
104150,8
104151,9
104152,3
104153,3
104154,6
104155,6
104156,9
104157,6
104158,9
104159,1
104160,9
104161,9
104162,2
104163,7
104164,5
104165,5
104166,7
104167,10
104168,10
104169,5
104170,10
104171,7
104172,7
104173,7
104174,7
104175,7
104176,7
104177,9
104178,9
104179,7
104180,2
104181,6
104182,9
104183,4
104184,9
104185,9
104186,9
104187,5
104188,3
104189,5
104190,10
104191,9
104192,7
104193,6
104194,7
104195,6
104196,6
104197,6
104198,7
104199,7
104200,7
104201,8
104202,4
104203,7
104204,8
104205,5
104206,6
104207,10
104208,7
104209,7
104210,7
104211,9
104212,8
104213,6
104214,5
104215,1
104216,7
104217,2
104218,10
104219,10
104220,10
104221,2
104222,9
104223,6
104224,6
104225,8
104226,9
104227,5
104228,10
104229,10
104230,10
104231,5
104232,4
104233,9
104234,6
104235,5
104236,6
104237,3
104238,9
104239,1
104240,4
104241,1
104242,5
104243,6
104244,7
104245,7
104246,4
104247,7
104248,7
104249,5
104250,5
104251,6
104252,10
104253,6
104254,9
104255,4
104256,5
104257,8
104258,1
104259,3
104260,6
104261,3
104262,1
104263,3
104264,6
104265,8
104266,6
104267,7
104268,5
104269,6
104270,8
104271,1
104272,4
104273,10
104274,5
104275,4
104276,5
104277,8
104278,4
104279,6
104280,1
104281,4
104282,8
104283,7
104284,10
104285,9
104286,4
104287,6
104288,3
104289,9
104290,6
104291,9
104292,2
104293,2
104294,1
104295,1
104296,2
104297,5
104298,5
104299,5
104300,10
104301,8
104302,9
104303,9
104304,5
104305,9
104306,8
104307,7
104308,6
104309,10
104310,5
104311,5
104312,10
104313,8
104314,8
104315,4
104316,5
104317,5
104318,5
104319,5
104320,9
104321,6
104322,4
104323,7
104324,2
104325,6
104326,4
104327,2
104328,8
104329,4
104330,2
104331,7
104332,7
104333,7
104334,5
104335,8
104336,1
104337,9
104338,9
104339,6
104340,7
104341,5
104342,9
104343,7
104344,5
104345,6
104346,10
104347,10
104348,2
104349,7
104350,9
104351,7
104352,10
104353,10
104354,5
104355,5
104356,10
104357,2
104358,2
104359,5
104360,8
104361,2
104362,2
104363,6
104364,2
104365,2
104366,10
104367,5
104368,5
104369,6
104370,10
104371,9
104372,5
104373,1
104374,9
104375,1
104376,2
104377,5
104378,9
104379,7
104380,5
104381,5
104382,5
104383,9
104384,4
104385,6
104386,9
104387,2
104388,4
104389,8
104390,1
104391,5
104392,5
104393,5
104394,1
104395,4
104396,4
104397,4
104398,10
104399,5
104400,1
104401,6
104402,6
104403,5
104404,3
104405,5
104406,6
104407,10
104408,10
104409,8
104410,5
104411,4
104412,4
104413,9
104414,8
104415,2
104416,5
104417,10
104418,10
104419,3
104420,9
104421,2
104422,1
104423,5
104424,8
104425,3
104426,5
104427,10
104428,10
104429,5
104430,5
104431,5
104432,4
104433,8
104434,2
104435,2
104436,7
104437,2
104438,10
104439,9
104440,4
104441,5
104442,5
104443,9
104444,6
104445,9
104446,2
104447,1
104448,7
104449,1
104450,6
104451,7
104452,5
104453,10
104454,10
104455,4
104456,5
104457,10
104458,7
104459,6
104460,10
104461,10
104462,7
104463,10
104464,9
104465,10
104466,10
104467,9
104468,10
104469,9
104470,4
104471,10
104472,9
104473,4
104474,7
104475,9
104476,6
104477,7
104478,7
104479,6
104480,6
104481,10
104482,6
104483,1
104484,1
104485,5
104486,6
104487,7
104488,10
104489,5
104490,5
104491,10
104492,5
104493,5
104494,10
104495,3
104496,5
104497,9
104498,5
104499,5
104500,5
104501,5
104502,9
104503,1
104504,5
104505,8
104506,9
104507,1
104508,8
104509,1
104510,9
104511,5
104512,5
104513,7
104514,7
104515,10
104516,5
104517,6
104518,5
104519,9
104520,4
104521,10
104522,10
104523,6
104524,7
104525,1
104526,7
104527,7
104528,5
104529,10
104530,5
104531,5
104532,9
104533,4
104534,8
104535,7
104536,5
104537,8
104538,7
104539,5
104540,7
104541,6
104542,6
104543,5
104544,5
104545,10
104546,2
104547,4
104548,4
104549,4
104550,1
104551,2
104552,10
104553,10
104554,10
104555,10
104556,4
104557,6
104558,10
104559,3
104560,10
104561,5
104562,5
104563,6
104564,7
104565,7
104566,1
104567,5
104568,1
104569,10
104570,5
104571,5
104572,3
104573,9
104574,3
104575,9
104576,1
104577,4
104578,4
104579,1
104580,8
104581,10
104582,1
104583,8
104584,5
104585,10
104586,9
104587,4
104588,5
104589,5
104590,4
104591,6
104592,5
104593,8
104594,5
104595,8
104596,2
104597,9
104598,1
104599,1
104600,5
104601,6
104602,8
104603,5
104604,7
104605,7
104606,9
104607,9
104608,10
104609,10
104610,9
104611,9
104612,9
104613,10
104614,3
104615,6
104616,9
104617,4
104618,7
104619,6
104620,3
104621,1
104622,5
104623,5
104624,5
104625,7
104626,7
104627,10
104628,6
104629,5
104630,4
104631,6
104632,9
104633,1
104634,5
104635,10
104636,5
104637,5
104638,6
104639,10
104640,9
104641,5
104642,8
104643,8
104644,2
104645,10
104646,7
104647,1
104648,7
104649,1
104650,1
104651,3
104652,1
104653,9
104654,10
104655,1
104656,6
104657,7
104658,9
104659,5
104660,6
104661,3
104662,5
104663,5
104664,10
104665,5
104666,5
104667,3
104668,9
104669,7
104670,1
104671,8
104672,5
104673,7
104674,8
104675,5
104676,2
104677,9
104678,10
104679,10
104680,10
104681,10
104682,10
104683,10
104684,4
104685,8
104686,9
104687,4
104688,8
104689,4
104690,4
104691,9
104692,4
104693,8
104694,8
104695,6
104696,1
104697,7
104698,10
104699,1
104700,5
104701,6
104702,5
104703,7
104704,5
104705,10
104706,5
104707,10
104708,10
104709,10
104710,5
104711,7
104712,9
104713,4
104714,4
104715,1
104716,5
104717,4
104718,5
104719,10
104720,10
104721,5
104722,3
104723,9
104724,7
104725,10
104726,5
104727,6
104728,4
104729,5
104730,2
104731,2
104732,4
104733,4
104734,4
104735,9
104736,4
104737,10
104738,3
104739,5
104740,5
104741,5
104742,10
104743,7
104744,6
104745,6
104746,7
104747,10
104748,10
104749,10
104750,9
104751,5
104752,4
104753,9
104754,5
104755,5
104756,5
104757,2
104758,5
104759,4
104760,10
104761,5
104762,5
104763,10
104764,10
104765,10
104766,5
104767,9
104768,6
104769,9
104770,9
104771,10
104772,10
104773,9
104774,5
104775,9
104776,9
104777,4
104778,4
104779,9
104780,9
104781,9
104782,8
104783,6
104784,6
104785,7
104786,5
104787,5
104788,10
104789,5
104790,4
104791,1
104792,7
104793,5
104794,2
104795,6
104796,8
104797,8
104798,1
104799,8
104800,10
104801,5
104802,9
104803,1
104804,6
104805,5
104806,7
104807,5
104808,3
104809,7
104810,7
104811,8
104812,3
104813,2
104814,2
104815,3
104816,4
104817,4
104818,4
104819,8
104820,5
104821,7
104822,7
104823,10
104824,1
104825,1
104826,1
104827,5
104828,9
104829,7
104830,7
104831,10
104832,10
104833,10
104834,5
104835,2
104836,9
104837,8
104838,2
104839,8
104840,3
104841,3
104842,1
104843,7
104844,7
104845,5
104846,9
104847,5
104848,7
104849,3
104850,1
104851,7
104852,6
104853,5
104854,3
104855,6
104856,6
104857,8
104858,4
104859,7
104860,4
104861,4
104862,6
104863,7
104864,8
104865,3
104866,8
104867,5
104868,1
104869,3
104870,6
104871,1
104872,7
104873,5
104874,6
104875,7
104876,5
104877,1
104878,6
104879,10
104880,5
104881,6
104882,5
104883,10
104884,5
104885,5
104886,5
104887,8
104888,1
104889,10
104890,9
104891,4
104892,4
104893,3
104894,4
104895,4
104896,9
104897,1
104898,1
104899,3
104900,6
104901,7
104902,7
104903,5
104904,10
104905,5
104906,9
104907,10
104908,7
104909,6
104910,7
104911,7
104912,10
104913,6
104914,9
104915,4
104916,3
104917,5
104918,1
104919,9
104920,2
104921,2
104922,7
104923,7
104924,6
104925,9
104926,4
104927,4
104928,2
104929,9
104930,2
104931,2
104932,2
104933,7
104934,5
104935,6
104936,10
104937,5
104938,9
104939,10
104940,3
104941,7
104942,3
104943,6
104944,3
104945,7
104946,7
104947,5
104948,5
104949,5
104950,10
104951,7
104952,7
104953,7
104954,10
104955,5
104956,10
104957,9
104958,9
104959,4
104960,2
104961,6
104962,3
104963,1
104964,6
104965,6
104966,1
104967,7
104968,9
104969,9
104970,10
104971,5
104972,1
104973,1
104974,2
104975,2
104976,6
104977,10
104978,9
104979,9
104980,5
104981,4
104982,5
104983,3
104984,9
104985,3
104986,1
104987,6
104988,1
104989,10
104990,7
104991,10
104992,10
104993,6
104994,2
104995,9
104996,4
104997,5
104998,8
104999,10
105000,7
105001,5
105002,5
105003,10
105004,10
105005,5
105006,5
105007,3
105008,8
105009,5
105010,1
105011,1
105012,3
105013,7
105014,5
105015,7
105016,7
105017,7
105018,10
105019,10
105020,10
105021,10
105022,5
105023,10
105024,5
105025,5
105026,9
105027,5
105028,6
105029,4
105030,9
105031,4
105032,5
105033,4
105034,8
105035,9
105036,5
105037,5
105038,9
105039,5
105040,9
105041,9
105042,2
105043,2
105044,9
105045,3
105046,9
105047,6
105048,9
105049,6
105050,5
105051,5
105052,7
105053,6
105054,7
105055,10
105056,5
105057,9
105058,5
105059,4
105060,4
105061,5
105062,2
105063,6
105064,5
105065,5
105066,9
105067,2
105068,8
105069,9
105070,8
105071,2
105072,6
105073,9
105074,8
105075,9
105076,4
105077,4
105078,10
105079,4
105080,1
105081,3
105082,7
105083,1
105084,1
105085,7
105086,7
105087,4
105088,5
105089,4
105090,5
105091,6
105092,3
105093,6
105094,3
105095,1
105096,5
105097,5
105098,4
105099,5
105100,9
105101,9
105102,6
105103,3
105104,9
105105,5
105106,7
105107,7
105108,4
105109,4
105110,5
105111,6
105112,10
105113,10
105114,1
105115,2
105116,5
105117,2
105118,9
105119,9
105120,7
105121,7
105122,10
105123,10
105124,10
105125,4
105126,5
105127,8
105128,9
105129,7
105130,7
105131,7
105132,7
105133,6
105134,6
105135,5
105136,2
105137,7
105138,7
105139,5
105140,5
105141,6
105142,5
105143,5
105144,4
105145,6
105146,10
105147,6
105148,5
105149,8
105150,7
105151,7
105152,7
105153,1
105154,10
105155,9
105156,8
105157,5
105158,9
105159,1
105160,7
105161,2
105162,2
105163,7
105164,7
105165,7
105166,5
105167,7
105168,5
105169,5
105170,7
105171,7
105172,10
105173,3
105174,10
105175,9
105176,4
105177,5
105178,4
105179,6
105180,8
105181,7
105182,3
105183,3
105184,1
105185,8
105186,5
105187,5
105188,10
105189,5
105190,10
105191,8
105192,5
105193,9
105194,9
105195,1
105196,7
105197,5
105198,5
105199,7
105200,7
105201,10
105202,9
105203,2
105204,7
105205,6
105206,7
105207,7
105208,7
105209,9
105210,9
105211,9
105212,6
105213,3
105214,10
105215,7
105216,1
105217,4
105218,5
105219,7
105220,5
105221,3
105222,9
105223,6
105224,8
105225,10
105226,1
105227,2
105228,5
105229,10
105230,6
105231,5
105232,10
105233,10
105234,3
105235,3
105236,6
105237,9
105238,7
105239,7
105240,7
105241,1
105242,1
105243,3
105244,1
105245,9
105246,2
105247,9
105248,7
105249,7
105250,7
105251,6
105252,1
105253,2
105254,9
105255,9
105256,6
105257,9
105258,5
105259,10
105260,5
105261,5
105262,4
105263,7
105264,9
105265,9
105266,4
105267,4
105268,2
105269,2
105270,2
105271,2
105272,2
105273,10
105274,8
105275,2
105276,7
105277,5
105278,1
105279,1
105280,7
105281,5
105282,5
105283,5
105284,1
105285,6
105286,10
105287,6
105288,7
105289,1
105290,3
105291,5
105292,7
105293,10
105294,6
105295,10
105296,5
105297,10
105298,10
105299,4
105300,8
105301,9
105302,8
105303,4
105304,1
105305,5
105306,5
105307,7
105308,4
105309,4
105310,1
105311,8
105312,3
105313,9
105314,9
105315,3
105316,4
105317,6
105318,5
105319,6
105320,7
105321,7
105322,5
105323,7
105324,7
105325,7
105326,5
105327,5
105328,5
105329,5
105330,10
105331,8
105332,10
105333,10
105334,5
105335,10
105336,8
105337,6
105338,4
105339,4
105340,5
105341,10
105342,1
105343,4
105344,1
105345,3
105346,3
105347,3
105348,1
105349,5
105350,1
105351,1
105352,10
105353,10
105354,5
105355,7
105356,7
105357,7
105358,5
105359,7
105360,7
105361,5
105362,5
105363,8
105364,4
105365,5
105366,4
105367,8
105368,2
105369,9
105370,3
105371,6
105372,9
105373,9
105374,6
105375,9
105376,6
105377,5
105378,2
105379,2
105380,2
105381,2
105382,2
105383,3
105384,10
105385,2
105386,1
105387,2
105388,7
105389,5
105390,5
105391,5
105392,7
105393,10
105394,2
105395,7
105396,9
105397,6
105398,2
105399,1
105400,4
105401,10
105402,10
105403,7
105404,10
105405,2
105406,9
105407,7
105408,9
105409,7
105410,1
105411,3
105412,6
105413,7
105414,7
105415,7
105416,5
105417,9
105418,1
105419,7
105420,7
105421,7
105422,7
105423,6
105424,10
105425,2
105426,8
105427,4
105428,5
105429,10
105430,4
105431,1
105432,6
105433,7
105434,6
105435,9
105436,9
105437,8
105438,10
105439,1
105440,1
105441,1
105442,6
105443,7
105444,7
105445,8
105446,10
105447,5
105448,5
105449,10
105450,5
105451,2
105452,3
105453,4
105454,2
105455,10
105456,8
105457,1
105458,6
105459,8
105460,5
105461,5
105462,9
105463,3
105464,5
105465,7
105466,10
105467,5
105468,3
105469,5
105470,6
105471,8
105472,9
105473,9
105474,6
105475,5
105476,3
105477,5
105478,7
105479,5
105480,5
105481,10
105482,5
105483,2
105484,8
105485,4
105486,5
105487,3
105488,10
105489,9
105490,6
105491,1
105492,5
105493,7
105494,5
105495,7
105496,7
105497,7
105498,7
105499,5
105500,7
105501,5
105502,7
105503,7
105504,5
105505,10
105506,10
105507,6
105508,10
105509,9
105510,6
105511,4
105512,4
105513,9
105514,4
105515,4
105516,10
105517,7
105518,5
105519,7
105520,7
105521,5
105522,9
105523,5
105524,5
105525,8
105526,10
105527,6
105528,10
105529,10
105530,10
105531,6
105532,1
105533,3
105534,4
105535,10
105536,9
105537,6
105538,7
105539,7
105540,10
105541,5
105542,6
105543,6
105544,5
105545,1
105546,2
105547,2
105548,2
105549,2
105550,4
105551,2
105552,2
105553,2
105554,2
105555,2
105556,2
105557,8
105558,8
105559,2
105560,9
105561,6
105562,7
105563,9
105564,7
105565,1
105566,8
105567,1
105568,6
105569,7
105570,3
105571,8
105572,2
105573,7
105574,7
105575,7
105576,1
105577,7
105578,7
105579,7
105580,7
105581,7
105582,9
105583,9
105584,9
105585,4
105586,5
105587,1
105588,7
105589,7
105590,5
105591,1
105592,9
105593,7
105594,5
105595,5
105596,3
105597,4
105598,5
105599,8
105600,7
105601,4
105602,4
105603,5
105604,6
105605,9
105606,9
105607,9
105608,9
105609,1
105610,1
105611,5
105612,1
105613,7
105614,5
105615,7
105616,5
105617,5
105618,5
105619,10
105620,5
105621,10
105622,8
105623,9
105624,4
105625,4
105626,9
105627,4
105628,9
105629,8
105630,8
105631,6
105632,10
105633,10
105634,10
105635,2
105636,9
105637,9
105638,8
105639,9
105640,4
105641,9
105642,6
105643,8
105644,9
105645,10
105646,6
105647,3
105648,10
105649,10
105650,10
105651,5
105652,10
105653,10
105654,1
105655,4
105656,4
105657,1
105658,1
105659,5
105660,4
105661,6
105662,10
105663,6
105664,5
105665,10
105666,10
105667,6
105668,5
105669,7
105670,2
105671,2
105672,2
105673,2
105674,9
105675,2
105676,2
105677,2
105678,10
105679,10
105680,4
105681,7
105682,7
105683,7
105684,7
105685,7
105686,10
105687,7
105688,6
105689,9
105690,3
105691,1
105692,7
105693,5
105694,2
105695,9
105696,9
105697,2
105698,10
105699,6
105700,10
105701,5
105702,9
105703,2
105704,6
105705,6
105706,2
105707,4
105708,5
105709,6
105710,6
105711,2
105712,4
105713,4
105714,10
105715,3
105716,1
105717,2
105718,7
105719,9
105720,10
105721,10
105722,5
105723,8
105724,2
105725,2
105726,6
105727,4
105728,4
105729,5
105730,4
105731,7
105732,7
105733,2
105734,2
105735,1
105736,9
105737,9
105738,6
105739,3
105740,6
105741,6
105742,6
105743,5
105744,7
105745,7
105746,5
105747,4
105748,10
105749,4
105750,7
105751,10
105752,7
105753,7
105754,8
105755,5
105756,5
105757,5
105758,7
105759,7
105760,5
105761,7
105762,5
105763,5
105764,10
105765,10
105766,10
105767,4
105768,6
105769,4
105770,9
105771,1
105772,1
105773,7
105774,1
105775,9
105776,9
105777,7
105778,4
105779,9
105780,5
105781,5
105782,2
105783,7
105784,9
105785,4
105786,2
105787,9
105788,9
105789,10
105790,4
105791,4
105792,8
105793,7
105794,7
105795,1
105796,7
105797,5
105798,1
105799,4
105800,7
105801,5
105802,1
105803,5
105804,4
105805,3
105806,3
105807,3
105808,5
105809,8
105810,6
105811,6
105812,10
105813,9
105814,9
105815,6
105816,8
105817,8
105818,5
105819,4
105820,5
105821,4
105822,5
105823,9
105824,10
105825,1
105826,6
105827,10
105828,10
105829,1
105830,4
105831,4
105832,10
105833,10
105834,5
105835,4
105836,6
105837,6
105838,5
105839,5
105840,1
105841,5
105842,10
105843,10
105844,4
105845,5
105846,6
105847,2
105848,10
105849,8
105850,9
105851,6
105852,6
105853,10
105854,6
105855,3
105856,3
105857,1
105858,4
105859,9
105860,5
105861,7
105862,6
105863,6
105864,5
105865,1
105866,2
105867,7
105868,7
105869,2
105870,10
105871,10
105872,5
105873,5
105874,10
105875,5
105876,5
105877,4
105878,2
105879,10
105880,10
105881,10
105882,10
105883,10
105884,10
105885,10
105886,10
105887,10
105888,10
105889,10
105890,10
105891,10
105892,3
105893,10
105894,10
105895,10
105896,10
105897,9
105898,10
105899,10
105900,10
105901,4
105902,4
105903,9
105904,1
105905,8
105906,8
105907,7
105908,7
105909,5
105910,9
105911,8
105912,8
105913,1
105914,5
105915,5
105916,10
105917,5
105918,5
105919,4
105920,5
105921,3
105922,1
105923,9
105924,5
105925,6
105926,8
105927,5
105928,10
105929,2
105930,8
105931,5
105932,5
105933,4
105934,10
105935,8
105936,9
105937,8
105938,4
105939,4
105940,5
105941,6
105942,4
105943,9
105944,10
105945,5
105946,9
105947,9
105948,4
105949,9
105950,3
105951,6
105952,6
105953,8
105954,5
105955,5
105956,3
105957,6
105958,1
105959,1
105960,9
105961,6
105962,3
105963,9
105964,9
105965,8
105966,5
105967,5
105968,1
105969,6
105970,9
105971,1
105972,1
105973,9
105974,6
105975,5
105976,8
105977,1
105978,7
105979,5
105980,7
105981,5
105982,6
105983,7
105984,7
105985,5
105986,1
105987,7
105988,7
105989,5
105990,5
105991,5
105992,10
105993,8
105994,5
105995,4
105996,9
105997,4
105998,8
105999,4
106000,7
106001,5
106002,4
106003,10
106004,7
106005,5
106006,7
106007,1
106008,7
106009,7
106010,3
106011,7
106012,5
106013,5
106014,1
106015,7
106016,5
106017,5
106018,1
106019,10
106020,5
106021,8
106022,7
106023,3
106024,1
106025,3
106026,1
106027,6
106028,4
106029,3
106030,5
106031,2
106032,1
106033,1
106034,9
106035,9
106036,4
106037,9
106038,7
106039,10
106040,6
106041,8
106042,7
106043,5
106044,10
106045,5
106046,9
106047,5
106048,2
106049,9
106050,6
106051,8
106052,8
106053,4
106054,4
106055,9
106056,2
106057,9
106058,4
106059,8
106060,8
106061,4
106062,8
106063,1
106064,1
106065,7
106066,7
106067,9
106068,7
106069,7
106070,7
106071,7
106072,7
106073,4
106074,9
106075,7
106076,5
106077,5
106078,1
106079,7
106080,10
106081,10
106082,1
106083,10
106084,7
106085,7
106086,2
106087,7
106088,5
106089,7
106090,6
106091,7
106092,10
106093,10
106094,7
106095,1
106096,6
106097,6
106098,1
106099,1
106100,7
106101,5
106102,9
106103,8
106104,7
106105,10
106106,10
106107,7
106108,1
106109,1
106110,8
106111,7
106112,7
106113,10
106114,10
106115,4
106116,1
106117,9
106118,5
106119,3
106120,5
106121,1
106122,1
106123,7
106124,5
106125,6
106126,5
106127,8
106128,5
106129,9
106130,9
106131,4
106132,7
106133,5
106134,8
106135,1
106136,9
106137,10
106138,3
106139,1
106140,9
106141,1
106142,3
106143,1
106144,1
106145,1
106146,1
106147,3
106148,7
106149,5
106150,7
106151,7
106152,7
106153,6
106154,5
106155,1
106156,7
106157,5
106158,7
106159,7
106160,6
106161,10
106162,5
106163,5
106164,10
106165,5
106166,5
106167,5
106168,10
106169,10
106170,10
106171,10
106172,5
106173,10
106174,4
106175,4
106176,4
106177,5
106178,5
106179,5
106180,4
106181,10
106182,9
106183,6
106184,1
106185,1
106186,3
106187,5
106188,9
106189,9
106190,8
106191,7
106192,5
106193,10
106194,5
106195,5
106196,5
106197,9
106198,6
106199,1
106200,9
106201,6
106202,9
106203,5
106204,1
106205,9
106206,1
106207,10
106208,5
106209,9
106210,3
106211,9
106212,2
106213,2
106214,9
106215,7
106216,7
106217,2
106218,9
106219,9
106220,8
106221,10
106222,10
106223,7
106224,2
106225,9
106226,2
106227,9
106228,2
106229,4
106230,9
106231,9
106232,2
106233,9
106234,4
106235,8
106236,6
106237,4
106238,10
106239,7
106240,5
106241,5
106242,10
106243,5
106244,7
106245,5
106246,5
106247,7
106248,9
106249,4
106250,4
106251,7
106252,5
106253,4
106254,1
106255,7
106256,8
106257,5
106258,5
106259,4
106260,4
106261,2
106262,5
106263,7
106264,7
106265,5
106266,5
106267,10
106268,4
106269,5
106270,1
106271,1
106272,7
106273,7
106274,7
106275,7
106276,7
106277,7
106278,2
106279,5
106280,7
106281,9
106282,6
106283,7
106284,5
106285,6
106286,7
106287,10
106288,5
106289,10
106290,10
106291,5
106292,5
106293,8
106294,4
106295,9
106296,8
106297,1
106298,1
106299,7
106300,6
106301,10
106302,8
106303,4
106304,6
106305,4
106306,6
106307,7
106308,3
106309,10
106310,7
106311,1
106312,3
106313,7
106314,6
106315,7
106316,7
106317,5
106318,10
106319,5
106320,5
106321,10
106322,2
106323,4
106324,4
106325,2
106326,8
106327,1
106328,9
106329,5
106330,5
106331,10
106332,5
106333,10
106334,3
106335,3
106336,2
106337,9
106338,3
106339,3
106340,2
106341,5
106342,7
106343,6
106344,7
106345,5
106346,5
106347,7
106348,5
106349,3
106350,1
106351,1
106352,1
106353,8
106354,1
106355,5
106356,7
106357,7
106358,5
106359,7
106360,5
106361,1
106362,7
106363,7
106364,7
106365,5
106366,5
106367,7
106368,10
106369,10
106370,10
106371,10
106372,5
106373,10
106374,5
106375,6
106376,5
106377,5
106378,4
106379,5
106380,4
106381,4
106382,1
106383,3
106384,1
106385,4
106386,6
106387,9
106388,8
106389,1
106390,7
106391,6
106392,9
106393,10
106394,10
106395,4
106396,1
106397,7
106398,5
106399,10
106400,10
106401,8
106402,2
106403,4
106404,8
106405,10
106406,6
106407,8
106408,5
106409,4
106410,6
106411,4
106412,7
106413,10
106414,7
106415,6
106416,7
106417,5
106418,5
106419,10
106420,5
106421,10
106422,10
106423,10
106424,4
106425,3
106426,2
106427,2
106428,2
106429,1
106430,1
106431,2
106432,2
106433,4
106434,7
106435,9
106436,3
106437,6
106438,3
106439,6
106440,9
106441,6
106442,1
106443,5
106444,5
106445,9
106446,5
106447,10
106448,9
106449,9
106450,2
106451,2
106452,8
106453,4
106454,9
106455,4
106456,9
106457,9
106458,3
106459,3
106460,8
106461,9
106462,9
106463,5
106464,7
106465,5
106466,6
106467,10
106468,5
106469,7
106470,2
106471,8
106472,1
106473,5
106474,7
106475,7
106476,2
106477,7
106478,5
106479,1
106480,8
106481,5
106482,5
106483,2
106484,9
106485,2
106486,7
106487,1
106488,5
106489,10
106490,10
106491,10
106492,10
106493,10
106494,2
106495,9
106496,5
106497,5
106498,4
106499,4
106500,10
106501,2
106502,8
106503,4
106504,7
106505,6
106506,6
106507,10
106508,10
106509,5
106510,10
106511,10
106512,10
106513,5
106514,9
106515,3
106516,1
106517,7
106518,5
106519,5
106520,3
106521,5
106522,5
106523,1
106524,5
106525,1
106526,9
106527,2
106528,9
106529,9
106530,2
106531,5
106532,9
106533,2
106534,7
106535,2
106536,6
106537,7
106538,7
106539,10
106540,5
106541,2
106542,10
106543,10
106544,10
106545,5
106546,10
106547,6
106548,8
106549,10
106550,5
106551,9
106552,5
106553,5
106554,8
106555,8
106556,2
106557,6
106558,4
106559,4
106560,9
106561,10
106562,3
106563,7
106564,6
106565,10
106566,10
106567,10
106568,9
106569,8
106570,4
106571,8
106572,4
106573,9
106574,10
106575,6
106576,7
106577,10
106578,10
106579,6
106580,10
106581,6
106582,1
106583,1
106584,10
106585,10
106586,10
106587,8
106588,4
106589,5
106590,6
106591,9
106592,5
106593,7
106594,5
106595,10
106596,1
106597,7
106598,7
106599,7
106600,4
106601,5
106602,9
106603,1
106604,7
106605,7
106606,7
106607,1
106608,7
106609,7
106610,7
106611,7
106612,7
106613,7
106614,7
106615,7
106616,2
106617,6
106618,10
106619,10
106620,10
106621,10
106622,10
106623,5
106624,10
106625,6
106626,6
106627,7
106628,7
106629,7
106630,6
106631,6
106632,1
106633,3
106634,8
106635,7
106636,7
106637,6
106638,4
106639,5
106640,1
106641,7
106642,7
106643,5
106644,10
106645,10
106646,6
106647,5
106648,6
106649,10
106650,5
106651,1
106652,5
106653,10
106654,8
106655,5
106656,9
106657,9
106658,9
106659,9
106660,9
106661,3
106662,5
106663,10
106664,6
106665,4
106666,7
106667,2
106668,2
106669,2
106670,8
106671,2
106672,5
106673,7
106674,6
106675,9
106676,7
106677,5
106678,10
106679,5
106680,10
106681,8
106682,7
106683,8
106684,7
106685,7
106686,9
106687,9
106688,9
106689,2
106690,2
106691,2
106692,8
106693,8
106694,1
106695,9
106696,9
106697,7
106698,9
106699,6
106700,9
106701,1
106702,10
106703,8
106704,1
106705,7
106706,5
106707,5
106708,10
106709,10
106710,4
106711,4
106712,7
106713,7
106714,7
106715,7
106716,4
106717,7
106718,6
106719,7
106720,10
106721,6
106722,1
106723,7
106724,7
106725,7
106726,2
106727,10
106728,5
106729,2
106730,5
106731,3
106732,5
106733,5
106734,10
106735,10
106736,5
106737,7
106738,1
106739,8
106740,1
106741,1
106742,6
106743,9
106744,3
106745,7
106746,1
106747,6
106748,5
106749,10
106750,10
106751,4
106752,5
106753,5
106754,5
106755,7
106756,9
106757,4
106758,6
106759,9
106760,7
106761,7
106762,9
106763,8
106764,4
106765,5
106766,3
106767,5
106768,8
106769,3
106770,1
106771,1
106772,3
106773,5
106774,1
106775,10
106776,7
106777,7
106778,4
106779,5
106780,5
106781,7
106782,7
106783,7
106784,5
106785,6
106786,7
106787,1
106788,10
106789,5
106790,10
106791,5
106792,10
106793,8
106794,1
106795,3
106796,4
106797,5
106798,5
106799,4
106800,8
106801,10
106802,7
106803,4
106804,3
106805,10
106806,8
106807,9
106808,9
106809,6
106810,1
106811,1
106812,7
106813,1
106814,7
106815,7
106816,10
106817,10
106818,10
106819,10
106820,10
106821,1
106822,10
106823,10
106824,10
106825,10
106826,3
106827,10
106828,10
106829,9
106830,8
106831,9
106832,9
106833,9
106834,7
106835,6
106836,1
106837,5
106838,9
106839,9
106840,3
106841,5
106842,5
106843,10
106844,5
106845,10
106846,10
106847,9
106848,5
106849,4
106850,4
106851,4
106852,1
106853,6
106854,9
106855,2
106856,7
106857,7
106858,4
106859,9
106860,2
106861,2
106862,2
106863,2
106864,9
106865,8
106866,2
106867,9
106868,9
106869,4
106870,8
106871,1
106872,5
106873,5
106874,9
106875,7
106876,5
106877,5
106878,10
106879,10
106880,5
106881,2
106882,4
106883,8
106884,9
106885,5
106886,9
106887,6
106888,2
106889,2
106890,8
106891,3
106892,4
106893,4
106894,9
106895,8
106896,8
106897,7
106898,7
106899,10
106900,10
106901,5
106902,8
106903,5
106904,6
106905,10
106906,8
106907,9
106908,8
106909,1
106910,1
106911,1
106912,5
106913,5
106914,5
106915,9
106916,6
106917,6
106918,1
106919,5
106920,8
106921,4
106922,9
106923,9
106924,4
106925,7
106926,7
106927,7
106928,7
106929,7
106930,7
106931,5
106932,6
106933,7
106934,5
106935,5
106936,5
106937,5
106938,6
106939,5
106940,4
106941,1
106942,5
106943,6
106944,4
106945,5
106946,4
106947,4
106948,4
106949,5
106950,4
106951,4
106952,4
106953,7
106954,8
106955,9
106956,9
106957,9
106958,2
106959,6
106960,9
106961,6
106962,9
106963,6
106964,9
106965,5
106966,9
106967,3
106968,5
106969,7
106970,5
106971,7
106972,7
106973,5
106974,10
106975,5
106976,5
106977,10
106978,6
106979,6
106980,4
106981,4
106982,4
106983,4
106984,5
106985,1
106986,3
106987,1
106988,1
106989,5
106990,6
106991,2
106992,2
106993,1
106994,5
106995,6
106996,4
106997,9
106998,3
106999,7
107000,7
107001,5
107002,10
107003,5
107004,1
107005,5
107006,9
107007,1
107008,7
107009,10
107010,5
107011,5
107012,5
107013,10
107014,4
107015,4
107016,8
107017,3
107018,1
107019,9
107020,2
107021,9
107022,9
107023,2
107024,8
107025,2
107026,7
107027,10
107028,10
107029,10
107030,2
107031,6
107032,7
107033,7
107034,5
107035,5
107036,7
107037,7
107038,9
107039,2
107040,8
107041,8
107042,4
107043,8
107044,7
107045,7
107046,7
107047,7
107048,10
107049,7
107050,7
107051,7
107052,7
107053,8
107054,6
107055,1
107056,3
107057,1
107058,5
107059,7
107060,5
107061,5
107062,8
107063,6
107064,2
107065,7
107066,7
107067,7
107068,4
107069,7
107070,7
107071,1
107072,7
107073,7
107074,7
107075,1
107076,10
107077,7
107078,7
107079,7
107080,8
107081,9
107082,6
107083,1
107084,8
107085,6
107086,7
107087,5
107088,10
107089,10
107090,5
107091,4
107092,9
107093,8
107094,6
107095,7
107096,4
107097,4
107098,2
107099,5
107100,1
107101,7
107102,5
107103,5
107104,3
107105,6
107106,1
107107,5
107108,6
107109,5
107110,5
107111,4
107112,7
107113,9
107114,9
107115,5
107116,5
107117,6
107118,4
107119,10
107120,10
107121,5
107122,3
107123,8
107124,3
107125,1
107126,5
107127,1
107128,1
107129,1
107130,9
107131,5
107132,5
107133,10
107134,8
107135,7
107136,7
107137,7
107138,7
107139,7
107140,5
107141,7
107142,7
107143,7
107144,6
107145,7
107146,7
107147,6
107148,5
107149,5
107150,5
107151,10
107152,10
107153,8
107154,10
107155,6
107156,9
107157,5
107158,5
107159,6
107160,8
107161,9
107162,6
107163,9
107164,8
107165,4
107166,5
107167,5
107168,7
107169,4
107170,9
107171,7
107172,1
107173,5
107174,8
107175,8
107176,5
107177,6
107178,8
107179,10
107180,4
107181,8
107182,10
107183,10
107184,10
107185,5
107186,6
107187,4
107188,5
107189,9
107190,9
107191,3
107192,8
107193,5
107194,7
107195,1
107196,1
107197,9
107198,6
107199,3
107200,3
107201,9
107202,10
107203,9
107204,9
107205,10
107206,9
107207,1
107208,7
107209,2
107210,2
107211,9
107212,2
107213,4
107214,2
107215,6
107216,6
107217,10
107218,8
107219,10
107220,2
107221,10
107222,9
107223,4
107224,9
107225,6
107226,5
107227,1
107228,1
107229,2
107230,7
107231,7
107232,5
107233,8
107234,3
107235,1
107236,8
107237,5
107238,1
107239,2
107240,2
107241,7
107242,5
107243,10
107244,10
107245,4
107246,5
107247,10
107248,2
107249,4
107250,8
107251,9
107252,1
107253,4
107254,5
107255,5
107256,1
107257,5
107258,7
107259,10
107260,2
107261,9
107262,5
107263,5
107264,2
107265,9
107266,6
107267,8
107268,8
107269,4
107270,6
107271,3
107272,1
107273,2
107274,2
107275,8
107276,1
107277,5
107278,5
107279,6
107280,10
107281,1
107282,9
107283,6
107284,5
107285,5
107286,9
107287,1
107288,5
107289,2
107290,2
107291,2
107292,1
107293,2
107294,2
107295,1
107296,4
107297,9
107298,9
107299,7
107300,9
107301,9
107302,9
107303,9
107304,9
107305,10
107306,2
107307,1
107308,6
107309,9
107310,7
107311,6
107312,9
107313,9
107314,10
107315,10
107316,8
107317,3
107318,5
107319,5
107320,5
107321,5
107322,3
107323,1
107324,1
107325,5
107326,5
107327,10
107328,3
107329,7
107330,7
107331,7
107332,5
107333,5
107334,7
107335,7
107336,7
107337,1
107338,5
107339,5
107340,10
107341,5
107342,6
107343,10
107344,10
107345,4
107346,4
107347,5
107348,4
107349,4
107350,6
107351,9
107352,9
107353,6
107354,5
107355,4
107356,4
107357,4
107358,4
107359,5
107360,1
107361,5
107362,1
107363,7
107364,7
107365,7
107366,10
107367,5
107368,4
107369,1
107370,7
107371,8
107372,7
107373,7
107374,5
107375,10
107376,5
107377,6
107378,10
107379,10
107380,2
107381,9
107382,1
107383,6
107384,9
107385,6
107386,9
107387,7
107388,10
107389,4
107390,9
107391,6
107392,7
107393,1
107394,7
107395,6
107396,1
107397,7
107398,7
107399,7
107400,7
107401,7
107402,7
107403,1
107404,7
107405,1
107406,7
107407,7
107408,7
107409,7
107410,7
107411,1
107412,5
107413,1
107414,5
107415,5
107416,10
107417,5
107418,4
107419,8
107420,4
107421,7
107422,7
107423,9
107424,1
107425,5
107426,10
107427,7
107428,5
107429,8
107430,5
107431,5
107432,4
107433,4
107434,2
107435,2
107436,8
107437,5
107438,10
107439,5
107440,2
107441,8
107442,2
107443,8
107444,8
107445,2
107446,2
107447,9
107448,9
107449,4
107450,5
107451,1
107452,5
107453,1
107454,10
107455,10
107456,1
107457,1
107458,7
107459,7
107460,7
107461,2
107462,10
107463,5
107464,6
107465,9
107466,10
107467,5
107468,5
107469,7
107470,2
107471,7
107472,2
107473,7
107474,4
107475,1
107476,3
107477,5
107478,5
107479,4
107480,5
107481,10
107482,9
107483,6
107484,6
107485,5
107486,6
107487,7
107488,10
107489,5
107490,10
107491,10
107492,9
107493,5
107494,6
107495,1
107496,7
107497,2
107498,5
107499,10
107500,5
107501,5
107502,5
107503,8
107504,3
107505,1
107506,9
107507,9
107508,7
107509,1
107510,5
107511,6
107512,5
107513,1
107514,6
107515,1
107516,6
107517,7
107518,6
107519,4
107520,6
107521,6
107522,9
107523,7
107524,5
107525,7
107526,7
107527,5
107528,7
107529,7
107530,8
107531,5
107532,10
107533,5
107534,10
107535,10
107536,10
107537,10
107538,3
107539,6
107540,9
107541,8
107542,4
107543,3
107544,3
107545,4
107546,1
107547,4
107548,4
107549,10
107550,7
107551,7
107552,8
107553,8
107554,4
107555,6
107556,4
107557,10
107558,10
107559,9
107560,7
107561,7
107562,10
107563,10
107564,10
107565,10
107566,8
107567,6
107568,10
107569,6
107570,3
107571,6
107572,1
107573,1
107574,7
107575,3
107576,6
107577,9
107578,7
107579,7
107580,5
107581,8
107582,9
107583,5
107584,10
107585,5
107586,9
107587,7
107588,10
107589,5
107590,1
107591,7
107592,7
107593,9
107594,1
107595,7
107596,9
107597,2
107598,2
107599,2
107600,10
107601,10
107602,10
107603,10
107604,10
107605,5
107606,5
107607,9
107608,6
107609,5
107610,1
107611,2
107612,9
107613,7
107614,9
107615,5
107616,10
107617,5
107618,2
107619,2
107620,2
107621,9
107622,4
107623,9
107624,1
107625,1
107626,9
107627,10
107628,10
107629,5
107630,8
107631,6
107632,6
107633,5
107634,10
107635,4
107636,9
107637,3
107638,5
107639,4
107640,4
107641,2
107642,6
107643,6
107644,7
107645,1
107646,5
107647,1
107648,9
107649,3
107650,10
107651,8
107652,9
107653,9
107654,9
107655,4
107656,7
107657,5
107658,4
107659,7
107660,5
107661,7
107662,7
107663,6
107664,9
107665,10
107666,5
107667,5
107668,10
107669,10
107670,6
107671,2
107672,9
107673,10
107674,9
107675,8
107676,3
107677,4
107678,4
107679,8
107680,4
107681,4
107682,9
107683,8
107684,5
107685,9
107686,8
107687,8
107688,5
107689,6
107690,5
107691,2
107692,2
107693,9
107694,9
107695,9
107696,5
107697,5
107698,4
107699,9
107700,9
107701,9
107702,10
107703,10
107704,10
107705,1
107706,10
107707,5
107708,6
107709,5
107710,10
107711,10
107712,6
107713,10
107714,10
107715,3
107716,10
107717,10
107718,10
107719,10
107720,10
107721,10
107722,10
107723,8
107724,6
107725,10
107726,4
107727,10
107728,1
107729,6
107730,10
107731,9
107732,5
107733,1
107734,10
107735,4
107736,10
107737,10
107738,10
107739,10
107740,10
107741,7
107742,10
107743,4
107744,10
107745,4
107746,9
107747,4
107748,1
107749,4
107750,8
107751,4
107752,8
107753,10
107754,6
107755,1
107756,6
107757,2
107758,3
107759,5
107760,10
107761,10
107762,10
107763,7
107764,7
107765,5
107766,8
107767,5
107768,4
107769,5
107770,4
107771,6
107772,5
107773,6
107774,1
107775,9
107776,9
107777,5
107778,4
107779,7
107780,9
107781,1
107782,3
107783,9
107784,4
107785,1
107786,1
107787,1
107788,5
107789,5
107790,2
107791,9
107792,5
107793,7
107794,7
107795,10
107796,10
107797,7
107798,8
107799,7
107800,9
107801,9
107802,7
107803,1
107804,9
107805,5
107806,5
107807,1
107808,7
107809,9
107810,6
107811,9
107812,7
107813,9
107814,4
107815,7
107816,8
107817,10
107818,10
107819,5
107820,7
107821,3
107822,7
107823,1
107824,4
107825,3
107826,2
107827,2
107828,9
107829,5
107830,5
107831,5
107832,9
107833,4
107834,1
107835,1
107836,10
107837,5
107838,7
107839,8
107840,10
107841,10
107842,4
107843,3
107844,1
107845,3
107846,8
107847,5
107848,2
107849,2
107850,1
107851,10
107852,10
107853,8
107854,8
107855,7
107856,4
107857,9
107858,5
107859,8
107860,2
107861,4
107862,8
107863,9
107864,8
107865,8
107866,9
107867,1
107868,5
107869,5
107870,1
107871,3
107872,2
107873,9
107874,6
107875,5
107876,7
107877,5
107878,6
107879,9
107880,1
107881,5
107882,6
107883,9
107884,10
107885,5
107886,4
107887,3
107888,9
107889,3
107890,6
107891,6
107892,9
107893,9
107894,6
107895,9
107896,6
107897,9
107898,1
107899,1
107900,6
107901,2
107902,7
107903,7
107904,6
107905,10
107906,5
107907,5
107908,10
107909,10
107910,10
107911,10
107912,6
107913,4
107914,4
107915,8
107916,9
107917,9
107918,9
107919,10
107920,10
107921,6
107922,1
107923,5
107924,1
107925,9
107926,6
107927,3
107928,7
107929,7
107930,1
107931,7
107932,5
107933,7
107934,7
107935,5
107936,7
107937,7
107938,7
107939,6
107940,10
107941,5
107942,10
107943,5
107944,5
107945,10
107946,10
107947,6
107948,9
107949,4
107950,4
107951,5
107952,4
107953,2
107954,8
107955,3
107956,3
107957,9
107958,7
107959,4
107960,9
107961,6
107962,10
107963,6
107964,6
107965,7
107966,3
107967,9
107968,10
107969,9
107970,6
107971,6
107972,9
107973,8
107974,8
107975,6
107976,1
107977,8
107978,7
107979,7
107980,7
107981,2
107982,8
107983,7
107984,1
107985,7
107986,6
107987,1
107988,7
107989,10
107990,2
107991,7
107992,8
107993,4
107994,9
107995,3
107996,5
107997,8
107998,1
107999,4
108000,7
108001,7
108002,6
108003,5
108004,9
108005,5
108006,5
108007,9
108008,3
108009,9
108010,1
108011,10
108012,5
108013,4
108014,9
108015,8
108016,6
108017,3
108018,6
108019,1
108020,10
108021,6
108022,7
108023,3
108024,7
108025,6
108026,1
108027,7
108028,7
108029,1
108030,7
108031,1
108032,7
108033,5
108034,4
108035,5
108036,2
108037,4
108038,10
108039,4
108040,4
108041,8
108042,9
108043,6
108044,7
108045,7
108046,3
108047,5
108048,7
108049,9
108050,5
108051,4
108052,5
108053,9
108054,10
108055,6
108056,1
108057,3
108058,5
108059,5
108060,1
108061,1
108062,7
108063,1
108064,7
108065,5
108066,5
108067,10
108068,10
108069,4
108070,9
108071,3
108072,9
108073,4
108074,3
108075,5
108076,1
108077,1
108078,5
108079,5
108080,9
108081,9
108082,9
108083,9
108084,6
108085,1
108086,5
108087,10
108088,5
108089,10
108090,9
108091,1
108092,10
108093,1
108094,9
108095,6
108096,1
108097,1
108098,5
108099,1
108100,1
108101,7
108102,10
108103,5
108104,8
108105,9
108106,9
108107,3
108108,9
108109,3
108110,10
108111,6
108112,1
108113,7
108114,8
108115,9
108116,4
108117,2
108118,8
108119,2
108120,9
108121,6
108122,1
108123,1
108124,1
108125,6
108126,4
108127,10
108128,5
108129,10
108130,5
108131,1
108132,5
108133,7
108134,6
108135,5
108136,3
108137,7
108138,5
108139,4
108140,8
108141,9
108142,6
108143,6
108144,10
108145,7
108146,1
108147,7
108148,6
108149,7
108150,7
108151,9
108152,5
108153,5
108154,5
108155,7
108156,4
108157,7
108158,7
108159,3
108160,5
108161,4
108162,4
108163,1
108164,5
108165,5
108166,9
108167,9
108168,7
108169,1
108170,5
108171,10
108172,4
108173,4
108174,5
108175,6
108176,5
108177,1
108178,9
108179,5
108180,10
108181,10
108182,9
108183,8
108184,1
108185,2
108186,7
108187,7
108188,5
108189,10
108190,5
108191,9
108192,5
108193,3
108194,5
108195,1
108196,7
108197,1
108198,7
108199,7
108200,7
108201,6
108202,10
108203,10
108204,4
108205,1
108206,6
108207,7
108208,7
108209,5
108210,10
108211,7
108212,3
108213,6
108214,3
108215,5
108216,10
108217,5
108218,5
108219,4
108220,5
108221,5
108222,4
108223,5
108224,9
108225,6
108226,9
108227,6
108228,6
108229,9
108230,8
108231,4
108232,5
108233,2
108234,10
108235,10
108236,8
108237,2
108238,9
108239,9
108240,9
108241,9
108242,9
108243,6
108244,3
108245,5
108246,5
108247,3
108248,7
108249,2
108250,2
108251,2
108252,7
108253,3
108254,7
108255,2
108256,10
108257,8
108258,2
108259,7
108260,7
108261,8
108262,4
108263,6
108264,9
108265,9
108266,9
108267,9
108268,9
108269,5
108270,9
108271,7
108272,2
108273,2
108274,2
108275,9
108276,1
108277,10
108278,1
108279,6
108280,3
108281,3
108282,7
108283,5
108284,1
108285,7
108286,7
108287,7
108288,5
108289,5
108290,8
108291,4
108292,8
108293,4
108294,9
108295,4
108296,4
108297,3
108298,10
108299,5
108300,10
108301,8
108302,4
108303,4
108304,10
108305,1
108306,10
108307,6
108308,3
108309,9
108310,5
108311,7
108312,6
108313,10
108314,5
108315,2
108316,10
108317,6
108318,8
108319,8
108320,9
108321,5
108322,9
108323,5
108324,4
108325,9
108326,5
108327,6
108328,9
108329,7
108330,6
108331,9
108332,5
108333,5
108334,5
108335,6
108336,7
108337,3
108338,7
108339,5
108340,7
108341,7
108342,10
108343,5
108344,6
108345,2
108346,9
108347,8
108348,9
108349,9
108350,9
108351,2
108352,10
108353,4
108354,4
108355,9
108356,1
108357,3
108358,5
108359,5
108360,5
108361,2
108362,7
108363,5
108364,7
108365,10
108366,7
108367,2
108368,5
108369,6
108370,9
108371,9
108372,4
108373,4
108374,7
108375,4
108376,2
108377,9
108378,10
108379,7
108380,7
108381,9
108382,9
108383,9
108384,9
108385,7
108386,7
108387,7
108388,8
108389,9
108390,7
108391,5
108392,10
108393,10
108394,4
108395,7
108396,7
108397,1
108398,7
108399,1
108400,7
108401,7
108402,7
108403,6
108404,7
108405,7
108406,7
108407,7
108408,7
108409,8
108410,7
108411,6
108412,7
108413,7
108414,6
108415,1
108416,7
108417,10
108418,7
108419,1
108420,5
108421,5
108422,1
108423,5
108424,10
108425,5
108426,10
108427,4
108428,4
108429,5
108430,3
108431,6
108432,1
108433,7
108434,10
108435,5
108436,10
108437,4
108438,4
108439,2
108440,9
108441,3
108442,7
108443,8
108444,5
108445,9
108446,5
108447,1
108448,5
108449,5
108450,10
108451,8
108452,3
108453,7
108454,4
108455,4
108456,9
108457,6
108458,10
108459,10
108460,5
108461,10
108462,5
108463,2
108464,5
108465,8
108466,1
108467,7
108468,2
108469,2
108470,9
108471,5
108472,8
108473,10
108474,2
108475,10
108476,10
108477,5
108478,5
108479,7
108480,7
108481,7
108482,7
108483,10
108484,2
108485,2
108486,8
108487,3
108488,1
108489,5
108490,10
108491,9
108492,10
108493,5
108494,5
108495,5
108496,4
108497,1
108498,7
108499,10
108500,4
108501,2
108502,2
108503,2
108504,10
108505,10
108506,10
108507,6
108508,10
108509,10
108510,10
108511,2
108512,7
108513,10
108514,2
108515,9
108516,5
108517,7
108518,5
108519,8
108520,4
108521,2
108522,9
108523,9
108524,10
108525,2
108526,10
108527,2
108528,6
108529,9
108530,10
108531,6
108532,4
108533,10
108534,6
108535,2
108536,2
108537,2
108538,7
108539,1
108540,4
108541,2
108542,10
108543,10
108544,8
108545,10
108546,5
108547,5
108548,4
108549,4
108550,2
108551,2
108552,7
108553,10
108554,5
108555,10
108556,10
108557,4
108558,8
108559,8
108560,9
108561,7
108562,7
108563,5
108564,1
108565,1
108566,9
108567,9
108568,10
108569,10
108570,5
108571,8
108572,8
108573,10
108574,10
108575,7
108576,10
108577,7
108578,3
108579,5
108580,4
108581,4
108582,9
108583,9
108584,7
108585,5
108586,8
108587,5
108588,2
108589,10
108590,5
108591,9
108592,8
108593,9
108594,7
108595,7
108596,7
108597,9
108598,5
108599,1
108600,5
108601,10
108602,5
108603,5
108604,5
108605,8
108606,4
108607,5
108608,4
108609,9
108610,5
108611,5
108612,6
108613,10
108614,5
108615,4
108616,8
108617,1
108618,6
108619,1
108620,1
108621,3
108622,6
108623,7
108624,1
108625,5
108626,3
108627,1
108628,1
108629,5
108630,1
108631,5
108632,5
108633,5
108634,5
108635,5
108636,5
108637,10
108638,4
108639,4
108640,4
108641,9
108642,5
108643,10
108644,4
108645,2
108646,2
108647,7
108648,8
108649,7
108650,6
108651,8
108652,10
108653,9
108654,8
108655,6
108656,10
108657,10
108658,10
108659,10
108660,6
108661,10
108662,10
108663,10
108664,6
108665,10
108666,4
108667,4
108668,6
108669,4
108670,4
108671,4
108672,4
108673,4
108674,1
108675,3
108676,10
108677,10
108678,5
108679,10
108680,4
108681,5
108682,4
108683,4
108684,5
108685,9
108686,5
108687,5
108688,5
108689,5
108690,9
108691,4
108692,7
108693,5
108694,5
108695,10
108696,4
108697,4
108698,4
108699,5
108700,7
108701,8
108702,10
108703,10
108704,5
108705,5
108706,7
108707,10
108708,10
108709,9
108710,5
108711,5
108712,10
108713,4
108714,1
108715,6
108716,10
108717,5
108718,4
108719,2
108720,9
108721,9
108722,1
108723,6
108724,4
108725,8
108726,5
108727,10
108728,10
108729,6
108730,10
108731,9
108732,9
108733,4
108734,10
108735,5
108736,10
108737,5
108738,10
108739,9
108740,4
108741,5
108742,9
108743,9
108744,4
108745,4
108746,4
108747,9
108748,5
108749,6
108750,9
108751,5
108752,1
108753,10
108754,10
108755,5
108756,9
108757,6
108758,5
108759,9
108760,5
108761,9
108762,3
108763,9
108764,3
108765,1
108766,3
108767,6
108768,6
108769,6
108770,10
108771,5
108772,10
108773,8
108774,4
108775,4
108776,5
108777,8
108778,4
108779,9
108780,7
108781,9
108782,7
108783,4
108784,4
108785,5
108786,4
108787,4
108788,5
108789,4
108790,6
108791,9
108792,8
108793,5
108794,5
108795,9
108796,9
108797,10
108798,10
108799,5
108800,4
108801,7
108802,10
108803,8
108804,9
108805,9
108806,10
108807,6
108808,3
108809,5
108810,10
108811,5
108812,9
108813,9
108814,6
108815,10
108816,4
108817,9
108818,4
108819,9
108820,7
108821,6
108822,5
108823,2
108824,5
108825,6
108826,7
108827,9
108828,5
108829,9
108830,3
108831,1
108832,5
108833,3
108834,1
108835,7
108836,7
108837,7
108838,10
108839,8
108840,5
108841,9
108842,5
108843,10
108844,10
108845,4
108846,4
108847,4
108848,5
108849,4
108850,1
108851,8
108852,7
108853,9
108854,6
108855,9
108856,2
108857,4
108858,2
108859,2
108860,2
108861,6
108862,9
108863,9
108864,1
108865,8
108866,9
108867,9
108868,5
108869,1
108870,6
108871,4
108872,6
108873,7
108874,7
108875,7
108876,7
108877,7
108878,5
108879,1
108880,7
108881,7
108882,7
108883,7
108884,7
108885,7
108886,7
108887,7
108888,7
108889,4
108890,5
108891,7
108892,5
108893,10
108894,10
108895,10
108896,8
108897,6
108898,9
108899,9
108900,3
108901,7
108902,1
108903,2
108904,5
108905,4
108906,9
108907,6
108908,10
108909,9
108910,4
108911,8
108912,4
108913,5
108914,3
108915,10
108916,9
108917,9
108918,8
108919,3
108920,3
108921,6
108922,4
108923,1
108924,7
108925,10
108926,9
108927,1
108928,1
108929,9
108930,9
108931,1
108932,3
108933,9
108934,9
108935,7
108936,7
108937,6
108938,7
108939,4
108940,10
108941,5
108942,5
108943,10
108944,5
108945,10
108946,10
108947,4
108948,9
108949,9
108950,5
108951,8
108952,9
108953,1
108954,1
108955,10
108956,7
108957,7
108958,1
108959,7
108960,9
108961,1
108962,10
108963,10
108964,10
108965,10
108966,4
108967,4
108968,5
108969,8
108970,9
108971,2
108972,8
108973,9
108974,2
108975,2
108976,6
108977,9
108978,8
108979,10
108980,8
108981,2
108982,9
108983,8
108984,4
108985,10
108986,4
108987,4
108988,1
108989,3
108990,9
108991,1
108992,9
108993,7
108994,6
108995,10
108996,8
108997,3
108998,9
108999,1
109000,4
109001,6
109002,7
109003,1
109004,1
109005,7
109006,1
109007,1
109008,10
109009,2
109010,7
109011,7
109012,7
109013,7
109014,8
109015,10
109016,10
109017,8
109018,3
109019,9
109020,1
109021,6
109022,1
109023,1
109024,7
109025,7
109026,7
109027,7
109028,3
109029,10
109030,5
109031,10
109032,8
109033,4
109034,8
109035,2
109036,4
109037,2
109038,8
109039,8
109040,10
109041,1
109042,1
109043,6
109044,3
109045,2
109046,7
109047,5
109048,10
109049,8
109050,5
109051,9
109052,2
109053,6
109054,8
109055,1
109056,5
109057,8
109058,5
109059,7
109060,9
109061,10
109062,9
109063,2
109064,9
109065,4
109066,2
109067,9
109068,10
109069,10
109070,2
109071,2
109072,8
109073,1
109074,8
109075,8
109076,8
109077,3
109078,1
109079,1
109080,7
109081,1
109082,7
109083,7
109084,8
109085,1
109086,7
109087,7
109088,7
109089,7
109090,1
109091,7
109092,5
109093,8
109094,10
109095,10
109096,10
109097,10
109098,10
109099,5
109100,2
109101,4
109102,10
109103,10
109104,10
109105,10
109106,10
109107,8
109108,4
109109,6
109110,7
109111,3
109112,1
109113,5
109114,7
109115,1
109116,1
109117,7
109118,7
109119,10
109120,5
109121,5
109122,10
109123,5
109124,10
109125,1
109126,5
109127,4
109128,9
109129,4
109130,4
109131,9
109132,1
109133,2
109134,2
109135,10
109136,10
109137,6
109138,5
109139,4
109140,4
109141,4
109142,4
109143,4
109144,8
109145,10
109146,8
109147,5
109148,7
109149,1
109150,7
109151,1
109152,10
109153,6
109154,7
109155,5
109156,7
109157,7
109158,4
109159,10
109160,2
109161,6
109162,3
109163,7
109164,6
109165,5
109166,10
109167,7
109168,6
109169,9
109170,10
109171,5
109172,7
109173,9
109174,2
109175,7
109176,2
109177,2
109178,4
109179,10
109180,7
109181,8
109182,7
109183,1
109184,5
109185,2
109186,7
109187,10
109188,10
109189,1
109190,5
109191,9
109192,5
109193,5
109194,1
109195,9
109196,2
109197,10
109198,2
109199,2
109200,8
109201,9
109202,1
109203,5
109204,10
109205,5
109206,4
109207,2
109208,9
109209,6
109210,9
109211,5
109212,7
109213,7
109214,7
109215,10
109216,5
109217,5
109218,5
109219,1
109220,2
109221,4
109222,4
109223,10
109224,6
109225,9
109226,6
109227,9
109228,6
109229,5
109230,5
109231,6
109232,10
109233,6
109234,2
109235,10
109236,5
109237,4
109238,5
109239,5
109240,5
109241,10
109242,10
109243,5
109244,5
109245,9
109246,2
109247,3
109248,7
109249,7
109250,7
109251,5
109252,5
109253,10
109254,5
109255,5
109256,1
109257,9
109258,2
109259,8
109260,4
109261,5
109262,2
109263,4
109264,1
109265,1
109266,1
109267,7
109268,4
109269,7
109270,8
109271,6
109272,7
109273,9
109274,5
109275,10
109276,2
109277,6
109278,7
109279,5
109280,3
109281,9
109282,1
109283,3
109284,10
109285,10
109286,1
109287,10
109288,4
109289,10
109290,2
109291,7
109292,7
109293,10
109294,10
109295,10
109296,2
109297,6
109298,4
109299,5
109300,4
109301,5
109302,7
109303,5
109304,1
109305,10
109306,10
109307,5
109308,10
109309,2
109310,4
109311,10
109312,10
109313,10
109314,10
109315,10
109316,6
109317,5
109318,10
109319,6
109320,4
109321,5
109322,10
109323,10
109324,10
109325,2
109326,4
109327,9
109328,4
109329,5
109330,1
109331,8
109332,5
109333,5
109334,4
109335,6
109336,10
109337,10
109338,5
109339,4
109340,5
109341,10
109342,6
109343,4
109344,9
109345,4
109346,6
109347,9
109348,10
109349,9
109350,8
109351,9
109352,3
109353,7
109354,5
109355,9
109356,1
109357,5
109358,6
109359,5
109360,5
109361,5
109362,5
109363,5
109364,5
109365,10
109366,10
109367,6
109368,10
109369,2
109370,9
109371,5
109372,7
109373,6
109374,4
109375,7
109376,1
109377,1
109378,1
109379,1
109380,7
109381,6
109382,1
109383,4
109384,5
109385,5
109386,5
109387,2
109388,10
109389,5
109390,10
109391,4
109392,8
109393,5
109394,9
109395,9
109396,9
109397,9
109398,6
109399,7
109400,10
109401,5
109402,3
109403,4
109404,9
109405,9
109406,5
109407,1
109408,1
109409,7
109410,5
109411,2
109412,9
109413,5
109414,5
109415,10
109416,7
109417,8
109418,8
109419,4
109420,6
109421,9
109422,8
109423,1
109424,1
109425,4
109426,7
109427,1
109428,10
109429,1
109430,5
109431,6
109432,7
109433,5
109434,5
109435,5
109436,10
109437,2
109438,8
109439,8
109440,9
109441,2
109442,9
109443,9
109444,5
109445,1
109446,4
109447,8
109448,2
109449,8
109450,2
109451,7
109452,7
109453,10
109454,10
109455,5
109456,10
109457,6
109458,5
109459,4
109460,4
109461,9
109462,9
109463,1
109464,3
109465,9
109466,5
109467,5
109468,2
109469,4
109470,10
109471,9
109472,7
109473,8
109474,4
109475,9
109476,10
109477,3
109478,5
109479,8
109480,10
109481,5
109482,3
109483,9
109484,6
109485,5
109486,5
109487,9
109488,1
109489,3
109490,9
109491,3
109492,9
109493,8
109494,10
109495,10
109496,1
109497,3
109498,9
109499,1
109500,7
109501,8
109502,3
109503,5
109504,1
109505,9
109506,5
109507,5
109508,5
109509,10
109510,10
109511,10
109512,4
109513,10
109514,10
109515,4
109516,10
109517,6
109518,10
109519,10
109520,2
109521,2
109522,4
109523,8
109524,8
109525,4
109526,1
109527,5
109528,5
109529,9
109530,4
109531,5
109532,10
109533,6
109534,7
109535,7
109536,6
109537,10
109538,10
109539,9
109540,4
109541,9
109542,7
109543,6
109544,10
109545,10
109546,10
109547,6
109548,10
109549,10
109550,5
109551,10
109552,10
109553,10
109554,2
109555,4
109556,8
109557,10
109558,9
109559,8
109560,9
109561,3
109562,1
109563,5
109564,5
109565,10
109566,5
109567,5
109568,6
109569,5
109570,8
109571,7
109572,2
109573,5
109574,4
109575,9
109576,10
109577,6
109578,4
109579,7
109580,4
109581,5
109582,3
109583,8
109584,9
109585,9
109586,9
109587,10
109588,5
109589,5
109590,1
109591,2
109592,10
109593,3
109594,9
109595,4
109596,1
109597,7
109598,5
109599,10
109600,5
109601,10
109602,10
109603,4
109604,5
109605,5
109606,4
109607,10
109608,4
109609,8
109610,3
109611,5
109612,10
109613,3
109614,10
109615,5
109616,7
109617,7
109618,8
109619,6
109620,9
109621,5
109622,10
109623,1
109624,10
109625,5
109626,4
109627,7
109628,7
109629,5
109630,5
109631,10
109632,8
109633,9
109634,5
109635,8
109636,4
109637,4
109638,7
109639,5
109640,10
109641,9
109642,3
109643,3
109644,10
109645,5
109646,8
109647,5
109648,1
109649,8
109650,5
109651,10
109652,5
109653,5
109654,10
109655,10
109656,5
109657,1
109658,5
109659,4
109660,5
109661,9
109662,9
109663,9
109664,2
109665,2
109666,10
109667,7
109668,3
109669,10
109670,5
109671,10
109672,10
109673,10
109674,5
109675,9
109676,2
109677,7
109678,8
109679,7
109680,7
109681,6
109682,6
109683,10
109684,9
109685,5
109686,8
109687,5
109688,7
109689,7
109690,5
109691,5
109692,9
109693,9
109694,4
109695,7
109696,7
109697,6
109698,6
109699,9
109700,10
109701,4
109702,10
109703,10
109704,3
109705,9
109706,10
109707,10
109708,2
109709,1
109710,1
109711,7
109712,7
109713,5
109714,5
109715,5
109716,10
109717,5
109718,10
109719,10
109720,10
109721,4
109722,3
109723,4
109724,4
109725,6
109726,9
109727,3
109728,3
109729,1
109730,6
109731,10
109732,7
109733,5
109734,7
109735,10
109736,7
109737,9
109738,4
109739,3
109740,2
109741,4
109742,9
109743,7
109744,7
109745,5
109746,6
109747,5
109748,4
109749,4
109750,1
109751,4
109752,5
109753,7
109754,7
109755,10
109756,6
109757,7
109758,5
109759,10
109760,10
109761,10
109762,5
109763,10
109764,10
109765,8
109766,4
109767,5
109768,1
109769,2
109770,6
109771,9
109772,1
109773,4
109774,4
109775,3
109776,7
109777,1
109778,8
109779,10
109780,10
109781,10
109782,8
109783,8
109784,9
109785,5
109786,8
109787,10
109788,5
109789,5
109790,10
109791,8
109792,5
109793,4
109794,6
109795,9
109796,9
109797,1
109798,3
109799,9
109800,5
109801,5
109802,4
109803,2
109804,5
109805,10
109806,6
109807,2
109808,8
109809,9
109810,5
109811,4
109812,5
109813,5
109814,5
109815,5
109816,5
109817,5
109818,5
109819,1
109820,1
109821,4
109822,2
109823,5
109824,5
109825,9
109826,5
109827,5
109828,8
109829,7
109830,7
109831,9
109832,1
109833,9
109834,6
109835,9
109836,6
109837,5
109838,9
109839,7
109840,5
109841,5
109842,10
109843,5
109844,4
109845,4
109846,9
109847,9
109848,5
109849,3
109850,3
109851,1
109852,2
109853,3
109854,2
109855,2
109856,5
109857,1
109858,1
109859,7
109860,5
109861,4
109862,8
109863,8
109864,8
109865,4
109866,4
109867,9
109868,1
109869,6
109870,4
109871,7
109872,10
109873,5
109874,4
109875,1
109876,7
109877,7
109878,6
109879,5
109880,6
109881,10
109882,10
109883,3
109884,5
109885,10
109886,5
109887,4
109888,3
109889,4
109890,1
109891,7
109892,6
109893,5
109894,5
109895,1
109896,1
109897,7
109898,5
109899,5
109900,5
109901,7
109902,5
109903,5
109904,8
109905,9
109906,8
109907,6
109908,1
109909,9
109910,7
109911,7
109912,7
109913,5
109914,5
109915,5
109916,8
109917,5
109918,5
109919,5
109920,10
109921,3
109922,9
109923,5
109924,5
109925,9
109926,1
109927,7
109928,7
109929,6
109930,5
109931,10
109932,9
109933,4
109934,9
109935,5
109936,3
109937,6
109938,4
109939,10
109940,4
109941,10
109942,9
109943,3
109944,7
109945,1
109946,1
109947,6
109948,1
109949,5
109950,7
109951,7
109952,7
109953,6
109954,5
109955,5
109956,5
109957,7
109958,8
109959,10
109960,10
109961,5
109962,5
109963,8
109964,9
109965,4
109966,4
109967,4
109968,3
109969,6
109970,6
109971,6
109972,1
109973,7
109974,1
109975,1
109976,5
109977,4
109978,6
109979,4
109980,10
109981,9
109982,5
109983,1
109984,1
109985,5
109986,7
109987,2
109988,2
109989,9
109990,9
109991,7
109992,5
109993,7
109994,5
109995,10
109996,6
109997,10
109998,5
109999,9
110000,8
110001,7
110002,9
110003,10
110004,9
110005,2
110006,9
110007,1
110008,6
110009,2
110010,2
110011,4
110012,10
110013,4
110014,7
110015,7
110016,7
110017,7
110018,9
110019,7
110020,4
110021,1
110022,5
110023,7
110024,8
110025,10
110026,10
110027,5
110028,5
110029,8
110030,9
110031,4
110032,7
110033,7
110034,1
110035,7
110036,5
110037,5
110038,5
110039,5
110040,2
110041,7
110042,7
110043,5
110044,5
110045,5
110046,4
110047,3
110048,3
110049,7
110050,6
110051,7
110052,5
110053,4
110054,9
110055,6
110056,4
110057,5
110058,2
110059,1
110060,1
110061,7
110062,4
110063,7
110064,6
110065,6
110066,7
110067,2
110068,6
110069,7
110070,8
110071,9
110072,7
110073,8
110074,6
110075,9
110076,9
110077,2
110078,2
110079,1
110080,5
110081,4
110082,7
110083,5
110084,8
110085,10
110086,10
110087,9
110088,9
110089,9
110090,10
110091,10
110092,6
110093,1
110094,5
110095,5
110096,1
110097,5
110098,6
110099,10
110100,5
110101,7
110102,6
110103,5
110104,5
110105,8
110106,8
110107,9
110108,9
110109,5
110110,7
110111,6
110112,1
110113,5
110114,10
110115,10
110116,9
110117,1
110118,4
110119,4
110120,4
110121,1
110122,10
110123,6
110124,9
110125,4
110126,10
110127,5
110128,7
110129,10
110130,8
110131,10
110132,7
110133,5
110134,4
110135,6
110136,10
110137,10
110138,10
110139,5
110140,4
110141,4
110142,3
110143,1
110144,10
110145,6
110146,5
110147,4
110148,3
110149,6
110150,5
110151,5
110152,7
110153,10
110154,5
110155,10
110156,10
110157,5
110158,5
110159,8
110160,3
110161,3
110162,2
110163,7
110164,2
110165,8
110166,8
110167,2
110168,4
110169,8
110170,2
110171,9
110172,1
110173,7
110174,7
110175,7
110176,9
110177,9
110178,9
110179,9
110180,7
110181,7
110182,9
110183,10
110184,8
110185,9
110186,1
110187,7
110188,1
110189,7
110190,6
110191,8
110192,7
110193,10
110194,1
110195,10
110196,6
110197,8
110198,6
110199,1
110200,8
110201,9
110202,5
110203,7
110204,10
110205,6
110206,5
110207,2
110208,8
110209,3
110210,10
110211,9
110212,9
110213,6
110214,10
110215,5
110216,5
110217,10
110218,10
110219,5
110220,10
110221,8
110222,2
110223,6
110224,9
110225,6
110226,8
110227,1
110228,9
110229,7
110230,5
110231,7
110232,5
110233,7
110234,7
110235,7
110236,10
110237,5
110238,10
110239,5
110240,5
110241,4
110242,9
110243,6
110244,4
110245,4
110246,4
110247,10
110248,10
110249,5
110250,8
110251,6
110252,7
110253,5
110254,7
110255,5
110256,7
110257,4
110258,8
110259,6
110260,6
110261,9
110262,1
110263,6
110264,9
110265,8
110266,10
110267,1
110268,3
110269,3
110270,6
110271,5
110272,9
110273,8
110274,1
110275,10
110276,2
110277,5
110278,3
110279,3
110280,2
110281,4
110282,2
110283,8
110284,2
110285,4
110286,2
110287,8
110288,2
110289,9
110290,4
110291,4
110292,4
110293,4
110294,8
110295,8
110296,4
110297,4
110298,6
110299,7
110300,5
110301,10
110302,10
110303,9
110304,6
110305,4
110306,10
110307,5
110308,6
110309,5
110310,5
110311,5
110312,7
110313,6
110314,9
110315,5
110316,7
110317,10
110318,10
110319,2
110320,4
110321,8
110322,8
110323,4
110324,2
110325,2
110326,10
110327,5
110328,1
110329,5
110330,7
110331,6
110332,7
110333,5
110334,5
110335,10
110336,1
110337,8
110338,2
110339,8
110340,1
110341,6
110342,2
110343,7
110344,7
110345,7
110346,5
110347,5
110348,7
110349,2
110350,5
110351,10
110352,5
110353,2
110354,2
110355,2
110356,9
110357,4
110358,10
110359,7
110360,5
110361,7
110362,7
110363,5
110364,10
110365,10
110366,5
110367,8
110368,5
110369,6
110370,2
110371,9
110372,7
110373,4
110374,10
110375,6
110376,10
110377,10
110378,5
110379,5
110380,10
110381,4
110382,9
110383,6
110384,2
110385,3
110386,6
110387,7
110388,5
110389,6
110390,10
110391,10
110392,10
110393,5
110394,4
110395,8
110396,7
110397,1
110398,1
110399,2
110400,5
110401,5
110402,7
110403,5
110404,4
110405,9
110406,2
110407,10
110408,10
110409,10
110410,2
110411,2
110412,4
110413,2
110414,2
110415,7
110416,7
110417,6
110418,7
110419,7
110420,7
110421,7
110422,1
110423,1
110424,7
110425,7
110426,3
110427,10
110428,1
110429,5
110430,10
110431,4
110432,9
110433,9
110434,6
110435,1
110436,7
110437,3
110438,7
110439,9
110440,10
110441,10
110442,6
110443,5
110444,9
110445,2
110446,9
110447,6
110448,1
110449,5
110450,1
110451,5
110452,5
110453,10
110454,6
110455,5
110456,6
110457,5
110458,4
110459,3
110460,7
110461,6
110462,2
110463,5
110464,5
110465,2
110466,5
110467,5
110468,5
110469,5
110470,5
110471,5
110472,9
110473,4
110474,10
110475,10
110476,10
110477,8
110478,10
110479,10
110480,10
110481,2
110482,4
110483,2
110484,2
110485,4
110486,10
110487,1
110488,5
110489,7
110490,10
110491,4
110492,5
110493,10
110494,4
110495,5
110496,8
110497,10
110498,10
110499,10
110500,6
110501,10
110502,8
110503,1
110504,7
110505,7
110506,6
110507,9
110508,1
110509,1
110510,10
110511,8
110512,6
110513,8
110514,5
110515,5
110516,1
110517,5
110518,9
110519,5
110520,1
110521,10
110522,10
110523,10
110524,10
110525,5
110526,10
110527,10
110528,10
110529,4
110530,8
110531,2
110532,2
110533,10
110534,10
110535,10
110536,1
110537,1
110538,7
110539,6
110540,5
110541,5
110542,7
110543,10
110544,4
110545,3
110546,4
110547,9
110548,9
110549,5
110550,5
110551,5
110552,10
110553,6
110554,9
110555,6
110556,2
110557,7
110558,7
110559,7
110560,7
110561,7
110562,7
110563,4
110564,1
110565,10
110566,6
110567,5
110568,9
110569,9
110570,5
110571,10
110572,9
110573,5
110574,5
110575,2
110576,10
110577,6
110578,2
110579,1
110580,2
110581,10
110582,10
110583,4
110584,9
110585,10
110586,9
110587,9
110588,3
110589,3
110590,5
110591,3
110592,9
110593,3
110594,9
110595,9
110596,1
110597,2
110598,5
110599,1
110600,2
110601,2
110602,9
110603,9
110604,8
110605,9
110606,4
110607,2
110608,9
110609,1
110610,2
110611,9
110612,7
110613,9
110614,9
110615,9
110616,2
110617,2
110618,2
110619,2
110620,10
110621,10
110622,1
110623,9
110624,1
110625,8
110626,1
110627,1
110628,9
110629,10
110630,10
110631,5
110632,4
110633,10
110634,7
110635,1
110636,6
110637,10
110638,10
110639,10
110640,6
110641,5
110642,1
110643,6
110644,10
110645,9
110646,9
110647,10
110648,10
110649,4
110650,9
110651,5
110652,8
110653,8
110654,4
110655,9
110656,6
110657,5
110658,3
110659,5
110660,5
110661,5
110662,8
110663,1
110664,8
110665,7
110666,5
110667,9
110668,5
110669,6
110670,9
110671,10
110672,10
110673,4
110674,4
110675,10
110676,5
110677,10
110678,5
110679,9
110680,7
110681,5
110682,5
110683,9
110684,10
110685,4
110686,9
110687,2
110688,9
110689,4
110690,4
110691,5
110692,1
110693,1
110694,6
110695,10
110696,10
110697,5
110698,4
110699,9
110700,9
110701,5
110702,1
110703,1
110704,9
110705,10
110706,10
110707,9
110708,5
110709,5
110710,5
110711,5
110712,6
110713,5
110714,5
110715,7
110716,4
110717,10
110718,5
110719,5
110720,4
110721,4
110722,9
110723,6
110724,3
110725,1
110726,4
110727,1
110728,8
110729,9
110730,3
110731,1
110732,1
110733,3
110734,3
110735,1
110736,1
110737,1
110738,5
110739,5
110740,5
110741,5
110742,9
110743,9
110744,4
110745,5
110746,2
110747,1
110748,2
110749,4
110750,10
110751,10
110752,10
110753,10
110754,6
110755,6
110756,10
110757,4
110758,7
110759,4
110760,8
110761,8
110762,4
110763,9
110764,9
110765,4
110766,4
110767,8
110768,9
110769,7
110770,7
110771,9
110772,2
110773,6
110774,9
110775,5
110776,5
110777,5
110778,5
110779,8
110780,4
110781,5
110782,9
110783,10
110784,10
110785,9
110786,4
110787,5
110788,1
110789,5
110790,1
110791,6
110792,4
110793,3
110794,5
110795,9
110796,5
110797,1
110798,5
110799,7
110800,5
110801,8
110802,6
110803,5
110804,7
110805,5
110806,5
110807,1
110808,5
110809,5
110810,10
110811,10
110812,4
110813,10
110814,10
110815,5
110816,5
110817,10
110818,5
110819,4
110820,2
110821,2
110822,4
110823,4
110824,9
110825,9
110826,4
110827,5
110828,9
110829,5
110830,5
110831,5
110832,5
110833,7
110834,1
110835,5
110836,5
110837,7
110838,5
110839,7
110840,5
110841,10
110842,6
110843,10
110844,6
110845,7
110846,3
110847,5
110848,5
110849,1
110850,5
110851,10
110852,8
110853,7
110854,5
110855,10
110856,3
110857,9
110858,2
110859,8
110860,2
110861,3
110862,9
110863,3
110864,9
110865,6
110866,7
110867,4
110868,9
110869,9
110870,4
110871,8
110872,8
110873,9
110874,4
110875,4
110876,8
110877,8
110878,5
110879,10
110880,5
110881,1
110882,5
110883,3
110884,3
110885,6
110886,3
110887,1
110888,5
110889,9
110890,9
110891,5
110892,5
110893,8
110894,9
110895,3
110896,1
110897,5
110898,10
110899,10
110900,5
110901,9
110902,4
110903,3
110904,6
110905,9
110906,5
110907,5
110908,5
110909,6
110910,7
110911,10
110912,5
110913,9
110914,9
110915,9
110916,9
110917,2
110918,4
110919,3
110920,6
110921,6
110922,4
110923,3
110924,4
110925,1
110926,1
110927,5
110928,9
110929,9
110930,1
110931,5
110932,7
110933,2
110934,5
110935,7
110936,10
110937,5
110938,5
110939,10
110940,5
110941,4
110942,4
110943,4
110944,4
110945,9
110946,1
110947,9
110948,4
110949,3
110950,5
110951,4
110952,6
110953,10
110954,10
110955,10
110956,5
110957,10
110958,10
110959,9
110960,9
110961,4
110962,9
110963,2
110964,6
110965,6
110966,6
110967,6
110968,1
110969,5
110970,8
110971,10
110972,1
110973,9
110974,2
110975,2
110976,9
110977,7
110978,9
110979,8
110980,7
110981,7
110982,7
110983,6
110984,10
110985,7
110986,5
110987,9
110988,9
110989,2
110990,9
110991,10
110992,10
110993,9
110994,3
110995,3
110996,1
110997,6
110998,1
110999,1
111000,3
111001,5
111002,1
111003,1
111004,7
111005,9
111006,7
111007,5
111008,5
111009,6
111010,5
111011,5
111012,5
111013,10
111014,7
111015,1
111016,7
111017,6
111018,5
111019,10
111020,10
111021,10
111022,5
111023,10
111024,4
111025,4
111026,4
111027,4
111028,4
111029,5
111030,4
111031,4
111032,7
111033,7
111034,9
111035,9
111036,1
111037,10
111038,6
111039,3
111040,6
111041,6
111042,1
111043,9
111044,4
111045,3
111046,3
111047,4
111048,4
111049,9
111050,8
111051,5
111052,3
111053,3
111054,5
111055,4
111056,4
111057,4
111058,5
111059,9
111060,10
111061,10
111062,3
111063,4
111064,4
111065,4
111066,1
111067,7
111068,1
111069,7
111070,10
111071,5
111072,5
111073,3
111074,8
111075,5
111076,1
111077,3
111078,5
111079,3
111080,6
111081,10
111082,4
111083,7
111084,4
111085,10
111086,9
111087,9
111088,2
111089,5
111090,5
111091,10
111092,6
111093,4
111094,3
111095,9
111096,2
111097,9
111098,9
111099,8
111100,2
111101,8
111102,9
111103,9
111104,9
111105,9
111106,3
111107,1
111108,5
111109,3
111110,1
111111,7
111112,10
111113,5
111114,5
111115,7
111116,3
111117,2
111118,2
111119,7
111120,10
111121,5
111122,10
111123,5
111124,2
111125,9
111126,8
111127,9
111128,10
111129,9
111130,7
111131,8
111132,9
111133,10
111134,9
111135,10
111136,1
111137,1
111138,9
111139,6
111140,6
111141,6
111142,6
111143,7
111144,8
111145,1
111146,9
111147,7
111148,7
111149,4
111150,4
111151,7
111152,5
111153,5
111154,1
111155,5
111156,5
111157,9
111158,5
111159,10
111160,10
111161,5
111162,2
111163,5
111164,6
111165,5
111166,4
111167,6
111168,6
111169,7
111170,1
111171,7
111172,7
111173,7
111174,10
111175,4
111176,7
111177,7
111178,4
111179,7
111180,1
111181,10
111182,7
111183,7
111184,5
111185,7
111186,5
111187,7
111188,7
111189,3
111190,6
111191,5
111192,1
111193,8
111194,10
111195,1
111196,10
111197,9
111198,9
111199,8
111200,4
111201,6
111202,3
111203,1
111204,8
111205,1
111206,6
111207,1
111208,5
111209,10
111210,7
111211,10
111212,1
111213,2
111214,5
111215,10
111216,9
111217,7
111218,7
111219,2
111220,10
111221,9
111222,8
111223,9
111224,9
111225,2
111226,5
111227,7
111228,5
111229,1
111230,5
111231,3
111232,1
111233,1
111234,9
111235,1
111236,2
111237,2
111238,2
111239,7
111240,10
111241,5
111242,5
111243,7
111244,7
111245,10
111246,9
111247,5
111248,5
111249,7
111250,8
111251,5
111252,5
111253,10
111254,10
111255,5
111256,10
111257,5
111258,5
111259,10
111260,1
111261,4
111262,4
111263,8
111264,4
111265,4
111266,5
111267,5
111268,4
111269,2
111270,10
111271,3
111272,3
111273,9
111274,9
111275,8
111276,4
111277,1
111278,1
111279,7
111280,6
111281,9
111282,1
111283,9
111284,9
111285,2
111286,9
111287,6
111288,6
111289,1
111290,5
111291,4
111292,5
111293,7
111294,5
111295,1
111296,9
111297,3
111298,1
111299,5
111300,7
111301,5
111302,5
111303,9
111304,5
111305,5
111306,10
111307,4
111308,3
111309,5
111310,1
111311,9
111312,5
111313,1
111314,5
111315,6
111316,10
111317,5
111318,5
111319,4
111320,5
111321,1
111322,7
111323,7
111324,8
111325,7
111326,6
111327,7
111328,3
111329,1
111330,9
111331,2
111332,8
111333,4
111334,9
111335,3
111336,4
111337,1
111338,6
111339,7
111340,7
111341,10
111342,10
111343,5
111344,5
111345,2
111346,2
111347,4
111348,2
111349,3
111350,1
111351,1
111352,2
111353,2
111354,5
111355,9
111356,10
111357,5
111358,9
111359,7
111360,9
111361,4
111362,9
111363,8
111364,9
111365,9
111366,9
111367,9
111368,9
111369,2
111370,9
111371,4
111372,8
111373,7
111374,6
111375,10
111376,4
111377,6
111378,7
111379,7
111380,4
111381,6
111382,7
111383,7
111384,8
111385,1
111386,4
111387,1
111388,1
111389,7
111390,7
111391,5
111392,7
111393,7
111394,5
111395,5
111396,5
111397,8
111398,7
111399,7
111400,7
111401,7
111402,6
111403,7
111404,7
111405,7
111406,7
111407,8
111408,3
111409,5
111410,7
111411,5
111412,5
111413,3
111414,5
111415,2
111416,5
111417,2
111418,10
111419,5
111420,4
111421,9
111422,9
111423,6
111424,6
111425,9
111426,9
111427,1
111428,1
111429,3
111430,3
111431,1
111432,9
111433,1
111434,5
111435,5
111436,1
111437,7
111438,5
111439,7
111440,7
111441,10
111442,5
111443,4
111444,10
111445,10
111446,8
111447,4
111448,6
111449,9
111450,4
111451,9
111452,6
111453,2
111454,10
111455,2
111456,6
111457,9
111458,9
111459,6
111460,5
111461,5
111462,5
111463,6
111464,9
111465,5
111466,7
111467,7
111468,7
111469,10
111470,10
111471,10
111472,10
111473,10
111474,5
111475,8
111476,4
111477,5
111478,4
111479,2
111480,7
111481,5
111482,1
111483,1
111484,5
111485,7
111486,10
111487,9
111488,5
111489,6
111490,10
111491,4
111492,8
111493,2
111494,8
111495,4
111496,2
111497,7
111498,5
111499,5
111500,5
111501,2
111502,5
111503,7
111504,10
111505,10
111506,6
111507,8
111508,5
111509,9
111510,6
111511,7
111512,7
111513,8
111514,5
111515,4
111516,2
111517,10
111518,10
111519,4
111520,4
111521,1
111522,5
111523,7
111524,6
111525,10
111526,5
111527,9
111528,1
111529,9
111530,5
111531,9
111532,6
111533,5
111534,10
111535,10
111536,9
111537,3
111538,2
111539,6
111540,2
111541,7
111542,7
111543,8
111544,9
111545,3
111546,1
111547,7
111548,5
111549,5
111550,5
111551,10
111552,3
111553,1
111554,1
111555,7
111556,7
111557,1
111558,5
111559,5
111560,10
111561,10
111562,9
111563,5
111564,10
111565,5
111566,1
111567,8
111568,8
111569,9
111570,1
111571,9
111572,5
111573,2
111574,8
111575,8
111576,9
111577,9
111578,9
111579,8
111580,1
111581,1
111582,9
111583,5
111584,5
111585,5
111586,5
111587,5
111588,5
111589,3
111590,2
111591,2
111592,5
111593,5
111594,4
111595,9
111596,5
111597,10
111598,10
111599,10
111600,10
111601,10
111602,10
111603,10
111604,9
111605,3
111606,8
111607,1
111608,5
111609,1
111610,5
111611,1
111612,10
111613,5
111614,7
111615,5
111616,1
111617,5
111618,7
111619,5
111620,6
111621,1
111622,5
111623,10
111624,1
111625,9
111626,3
111627,10
111628,9
111629,5
111630,2
111631,10
111632,5
111633,10
111634,9
111635,4
111636,8
111637,8
111638,1
111639,2
111640,10
111641,4
111642,6
111643,7
111644,1
111645,5
111646,3
111647,5
111648,5
111649,6
111650,10
111651,10
111652,5
111653,5
111654,4
111655,1
111656,9
111657,10
111658,5
111659,5
111660,4
111661,8
111662,2
111663,6
111664,3
111665,5
111666,9
111667,5
111668,7
111669,5
111670,7
111671,5
111672,6
111673,5
111674,2
111675,8
111676,10
111677,8
111678,10
111679,6
111680,6
111681,3
111682,9
111683,1
111684,7
111685,1
111686,7
111687,6
111688,3
111689,7
111690,10
111691,5
111692,10
111693,4
111694,4
111695,4
111696,7
111697,7
111698,6
111699,3
111700,9
111701,4
111702,10
111703,5
111704,10
111705,10
111706,5
111707,9
111708,5
111709,5
111710,6
111711,7
111712,4
111713,4
111714,8
111715,5
111716,4
111717,9
111718,3
111719,7
111720,5
111721,10
111722,1
111723,5
111724,2
111725,1
111726,4
111727,3
111728,8
111729,9
111730,1
111731,9
111732,9
111733,9
111734,7
111735,7
111736,5
111737,10
111738,9
111739,2
111740,7
111741,8
111742,2
111743,2
111744,3
111745,9
111746,9
111747,9
111748,10
111749,7
111750,1
111751,7
111752,7
111753,7
111754,10
111755,5
111756,10
111757,10
111758,10
111759,5
111760,10
111761,6
111762,4
111763,10
111764,1
111765,9
111766,10
111767,10
111768,4
111769,2
111770,8
111771,9
111772,4
111773,9
111774,3
111775,5
111776,1
111777,7
111778,5
111779,4
111780,10
111781,3
111782,4
111783,4
111784,7
111785,3
111786,10
111787,10
111788,3
111789,6
111790,1
111791,5
111792,5
111793,5
111794,5
111795,5
111796,5
111797,10
111798,4
111799,2
111800,2
111801,7
111802,9
111803,5
111804,7
111805,7
111806,10
111807,2
111808,5
111809,10
111810,10
111811,10
111812,5
111813,8
111814,4
111815,10
111816,10
111817,10
111818,10
111819,5
111820,6
111821,6
111822,10
111823,3
111824,6
111825,4
111826,4
111827,9
111828,6
111829,7
111830,9
111831,8
111832,1
111833,5
111834,3
111835,7
111836,6
111837,5
111838,5
111839,5
111840,5
111841,4
111842,9
111843,6
111844,10
111845,10
111846,10
111847,10
111848,6
111849,2
111850,2
111851,9
111852,4
111853,1
111854,4
111855,9
111856,7
111857,3
111858,5
111859,5
111860,5
111861,10
111862,10
111863,5
111864,4
111865,4
111866,7
111867,2
111868,10
111869,10
111870,1
111871,5
111872,9
111873,9
111874,7
111875,10
111876,5
111877,4
111878,3
111879,1
111880,1
111881,5
111882,10
111883,5
111884,10
111885,5
111886,1
111887,5
111888,6
111889,5
111890,10
111891,9
111892,9
111893,4
111894,4
111895,10
111896,7
111897,9
111898,9
111899,7
111900,7
111901,7
111902,7
111903,5
111904,7
111905,8
111906,1
111907,2
111908,3
111909,3
111910,7
111911,5
111912,7
111913,5
111914,5
111915,5
111916,1
111917,6
111918,10
111919,4
111920,8
111921,4
111922,9
111923,6
111924,1
111925,3
111926,1
111927,9
111928,7
111929,5
111930,7
111931,10
111932,10
111933,8
111934,4
111935,4
111936,7
111937,4
111938,5
111939,3
111940,1
111941,7
111942,7
111943,10
111944,9
111945,5
111946,10
111947,8
111948,5
111949,7
111950,10
111951,7
111952,1
111953,1
111954,1
111955,7
111956,5
111957,5
111958,7
111959,5
111960,10
111961,6
111962,10
111963,2
111964,9
111965,9
111966,1
111967,7
111968,3
111969,7
111970,5
111971,7
111972,1
111973,5
111974,9
111975,7
111976,9
111977,5
111978,10
111979,10
111980,5
111981,5
111982,2
111983,7
111984,7
111985,9
111986,9
111987,7
111988,9
111989,4
111990,3
111991,4
111992,5
111993,1
111994,5
111995,7
111996,7
111997,5
111998,4
111999,4
112000,8
112001,3
112002,9
112003,9
112004,3
112005,3
112006,9
112007,1
112008,9
112009,5
112010,7
112011,4
112012,4
112013,4
112014,1
112015,6
112016,3
112017,5
112018,5
112019,8
112020,1
112021,5
112022,6
112023,1
112024,1
112025,1
112026,4
112027,7
112028,7
112029,9
112030,7
112031,5
112032,7
112033,5
112034,5
112035,7
112036,7
112037,5
112038,10
112039,5
112040,5
112041,5
112042,5
112043,5
112044,5
112045,5
112046,6
112047,4
112048,4
112049,8
112050,9
112051,4
112052,5
112053,4
112054,4
112055,3
112056,1
112057,1
112058,1
112059,4
112060,10
112061,1
112062,7
112063,4
112064,10
112065,9
112066,5
112067,9
112068,4
112069,9
112070,5
112071,7
112072,3
112073,7
112074,7
112075,7
112076,10
112077,10
112078,5
112079,3
112080,5
112081,5
112082,10
112083,8
112084,5
112085,4
112086,7
112087,7
112088,7
112089,10
112090,7
112091,7
112092,7
112093,5
112094,10
112095,7
112096,3
112097,1
112098,7
112099,7
112100,7
112101,7
112102,1
112103,4
112104,7
112105,8
112106,6
112107,10
112108,5
112109,10
112110,10
112111,10
112112,4
112113,4
112114,10
112115,8
112116,6
112117,1
112118,9
112119,2
112120,4
112121,9
112122,7
112123,5
112124,8
112125,5
112126,5
112127,8
112128,2
112129,9
112130,4
112131,5
112132,4
112133,7
112134,10
112135,1
112136,9
112137,3
112138,1
112139,4
112140,3
112141,5
112142,5
112143,7
112144,9
112145,7
112146,10
112147,10
112148,5
112149,10
112150,10
112151,4
112152,2
112153,4
112154,4
112155,5
112156,10
112157,5
112158,6
112159,3
112160,7
112161,1
112162,7
112163,5
112164,10
112165,4
112166,4
112167,10
112168,4
112169,4
112170,3
112171,3
112172,7
112173,10
112174,5
112175,1
112176,5
112177,5
112178,10
112179,5
112180,10
112181,4
112182,2
112183,6
112184,1
112185,7
112186,5
112187,9
112188,10
112189,9
112190,3
112191,9
112192,9
112193,9
112194,6
112195,9
112196,1
112197,1
112198,1
112199,2
112200,7
112201,2
112202,5
112203,6
112204,8
112205,9
112206,2
112207,7
112208,8
112209,10
112210,10
112211,4
112212,2
112213,7
112214,7
112215,2
112216,7
112217,2
112218,9
112219,9
112220,2
112221,8
112222,8
112223,6
112224,4
112225,4
112226,9
112227,4
112228,7
112229,8
112230,9
112231,3
112232,5
112233,9
112234,1
112235,5
112236,5
112237,5
112238,7
112239,7
112240,10
112241,5
112242,5
112243,10
112244,5
112245,4
112246,5
112247,4
112248,3
112249,1
112250,1
112251,3
112252,2
112253,7
112254,7
112255,7
112256,7
112257,5
112258,5
112259,2
112260,8
112261,4
112262,4
112263,1
112264,6
112265,1
112266,9
112267,2
112268,8
112269,2
112270,10
112271,3
112272,1
112273,3
112274,10
112275,5
112276,5
112277,1
112278,5
112279,10
112280,5
112281,5
112282,10
112283,10
112284,8
112285,1
112286,7
112287,3
112288,3
112289,6
112290,9
112291,6
112292,7
112293,7
112294,5
112295,10
112296,2
112297,4
112298,6
112299,4
112300,3
112301,1
112302,5
112303,1
112304,10
112305,10
112306,8
112307,1
112308,4
112309,9
112310,5
112311,9
112312,1
112313,5
112314,5
112315,7
112316,5
112317,5
112318,6
112319,5
112320,2
112321,4
112322,4
112323,8
112324,2
112325,9
112326,8
112327,2
112328,2
112329,2
112330,4
112331,1
112332,3
112333,5
112334,5
112335,5
112336,5
112337,5
112338,10
112339,5
112340,5
112341,9
112342,5
112343,7
112344,7
112345,7
112346,7
112347,5
112348,5
112349,10
112350,5
112351,4
112352,4
112353,4
112354,10
112355,4
112356,2
112357,4
112358,5
112359,4
112360,4
112361,4
112362,3
112363,6
112364,7
112365,5
112366,1
112367,5
112368,1
112369,1
112370,5
112371,7
112372,7
112373,6
112374,7
112375,7
112376,7
112377,5
112378,10
112379,10
112380,10
112381,9
112382,8
112383,9
112384,1
112385,1
112386,3
112387,1
112388,6
112389,1
112390,7
112391,5
112392,7
112393,7
112394,7
112395,5
112396,2
112397,6
112398,5
112399,4
112400,5
112401,4
112402,5
112403,5
112404,7
112405,5
112406,4
112407,9
112408,6
112409,3
112410,2
112411,6
112412,9
112413,9
112414,4
112415,3
112416,7
112417,2
112418,7
112419,1
112420,2
112421,10
112422,2
112423,4
112424,4
112425,4
112426,8
112427,2
112428,5
112429,7
112430,5
112431,5
112432,5
112433,10
112434,2
112435,9
112436,2
112437,8
112438,10
112439,6
112440,1
112441,2
112442,3
112443,6
112444,7
112445,6
112446,5
112447,5
112448,1
112449,2
112450,5
112451,5
112452,5
112453,5
112454,10
112455,5
112456,4
112457,5
112458,2
112459,2
112460,2
112461,8
112462,8
112463,9
112464,7
112465,1
112466,9
112467,8
112468,5
112469,1
112470,7
112471,5
112472,7
112473,5
112474,10
112475,5
112476,4
112477,5
112478,4
112479,5
112480,7
112481,1
112482,8
112483,6
112484,9
112485,5
112486,10
112487,9
112488,6
112489,10
112490,5
112491,8
112492,4
112493,8
112494,4
112495,6
112496,7
112497,5
112498,5
112499,2
112500,6
112501,3
112502,10
112503,10
112504,5
112505,1
112506,5
112507,7
112508,7
112509,10
112510,10
112511,10
112512,10
112513,5
112514,6
112515,9
112516,1
112517,6
112518,4
112519,1
112520,7
112521,7
112522,5
112523,4
112524,6
112525,5
112526,1
112527,2
112528,2
112529,10
112530,5
112531,10
112532,5
112533,10
112534,9
112535,7
112536,2
112537,9
112538,7
112539,9
112540,9
112541,9
112542,9
112543,10
112544,7
112545,2
112546,10
112547,8
112548,4
112549,1
112550,9
112551,2
112552,9
112553,5
112554,1
112555,2
112556,10
112557,6
112558,10
112559,2
112560,7
112561,7
112562,1
112563,9
112564,9
112565,6
112566,9
112567,8
112568,7
112569,8
112570,7
112571,7
112572,7
112573,7
112574,8
112575,1
112576,6
112577,7
112578,7
112579,5
112580,7
112581,2
112582,2
112583,7
112584,7
112585,7
112586,7
112587,7
112588,7
112589,10
112590,10
112591,7
112592,7
112593,7
112594,4
112595,6
112596,7
112597,6
112598,7
112599,6
112600,5
112601,5
112602,2
112603,10
112604,10
112605,2
112606,2
112607,3
112608,3
112609,5
112610,10
112611,1
112612,8
112613,1
112614,1
112615,7
112616,5
112617,8
112618,2
112619,4
112620,5
112621,7
112622,4
112623,4
112624,1
112625,4
112626,10
112627,10
112628,1
112629,5
112630,9
112631,5
112632,7
112633,3
112634,6
112635,8
112636,9
112637,10
112638,5
112639,6
112640,5
112641,10
112642,6
112643,7
112644,2
112645,2
112646,2
112647,5
112648,10
112649,2
112650,4
112651,4
112652,4
112653,10
112654,9
112655,9
112656,10
112657,4
112658,8
112659,5
112660,6
112661,2
112662,10
112663,5
112664,7
112665,3
112666,10
112667,10
112668,2
112669,4
112670,7
112671,1
112672,6
112673,5
112674,4
112675,8
112676,10
112677,2
112678,10
112679,10
112680,4
112681,8
112682,5
112683,4
112684,2
112685,7
112686,7
112687,7
112688,10
112689,5
112690,4
112691,10
112692,10
112693,6
112694,9
112695,10
112696,1
112697,3
112698,9
112699,7
112700,9
112701,3
112702,5
112703,1
112704,10
112705,9
112706,1
112707,5
112708,5
112709,5
112710,6
112711,10
112712,4
112713,9
112714,4
112715,4
112716,3
112717,8
112718,2
112719,2
112720,10
112721,9
112722,2
112723,10
112724,10
112725,10
112726,10
112727,10
112728,5
112729,10
112730,10
112731,10
112732,5
112733,5
112734,10
112735,10
112736,10
112737,4
112738,9
112739,10
112740,4
112741,4
112742,4
112743,6
112744,4
112745,4
112746,4
112747,4
112748,6
112749,6
112750,5
112751,3
112752,9
112753,3
112754,6
112755,5
112756,1
112757,1
112758,7
112759,5
112760,10
112761,10
112762,4
112763,5
112764,3
112765,8
112766,10
112767,1
112768,8
112769,10
112770,10
112771,10
112772,5
112773,4
112774,9
112775,3
112776,9
112777,2
112778,9
112779,1
112780,2
112781,10
112782,10
112783,9
112784,10
112785,5
112786,10
112787,3
112788,5
112789,5
112790,10
112791,10
112792,5
112793,4
112794,3
112795,7
112796,4
112797,4
112798,5
112799,9
112800,4
112801,7
112802,9
112803,3
112804,3
112805,7
112806,4
112807,1
112808,5
112809,4
112810,4
112811,4
112812,10
112813,10
112814,6
112815,1
112816,8
112817,10
112818,3
112819,9
112820,7
112821,7
112822,4
112823,7
112824,5
112825,10
112826,5
112827,10
112828,4
112829,8
112830,5
112831,8
112832,4
112833,8
112834,9
112835,8
112836,10
112837,4
112838,4
112839,6
112840,6
112841,5
112842,10
112843,4
112844,5
112845,4
112846,1
112847,6
112848,3
112849,4
112850,7
112851,6
112852,3
112853,4
112854,9
112855,2
112856,9
112857,10
112858,4
112859,1
112860,8
112861,10
112862,8
112863,5
112864,3
112865,3
112866,7
112867,7
112868,7
112869,4
112870,2
112871,8
112872,6
112873,10
112874,5
112875,5
112876,5
112877,10
112878,4
112879,5
112880,2
112881,9
112882,2
112883,10
112884,4
112885,9
112886,9
112887,4
112888,6
112889,9
112890,5
112891,10
112892,5
112893,9
112894,4
112895,8
112896,5
112897,6
112898,9
112899,5
112900,10
112901,5
112902,5
112903,10
112904,10
112905,10
112906,5
112907,5
112908,9
112909,4
112910,4
112911,5
112912,10
112913,5
112914,5
112915,10
112916,10
112917,4
112918,10
112919,3
112920,1
112921,10
112922,2
112923,9
112924,10
112925,5
112926,10
112927,10
112928,5
112929,10
112930,4
112931,5
112932,5
112933,10
112934,3
112935,2
112936,9
112937,9
112938,2
112939,4
112940,8
112941,4
112942,7
112943,8
112944,6
112945,10
112946,10
112947,8
112948,10
112949,2
112950,9
112951,2
112952,2
112953,10
112954,10
112955,10
112956,5
112957,4
112958,4
112959,2
112960,2
112961,10
112962,10
112963,10
112964,4
112965,10
112966,10
112967,5
112968,2
112969,5
112970,10
112971,5
112972,4
112973,8
112974,4
112975,9
112976,2
112977,2
112978,9
112979,9
112980,2
112981,9
112982,4
112983,8
112984,9
112985,9
112986,6
112987,5
112988,8
112989,2
112990,10
112991,10
112992,4
112993,4
112994,2
112995,10
112996,2
112997,4
112998,10
112999,3
113000,1
113001,7
113002,5
113003,7
113004,3
113005,6
113006,5
113007,10
113008,10
113009,10
113010,10
113011,10
113012,10
113013,10
113014,4
113015,4
113016,4
113017,5
113018,4
113019,5
113020,6
113021,4
113022,2
113023,4
113024,2
113025,5
113026,2
113027,5
113028,5
113029,2
113030,4
113031,10
113032,2
113033,2
113034,10
113035,10
113036,10
113037,10
113038,10
113039,10
113040,10
113041,4
113042,4
113043,10
113044,3
113045,9
113046,5
113047,10
113048,5
113049,10
113050,10
113051,5
113052,1
113053,5
113054,5
113055,10
113056,5
113057,6
113058,10
113059,10
113060,2
113061,5
113062,4
113063,2
113064,6
113065,8
113066,5
113067,6
113068,10
113069,10
113070,10
113071,2
113072,8
113073,10
113074,5
113075,10
113076,6
113077,4
113078,2
113079,2
113080,6
113081,10
113082,10
113083,10
113084,7
113085,9
113086,6
113087,2
113088,6
113089,5
113090,4
113091,5
113092,6
113093,2
113094,5
113095,10
113096,6
113097,1
113098,7
113099,6
113100,1
113101,5
113102,5
113103,10
113104,5
113105,4
113106,5
113107,2
113108,2
113109,9
113110,2
113111,10
113112,2
113113,8
113114,6
113115,5
113116,10
113117,5
113118,5
113119,5
113120,10
113121,4
113122,10
113123,4
113124,4
113125,2
113126,9
113127,4
113128,6
113129,6
113130,10
113131,10
113132,4
113133,8
113134,9
113135,3
113136,4
113137,5
113138,7
113139,4
113140,5
113141,1
113142,2
113143,10
113144,6
113145,6
113146,4
113147,2
113148,2
113149,2
113150,8
113151,10
113152,4
113153,4
113154,8
113155,9
113156,8
113157,9
113158,7
113159,4
113160,2
113161,2
113162,5
113163,10
113164,2
113165,4
113166,8
113167,10
113168,2
113169,10
113170,10
113171,2
113172,5
113173,10
113174,8
113175,8
113176,3
113177,2
113178,10
113179,10
113180,10
113181,4
113182,2
113183,5
113184,10
113185,5
113186,10
113187,2
113188,4
113189,2
113190,10
113191,10
113192,5
113193,2
113194,9
113195,4
113196,6
113197,6
113198,10
113199,10
113200,5
113201,7
113202,8
113203,10
113204,5
113205,5
113206,10
113207,6
113208,5
113209,6
113210,1
113211,5
113212,1
113213,5
113214,10
113215,10
113216,10
113217,4
113218,3
113219,10
113220,5
113221,10
113222,4
113223,10
113224,10
113225,9
113226,2
113227,8
113228,7
113229,7
113230,5
113231,5
113232,5
113233,4
113234,6
113235,4
113236,10
113237,9
113238,9
113239,5
113240,5
113241,5
113242,6
113243,10
113244,5
113245,6
113246,10
113247,8
113248,9
113249,4
113250,5
113251,10
113252,10
113253,6
113254,4
113255,5
113256,10
113257,7
113258,1
113259,10
113260,7
113261,8
113262,1
113263,6
113264,7
113265,1
113266,1
113267,4
113268,10
113269,6
113270,10
113271,10
113272,10
113273,6
113274,8
113275,4
113276,4
113277,4
113278,8
113279,6
113280,5
113281,4
113282,4
113283,2
113284,4
113285,5
113286,10
113287,8
113288,9
113289,2
113290,4
113291,9
113292,9
113293,9
113294,5
113295,10
113296,5
113297,5
113298,10
113299,10
113300,5
113301,9
113302,5
113303,4
113304,5
113305,9
113306,10
113307,5
113308,10
113309,10
113310,8
113311,10
113312,10
113313,10
113314,10
113315,10
113316,6
113317,8
113318,10
113319,10
113320,8
113321,8
113322,9
113323,5
113324,8
113325,7
113326,10
113327,8
113328,4
113329,6
113330,7
113331,5
113332,5
113333,9
113334,6
113335,9
113336,5
113337,5
113338,7
113339,10
113340,5
113341,4
113342,5
113343,4
113344,2
113345,5
113346,10
113347,10
113348,4
113349,9
113350,10
113351,9
113352,4
113353,4
113354,4
113355,3
113356,4
113357,8
113358,4
113359,9
113360,5
113361,10
113362,10
113363,5
113364,10
113365,10
113366,5
113367,4
113368,6
113369,10
113370,4
113371,4
113372,9
113373,2
113374,5
113375,5
113376,10
113377,4
113378,4
113379,4
113380,8
113381,1
113382,2
113383,9
113384,10
113385,10
113386,9
113387,4
113388,4
113389,4
113390,4
113391,9
113392,4
113393,6
113394,6
113395,4
113396,4
113397,2
113398,2
113399,9
113400,9
113401,2
113402,7
113403,7
113404,5
113405,4
113406,10
113407,10
113408,5
113409,5
113410,10
113411,5
113412,5
113413,9
113414,9
113415,10
113416,5
113417,4
113418,10
113419,4
113420,4
113421,1
113422,5
113423,10
113424,4
113425,8
113426,4
113427,9
113428,1
113429,4
113430,5
113431,4
113432,5
113433,1
113434,4
113435,4
113436,10
113437,10
113438,9
113439,9
113440,10
113441,8
113442,5
113443,10
113444,10
113445,10
113446,4
113447,5
113448,2
113449,7
113450,8
113451,8
113452,9
113453,4
113454,9
113455,5
113456,2
113457,10
113458,5
113459,10
113460,3
113461,2
113462,5
113463,5
113464,2
113465,2
113466,4
113467,5
113468,5
113469,5
113470,4
113471,4
113472,4
113473,8
113474,4
113475,9
113476,1
113477,5
113478,10
113479,3
113480,5
113481,9
113482,9
113483,8
113484,7
113485,5
113486,2
113487,10
113488,10
113489,5
113490,5
113491,4
113492,9
113493,8
113494,5
113495,4
113496,10
113497,2
113498,6
113499,4
113500,9
113501,2
113502,4
113503,5
113504,4
113505,2
113506,4
113507,10
113508,7
113509,5
113510,5
113511,4
113512,4
113513,4
113514,4
113515,5
113516,5
113517,4
113518,10
113519,10
113520,10
113521,2
113522,1
113523,2
113524,7
113525,5
113526,8
113527,4
113528,9
113529,2
113530,8
113531,3
113532,5
113533,4
113534,10
113535,10
113536,5
113537,4
113538,2
113539,4
113540,4
113541,4
113542,9
113543,5
113544,5
113545,4
113546,2
113547,10
113548,10
113549,8
113550,5
113551,5
113552,7
113553,10
113554,5
113555,10
113556,10
113557,4
113558,4
113559,2
113560,2
113561,2
113562,4
113563,8
113564,8
113565,7
113566,5
113567,10
113568,5
113569,6
113570,2
113571,6
113572,5
113573,4
113574,7
113575,7
113576,10
113577,10
113578,4
113579,4
113580,4
113581,8
113582,1
113583,4
113584,10
113585,9
113586,4
113587,5
113588,10
113589,10
113590,10
113591,1
113592,2
113593,4
113594,5
113595,4
113596,4
113597,4
113598,9
113599,8
113600,6
113601,4
113602,4
113603,5
113604,5
113605,10
113606,10
113607,6
113608,8
113609,8
113610,9
113611,4
113612,8
113613,7
113614,7
113615,10
113616,8
113617,2
113618,1
113619,4
113620,4
113621,10
113622,10
113623,9
113624,7
113625,1
113626,2
113627,7
113628,5
113629,8
113630,5
113631,10
113632,4
113633,8
113634,2
113635,9
113636,2
113637,5
113638,2
113639,5
113640,10
113641,1
113642,3
113643,2
113644,2
113645,8
113646,7
113647,9
113648,5
113649,5
113650,2
113651,8
113652,2
113653,2
113654,6
113655,9
113656,10
113657,9
113658,8
113659,2
113660,2
113661,9
113662,2
113663,9
113664,2
113665,2
113666,5
113667,4
113668,4
113669,9
113670,2
113671,6
113672,10
113673,6
113674,10
113675,5
113676,9
113677,2
113678,1
113679,4
113680,2
113681,10
113682,9
113683,4
113684,10
113685,10
113686,3
113687,1
113688,1
113689,1
113690,5
113691,5
113692,5
113693,10
113694,10
113695,10
113696,10
113697,4
113698,4
113699,10
113700,5
113701,1
113702,1
113703,1
113704,9
113705,9
113706,8
113707,10
113708,2
113709,8
113710,4
113711,2
113712,9
113713,2
113714,4
113715,8
113716,2
113717,10
113718,10
113719,10
113720,10
113721,8
113722,10
113723,4
113724,8
113725,8
113726,8
113727,9
113728,9
113729,2
113730,9
113731,9
113732,4
113733,10
113734,4
113735,4
113736,2
113737,6
113738,5
113739,10
113740,7
113741,7
113742,7
113743,4
113744,7
113745,10
113746,1
113747,8
113748,9
113749,4
113750,2
113751,5
113752,4
113753,10
113754,5
113755,5
113756,10
113757,10
113758,2
113759,5
113760,8
113761,4
113762,3
113763,9
113764,1
113765,5
113766,5
113767,5
113768,10
113769,3
113770,1
113771,1
113772,1
113773,1
113774,7
113775,5
113776,1
113777,1
113778,8
113779,10
113780,5
113781,6
113782,6
113783,10
113784,7
113785,7
113786,5
113787,7
113788,7
113789,7
113790,5
113791,10
113792,5
113793,9
113794,7
113795,10
113796,10
113797,7
113798,5
113799,6
113800,4
113801,4
113802,9
113803,8
113804,6
113805,9
113806,9
113807,4
113808,2
113809,2
113810,1
113811,7
113812,7
113813,5
113814,2
113815,5
113816,4
113817,8
113818,9
113819,8
113820,4
113821,6
113822,4
113823,10
113824,7
113825,8
113826,10
113827,10
113828,4
113829,9
113830,10
113831,10
113832,10
113833,10
113834,10
113835,6
113836,10
113837,10
113838,10
113839,10
113840,10
113841,10
113842,10
113843,10
113844,10
113845,10
113846,7
113847,1
113848,1
113849,3
113850,5
113851,10
113852,7
113853,5
113854,6
113855,10
113856,5
113857,7
113858,9
113859,5
113860,5
113861,7
113862,5
113863,5
113864,4
113865,2
113866,9
113867,1
113868,9
113869,3
113870,3
113871,2
113872,5
113873,8
113874,9
113875,9
113876,6
113877,4
113878,10
113879,7
113880,9
113881,9
113882,2
113883,2
113884,2
113885,9
113886,2
113887,8
113888,6
113889,1
113890,5
113891,4
113892,10
113893,9
113894,5
113895,1
113896,5
113897,5
113898,3
113899,5
113900,7
113901,9
113902,8
113903,7
113904,5
113905,7
113906,7
113907,7
113908,10
113909,10
113910,5
113911,10
113912,10
113913,10
113914,5
113915,9
113916,4
113917,10
113918,10
113919,10
113920,9
113921,8
113922,9
113923,9
113924,9
113925,4
113926,9
113927,9
113928,4
113929,9
113930,5
113931,5
113932,6
113933,7
113934,7
113935,7
113936,10
113937,5
113938,4
113939,4
113940,9
113941,5
113942,5
113943,5
113944,10
113945,5
113946,10
113947,10
113948,10
113949,5
113950,4
113951,4
113952,1
113953,5
113954,1
113955,3
113956,1
113957,3
113958,6
113959,7
113960,10
113961,5
113962,6
113963,5
113964,9
113965,4
113966,9
113967,9
113968,4
113969,6
113970,3
113971,7
113972,10
113973,10
113974,6
113975,10
113976,4
113977,5
113978,9
113979,3
113980,5
113981,9
113982,1
113983,9
113984,2
113985,5
113986,5
113987,7
113988,7
113989,10
113990,10
113991,6
113992,5
113993,9
113994,7
113995,7
113996,4
113997,9
113998,2
113999,10
114000,10
114001,10
114002,7
114003,7
114004,4
114005,7
114006,7
114007,6
114008,3
114009,9
114010,4
114011,7
114012,5
114013,1
114014,1
114015,9
114016,5
114017,1
114018,5
114019,1
114020,6
114021,1
114022,1
114023,5
114024,5
114025,1
114026,5
114027,5
114028,7
114029,2
114030,10
114031,5
114032,4
114033,7
114034,7
114035,5
114036,6
114037,7
114038,5
114039,7
114040,5
114041,5
114042,5
114043,5
114044,10
114045,8
114046,5
114047,10
114048,10
114049,5
114050,5
114051,5
114052,5
114053,9
114054,5
114055,4
114056,4
114057,4
114058,4
114059,5
114060,2
114061,1
114062,7
114063,1
114064,5
114065,5
114066,2
114067,4
114068,5
114069,4
114070,4
114071,10
114072,1
114073,5
114074,8
114075,1
114076,5
114077,1
114078,5
114079,1
114080,10
114081,10
114082,5
114083,7
114084,6
114085,1
114086,1
114087,9
114088,3
114089,7
114090,3
114091,5
114092,1
114093,7
114094,6
114095,1
114096,7
114097,7
114098,9
114099,10
114100,5
114101,5
114102,5
114103,1
114104,9
114105,6
114106,3
114107,6
114108,9
114109,9
114110,9
114111,1
114112,1
114113,4
114114,5
114115,5
114116,5
114117,7
114118,5
114119,4
114120,4
114121,4
114122,4
114123,1
114124,4
114125,9
114126,10
114127,1
114128,7
114129,5
114130,7
114131,5
114132,6
114133,10
114134,8
114135,2
114136,5
114137,1
114138,10
114139,4
114140,8
114141,4
114142,5
114143,1
114144,5
114145,1
114146,5
114147,6
114148,5
114149,10
114150,10
114151,9
114152,1
114153,7
114154,1
114155,1
114156,1
114157,5
114158,1
114159,5
114160,5
114161,5
114162,7
114163,7
114164,5
114165,5
114166,10
114167,5
114168,5
114169,2
114170,2
114171,5
114172,1
114173,1
114174,5
114175,1
114176,7
114177,7
114178,10
114179,5
114180,1
114181,1
114182,3
114183,3
114184,5
114185,1
114186,1
114187,3
114188,7
114189,5
114190,10
114191,8
114192,5
114193,7
114194,2
114195,2
114196,2
114197,2
114198,10
114199,4
114200,1
114201,5
114202,1
114203,5
114204,9
114205,7
114206,9
114207,9
114208,5
114209,6
114210,9
114211,10
114212,7
114213,5
114214,7
114215,10
114216,5
114217,4
114218,1
114219,7
114220,6
114221,1
114222,3
114223,5
114224,9
114225,6
114226,5
114227,9
114228,9
114229,9
114230,9
114231,1
114232,1
114233,6
114234,7
114235,6
114236,3
114237,9
114238,5
114239,1
114240,5
114241,5
114242,7
114243,7
114244,10
114245,6
114246,5
114247,2
114248,4
114249,9
114250,4
114251,5
114252,2
114253,9
114254,4
114255,4
114256,8
114257,1
114258,3
114259,1
114260,1
114261,1
114262,5
114263,6
114264,6
114265,7
114266,7
114267,7
114268,7
114269,5
114270,5
114271,6
114272,8
114273,4
114274,5
114275,4
114276,4
114277,5
114278,1
114279,1
114280,5
114281,9
114282,9
114283,1
114284,2
114285,9
114286,2
114287,2
114288,2
114289,2
114290,4
114291,3
114292,1
114293,1
114294,1
114295,1
114296,4
114297,1
114298,4
114299,10
114300,10
114301,5
114302,5
114303,1
114304,5
114305,1
114306,1
114307,10
114308,5
114309,5
114310,10
114311,9
114312,1
114313,5
114314,8
114315,4
114316,4
114317,5
114318,10
114319,2
114320,2
114321,4
114322,4
114323,10
114324,1
114325,9
114326,6
114327,6
114328,9
114329,1
114330,9
114331,1
114332,1
114333,6
114334,2
114335,2
114336,9
114337,5
114338,10
114339,5
114340,8
114341,1
114342,4
114343,2
114344,8
114345,1
114346,4
114347,4
114348,4
114349,9
114350,1
114351,3
114352,5
114353,6
114354,10
114355,7
114356,1
114357,4
114358,9
114359,9
114360,6
114361,9
114362,7
114363,9
114364,9
114365,8
114366,6
114367,1
114368,1
114369,7
114370,1
114371,4
114372,6
114373,4
114374,6
114375,7
114376,1
114377,5
114378,1
114379,9
114380,10
114381,9
114382,5
114383,2
114384,6
114385,9
114386,4
114387,4
114388,10
114389,1
114390,6
114391,5
114392,5
114393,7
114394,10
114395,4
114396,9
114397,5
114398,1
114399,5
114400,1
114401,1
114402,7
114403,7
114404,10
114405,6
114406,5
114407,4
114408,4
114409,5
114410,1
114411,6
114412,5
114413,5
114414,4
114415,5
114416,9
114417,9
114418,9
114419,2
114420,7
114421,10
114422,5
114423,5
114424,10
114425,5
114426,6
114427,1
114428,1
114429,1
114430,9
114431,1
114432,3
114433,9
114434,1
114435,5
114436,1
114437,7
114438,1
114439,1
114440,4
114441,9
114442,5
114443,7
114444,6
114445,5
114446,5
114447,5
114448,1
114449,3
114450,5
114451,5
114452,7
114453,4
114454,5
114455,5
114456,5
114457,10
114458,10
114459,4
114460,5
114461,9
114462,10
114463,5
114464,4
114465,8
114466,4
114467,1
114468,1
114469,2
114470,10
114471,10
114472,10
114473,5
114474,4
114475,2
114476,10
114477,1
114478,1
114479,5
114480,10
114481,10
114482,10
114483,5
114484,10
114485,10
114486,10
114487,1
114488,5
114489,4
114490,5
114491,5
114492,5
114493,10
114494,10
114495,10
114496,8
114497,1
114498,6
114499,9
114500,5
114501,2
114502,7
114503,5
114504,8
114505,7
114506,5
114507,10
114508,5
114509,5
114510,7
114511,4
114512,4
114513,4
114514,9
114515,10
114516,6
114517,4
114518,1
114519,5
114520,2
114521,5
114522,4
114523,8
114524,4
114525,10
114526,7
114527,9
114528,5
114529,8
114530,1
114531,6
114532,2
114533,6
114534,5
114535,7
114536,7
114537,10
114538,10
114539,5
114540,10
114541,4
114542,4
114543,4
114544,4
114545,6
114546,8
114547,10
114548,5
114549,6
114550,1
114551,7
114552,1
114553,1
114554,7
114555,6
114556,5
114557,4
114558,2
114559,2
114560,7
114561,8
114562,7
114563,7
114564,5
114565,5
114566,4
114567,9
114568,9
114569,3
114570,7
114571,10
114572,10
114573,5
114574,5
114575,9
114576,5
114577,1
114578,5
114579,5
114580,5
114581,9
114582,9
114583,7
114584,1
114585,7
114586,4
114587,4
114588,1
114589,1
114590,1
114591,7
114592,1
114593,5
114594,1
114595,7
114596,6
114597,5
114598,5
114599,7
114600,6
114601,5
114602,5
114603,5
114604,5
114605,10
114606,5
114607,6
114608,10
114609,10
114610,8
114611,4
114612,2
114613,2
114614,2
114615,1
114616,1
114617,10
114618,10
114619,10
114620,10
114621,4
114622,4
114623,4
114624,4
114625,1
114626,9
114627,8
114628,6
114629,9
114630,9
114631,1
114632,4
114633,7
114634,6
114635,5
114636,7
114637,7
114638,7
114639,10
114640,4
114641,4
114642,6
114643,1
114644,5
114645,2
114646,2
114647,2
114648,10
114649,5
114650,9
114651,5
114652,10
114653,2
114654,10
114655,7
114656,1
114657,7
114658,10
114659,10
114660,2
114661,8
114662,4
114663,7
114664,2
114665,9
114666,9
114667,6
114668,8
114669,2
114670,4
114671,10
114672,4
114673,8
114674,7
114675,1
114676,1
114677,2
114678,1
114679,1
114680,7
114681,1
114682,5
114683,10
114684,2
114685,7
114686,7
114687,6
114688,7
114689,6
114690,7
114691,7
114692,7
114693,10
114694,6
114695,7
114696,5
114697,7
114698,10
114699,10
114700,5
114701,7
114702,4
114703,8
114704,7
114705,7
114706,8
114707,6
114708,4
114709,7
114710,6
114711,1
114712,7
114713,7
114714,7
114715,7
114716,6
114717,1
114718,1
114719,7
114720,9
114721,7
114722,6
114723,10
114724,1
114725,2
114726,5
114727,10
114728,10
114729,10
114730,2
114731,8
114732,9
114733,7
114734,9
114735,2
114736,8
114737,10
114738,9
114739,7
114740,7
114741,10
114742,7
114743,6
114744,8
114745,4
114746,5
114747,10
114748,10
114749,5
114750,10
114751,4
114752,1
114753,6
114754,6
114755,8
114756,7
114757,7
114758,6
114759,7
114760,4
114761,5
114762,5
114763,2
114764,2
114765,5
114766,9
114767,9
114768,1
114769,1
114770,1
114771,3
114772,5
114773,7
114774,7
114775,4
114776,10
114777,5
114778,5
114779,5
114780,7
114781,5
114782,10
114783,5
114784,5
114785,5
114786,10
114787,10
114788,10
114789,4
114790,10
114791,9
114792,4
114793,9
114794,2
114795,2
114796,9
114797,8
114798,6
114799,6
114800,9
114801,7
114802,5
114803,5
114804,7
114805,5
114806,10
114807,10
114808,5
114809,5
114810,10
114811,2
114812,2
114813,2
114814,1
114815,1
114816,5
114817,6
114818,8
114819,3
114820,5
114821,5
114822,1
114823,1
114824,5
114825,10
114826,8
114827,6
114828,10
114829,9
114830,6
114831,5
114832,7
114833,5
114834,10
114835,4
114836,6
114837,1
114838,3
114839,1
114840,7
114841,5
114842,1
114843,5
114844,1
114845,7
114846,4
114847,8
114848,4
114849,6
114850,5
114851,6
114852,6
114853,10
114854,8
114855,9
114856,10
114857,5
114858,2
114859,6
114860,5
114861,10
114862,10
114863,4
114864,8
114865,6
114866,4
114867,4
114868,1
114869,6
114870,9
114871,9
114872,7
114873,4
114874,7
114875,10
114876,10
114877,4
114878,4
114879,10
114880,10
114881,1
114882,9
114883,6
114884,5
114885,10
114886,2
114887,7
114888,5
114889,5
114890,5
114891,1
114892,5
114893,3
114894,5
114895,3
114896,10
114897,6
114898,10
114899,5
114900,10
114901,5
114902,5
114903,5
114904,4
114905,5
114906,4
114907,6
114908,9
114909,7
114910,5
114911,5
114912,6
114913,10
114914,10
114915,4
114916,10
114917,10
114918,7
114919,7
114920,10
114921,5
114922,1
114923,6
114924,2
114925,2
114926,10
114927,4
114928,9
114929,2
114930,2
114931,9
114932,9
114933,6
114934,10
114935,9
114936,8
114937,1
114938,10
114939,7
114940,7
114941,1
114942,4
114943,7
114944,7
114945,7
114946,10
114947,9
114948,5
114949,4
114950,10
114951,10
114952,1
114953,5
114954,3
114955,9
114956,1
114957,4
114958,7
114959,7
114960,8
114961,6
114962,5
114963,6
114964,6
114965,4
114966,4
114967,7
114968,2
114969,7
114970,7
114971,7
114972,7
114973,4
114974,4
114975,9
114976,9
114977,10
114978,5
114979,2
114980,2
114981,5
114982,5
114983,5
114984,9
114985,2
114986,5
114987,2
114988,4
114989,1
114990,6
114991,7
114992,7
114993,1
114994,7
114995,7
114996,9
114997,10
114998,5
114999,2
115000,4
115001,5
115002,7
115003,3
115004,5
115005,6
115006,1
115007,7
115008,4
115009,7
115010,5
115011,7
115012,10
115013,10
115014,5
115015,5
115016,6
115017,4
115018,5
115019,5
115020,4
115021,9
115022,7
115023,1
115024,1
115025,1
115026,1
115027,7
115028,7
115029,10
115030,5
115031,10
115032,5
115033,9
115034,5
115035,9
115036,8
115037,4
115038,9
115039,9
115040,4
115041,4
115042,8
115043,10
115044,7
115045,9
115046,7
115047,5
115048,8
115049,10
115050,10
115051,5
115052,4
115053,4
115054,1
115055,6
115056,5
115057,1
115058,7
115059,10
115060,10
115061,10
115062,1
115063,1
115064,5
115065,5
115066,5
115067,5
115068,2
115069,9
115070,6
115071,1
115072,7
115073,4
115074,6
115075,6
115076,3
115077,1
115078,7
115079,1
115080,3
115081,4
115082,1
115083,7
115084,7
115085,5
115086,6
115087,5
115088,10
115089,4
115090,9
115091,4
115092,9
115093,7
115094,9
115095,6
115096,2
115097,10
115098,8
115099,4
115100,10
115101,4
115102,4
115103,4
115104,4
115105,4
115106,4
115107,4
115108,9
115109,6
115110,6
115111,10
115112,4
115113,10
115114,7
115115,10
115116,5
115117,5
115118,5
115119,2
115120,1
115121,4
115122,5
115123,5
115124,10
115125,10
115126,5
115127,5
115128,9
115129,7
115130,6
115131,10
115132,5
115133,7
115134,1
115135,1
115136,9
115137,10
115138,5
115139,10
115140,5
115141,10
115142,2
115143,4
115144,4
115145,4
115146,8
115147,4
115148,9
115149,9
115150,5
115151,5
115152,5
115153,9
115154,7
115155,5
115156,10
115157,10
115158,10
115159,5
115160,10
115161,5
115162,9
115163,3
115164,7
115165,10
115166,9
115167,6
115168,7
115169,6
115170,1
115171,1
115172,5
115173,1
115174,5
115175,1
115176,9
115177,7
115178,1
115179,5
115180,10
115181,4
115182,10
115183,10
115184,2
115185,4
115186,4
115187,4
115188,1
115189,5
115190,5
115191,5
115192,4
115193,7
115194,2
115195,6
115196,10
115197,4
115198,5
115199,5
115200,9
115201,9
115202,6
115203,1
115204,6
115205,1
115206,1
115207,6
115208,5
115209,6
115210,7
115211,1
115212,6
115213,7
115214,9
115215,5
115216,7
115217,4
115218,5
115219,1
115220,2
115221,10
115222,10
115223,10
115224,7
115225,7
115226,8
115227,9
115228,5
115229,4
115230,4
115231,4
115232,4
115233,4
115234,9
115235,3
115236,7
115237,5
115238,2
115239,10
115240,2
115241,9
115242,2
115243,5
115244,9
115245,7
115246,7
115247,5
115248,6
115249,7
115250,6
115251,5
115252,7
115253,6
115254,7
115255,10
115256,8
115257,9
115258,3
115259,9
115260,9
115261,4
115262,9
115263,4
115264,2
115265,7
115266,5
115267,8
115268,7
115269,5
115270,5
115271,7
115272,5
115273,5
115274,5
115275,9
115276,5
115277,6
115278,7
115279,7
115280,1
115281,1
115282,4
115283,1
115284,7
115285,6
115286,6
115287,9
115288,9
115289,5
115290,7
115291,3
115292,4
115293,8
115294,1
115295,2
115296,1
115297,7
115298,5
115299,7
115300,9
115301,7
115302,4
115303,10
115304,3
115305,5
115306,7
115307,8
115308,2
115309,7
115310,5
115311,6
115312,10
115313,2
115314,4
115315,10
115316,4
115317,9
115318,4
115319,9
115320,1
115321,5
115322,7
115323,6
115324,7
115325,6
115326,6
115327,1
115328,3
115329,5
115330,3
115331,9
115332,8
115333,4
115334,10
115335,5
115336,6
115337,10
115338,8
115339,4
115340,4
115341,4
115342,5
115343,9
115344,1
115345,1
115346,7
115347,7
115348,7
115349,10
115350,4
115351,5
115352,4
115353,4
115354,4
115355,9
115356,7
115357,5
115358,9
115359,6
115360,6
115361,6
115362,6
115363,9
115364,7
115365,7
115366,2
115367,4
115368,4
115369,5
115370,4
115371,2
115372,2
115373,7
115374,6
115375,4
115376,5
115377,4
115378,2
115379,3
115380,3
115381,4
115382,5
115383,6
115384,9
115385,9
115386,2
115387,1
115388,5
115389,5
115390,6
115391,1
115392,2
115393,7
115394,7
115395,1
115396,5
115397,5
115398,6
115399,5
115400,5
115401,9
115402,10
115403,10
115404,5
115405,8
115406,9
115407,5
115408,5
115409,4
115410,9
115411,9
115412,9
115413,9
115414,3
115415,9
115416,1
115417,1
115418,1
115419,1
115420,3
115421,10
115422,7
115423,7
115424,7
115425,8
115426,8
115427,9
115428,4
115429,4
115430,5
115431,2
115432,4
115433,7
115434,9
115435,8
115436,9
115437,9
115438,4
115439,7
115440,9
115441,2
115442,4
115443,9
115444,8
115445,2
115446,5
115447,2
115448,2
115449,4
115450,4
115451,6
115452,5
115453,7
115454,6
115455,5
115456,1
115457,5
115458,9
115459,6
115460,6
115461,3
115462,3
115463,6
115464,9
115465,9
115466,7
115467,7
115468,7
115469,8
115470,1
115471,1
115472,7
115473,5
115474,7
115475,7
115476,9
115477,6
115478,7
115479,6
115480,6
115481,1
115482,7
115483,6
115484,7
115485,7
115486,10
115487,7
115488,10
115489,1
115490,7
115491,5
115492,9
115493,7
115494,7
115495,6
115496,5
115497,4
115498,5
115499,5
115500,5
115501,6
115502,7
115503,2
115504,8
115505,1
115506,5
115507,7
115508,5
115509,9
115510,2
115511,7
115512,7
115513,5
115514,8
115515,5
115516,1
115517,1
115518,2
115519,2
115520,5
115521,7
115522,4
115523,5
115524,1
115525,5
115526,7
115527,7
115528,6
115529,7
115530,7
115531,10
115532,9
115533,9
115534,4
115535,2
115536,7
115537,9
115538,7
115539,7
115540,5
115541,3
115542,1
115543,1
115544,7
115545,10
115546,7
115547,10
115548,4
115549,4
115550,1
115551,1
115552,5
115553,7
115554,10
115555,2
115556,1
115557,1
115558,1
115559,7
115560,7
115561,7
115562,10
115563,9
115564,4
115565,9
115566,4
115567,9
115568,3
115569,6
115570,9
115571,6
115572,6
115573,7
115574,7
115575,7
115576,5
115577,6
115578,9
115579,3
115580,1
115581,9
115582,1
115583,5
115584,6
115585,7
115586,1
115587,4
115588,4
115589,4
115590,2
115591,2
115592,5
115593,6
115594,9
115595,9
115596,1
115597,1
115598,6
115599,2
115600,5
115601,8
115602,10
115603,10
115604,4
115605,1
115606,6
115607,7
115608,6
115609,4
115610,1
115611,6
115612,7
115613,5
115614,2
115615,2
115616,9
115617,2
115618,4
115619,7
115620,10
115621,7
115622,6
115623,7
115624,7
115625,1
115626,1
115627,6
115628,1
115629,8
115630,9
115631,1
115632,7
115633,7
115634,7
115635,7
115636,6
115637,7
115638,3
115639,6
115640,5
115641,6
115642,7
115643,7
115644,4
115645,2
115646,4
115647,5
115648,8
115649,9
115650,3
115651,9
115652,5
115653,5
115654,2
115655,7
115656,7
115657,6
115658,7
115659,7
115660,9
115661,10
115662,5
115663,10
115664,5
115665,10
115666,2
115667,7
115668,7
115669,4
115670,4
115671,4
115672,4
115673,5
115674,7
115675,2
115676,2
115677,7
115678,9
115679,2
115680,9
115681,8
115682,2
115683,5
115684,2
115685,7
115686,2
115687,6
115688,10
115689,4
115690,4
115691,6
115692,7
115693,9
115694,7
115695,7
115696,4
115697,8
115698,9
115699,1
115700,5
115701,5
115702,9
115703,5
115704,7
115705,10
115706,5
115707,10
115708,10
115709,10
115710,4
115711,6
115712,4
115713,4
115714,7
115715,7
115716,6
115717,5
115718,1
115719,7
115720,7
115721,7
115722,2
115723,5
115724,5
115725,5
115726,4
115727,9
115728,1
115729,7
115730,7
115731,2
115732,10
115733,4
115734,5
115735,5
115736,2
115737,7
115738,1
115739,5
115740,7
115741,7
115742,7
115743,9
115744,10
115745,5
115746,10
115747,10
115748,4
115749,4
115750,4
115751,4
115752,8
115753,6
115754,10
115755,10
115756,10
115757,9
115758,9
115759,5
115760,1
115761,3
115762,5
115763,7
115764,6
115765,1
115766,9
115767,5
115768,7
115769,7
115770,7
115771,5
115772,7
115773,7
115774,5
115775,1
115776,6
115777,10
115778,5
115779,10
115780,10
115781,10
115782,5
115783,5
115784,10
115785,4
115786,4
115787,1
115788,1
115789,7
115790,10
115791,5
115792,5
115793,5
115794,10
115795,10
115796,4
115797,4
115798,9
115799,2
115800,7
115801,5
115802,10
115803,10
115804,6
115805,2
115806,8
115807,2
115808,2
115809,9
115810,9
115811,1
115812,2
115813,10
115814,5
115815,4
115816,5
115817,9
115818,1
115819,3
115820,6
115821,5
115822,7
115823,10
115824,4
115825,5
115826,5
115827,5
115828,1
115829,1
115830,1
115831,7
115832,5
115833,7
115834,10
115835,2
115836,2
115837,2
115838,5
115839,1
115840,1
115841,10
115842,5
115843,5
115844,5
115845,5
115846,8
115847,1
115848,8
115849,7
115850,10
115851,5
115852,5
115853,4
115854,5
115855,9
115856,4
115857,1
115858,5
115859,2
115860,10
115861,1
115862,5
115863,1
115864,2
115865,5
115866,7
115867,4
115868,8
115869,10
115870,8
115871,5
115872,2
115873,9
115874,1
115875,1
115876,5
115877,6
115878,7
115879,7
115880,7
115881,8
115882,10
115883,4
115884,4
115885,5
115886,7
115887,9
115888,6
115889,1
115890,7
115891,7
115892,7
115893,7
115894,7
115895,7
115896,1
115897,5
115898,5
115899,9
115900,1
115901,1
115902,1
115903,2
115904,9
115905,2
115906,6
115907,5
115908,6
115909,10
115910,10
115911,2
115912,4
115913,4
115914,4
115915,8
115916,9
115917,10
115918,10
115919,10
115920,10
115921,10
115922,4
115923,9
115924,4
115925,7
115926,9
115927,7
115928,3
115929,9
115930,10
115931,10
115932,4
115933,2
115934,9
115935,1
115936,9
115937,9
115938,1
115939,5
115940,4
115941,6
115942,7
115943,10
115944,10
115945,9
115946,2
115947,5
115948,10
115949,4
115950,5
115951,8
115952,10
115953,9
115954,1
115955,9
115956,10
115957,6
115958,2
115959,9
115960,1
115961,2
115962,8
115963,9
115964,9
115965,2
115966,2
115967,1
115968,3
115969,5
115970,2
115971,2
115972,4
115973,9
115974,7
115975,6
115976,9
115977,2
115978,10
115979,10
115980,4
115981,9
115982,7
115983,9
115984,2
115985,2
115986,4
115987,2
115988,2
115989,10
115990,1
115991,10
115992,4
115993,9
115994,9
115995,10
115996,9
115997,3
115998,5
115999,3
116000,4
116001,7
116002,5
116003,5
116004,7
116005,7
116006,5
116007,6
116008,5
116009,1
116010,10
116011,5
116012,10
116013,10
116014,10
116015,10
116016,8
116017,9
116018,8
116019,7
116020,1
116021,5
116022,5
116023,6
116024,7
116025,5
116026,10
116027,5
116028,10
116029,10
116030,3
116031,3
116032,1
116033,2
116034,2
116035,5
116036,5
116037,4
116038,2
116039,10
116040,2
116041,4
116042,4
116043,8
116044,4
116045,7
116046,5
116047,9
116048,4
116049,6
116050,2
116051,5
116052,10
116053,10
116054,4
116055,4
116056,9
116057,9
116058,7
116059,7
116060,7
116061,6
116062,2
116063,4
116064,4
116065,10
116066,10
116067,1
116068,10
116069,7
116070,7
116071,10
116072,10
116073,5
116074,7
116075,10
116076,4
116077,6
116078,4
116079,9
116080,9
116081,7
116082,6
116083,5
116084,8
116085,1
116086,5
116087,1
116088,1
116089,3
116090,3
116091,4
116092,5
116093,5
116094,10
116095,9
116096,10
116097,5
116098,6
116099,10
116100,9
116101,3
116102,1
116103,6
116104,1
116105,7
116106,10
116107,10
116108,5
116109,4
116110,4
116111,6
116112,1
116113,9
116114,9
116115,5
116116,10
116117,5
116118,5
116119,4
116120,4
116121,5
116122,9
116123,1
116124,5
116125,1
116126,5
116127,5
116128,9
116129,7
116130,5
116131,7
116132,5
116133,6
116134,7
116135,8
116136,3
116137,5
116138,5
116139,10
116140,10
116141,5
116142,9
116143,4
116144,4
116145,4
116146,9
116147,4
116148,4
116149,1
116150,10
116151,10
116152,10
116153,10
116154,4
116155,10
116156,10
116157,6
116158,9
116159,3
116160,3
116161,9
116162,10
116163,4
116164,1
116165,7
116166,10
116167,10
116168,10
116169,10
116170,4
116171,4
116172,4
116173,5
116174,9
116175,2
116176,4
116177,10
116178,5
116179,10
116180,4
116181,6
116182,9
116183,1
116184,1
116185,1
116186,3
116187,5
116188,5
116189,2
116190,2
116191,9
116192,1
116193,7
116194,1
116195,7
116196,5
116197,5
116198,10
116199,5
116200,10
116201,7
116202,2
116203,4
116204,4
116205,4
116206,9
116207,9
116208,9
116209,7
116210,4
116211,5
116212,5
116213,6
116214,5
116215,2
116216,5
116217,10
116218,10
116219,10
116220,4
116221,4
116222,9
116223,1
116224,9
116225,6
116226,10
116227,10
116228,2
116229,7
116230,5
116231,5
116232,5
116233,9
116234,4
116235,4
116236,9
116237,9
116238,10
116239,10
116240,5
116241,10
116242,10
116243,10
116244,10
116245,10
116246,9
116247,10
116248,5
116249,10
116250,10
116251,10
116252,4
116253,4
116254,10
116255,9
116256,10
116257,9
116258,4
116259,4
116260,9
116261,3
116262,1
116263,5
116264,9
116265,5
116266,3
116267,7
116268,3
116269,7
116270,7
116271,5
116272,6
116273,5
116274,5
116275,5
116276,5
116277,10
116278,4
116279,4
116280,4
116281,4
116282,9
116283,4
116284,9
116285,9
116286,3
116287,5
116288,3
116289,1
116290,5
116291,4
116292,10
116293,6
116294,5
116295,4
116296,5
116297,1
116298,5
116299,5
116300,8
116301,10
116302,3
116303,6
116304,3
116305,5
116306,5
116307,5
116308,5
116309,5
116310,9
116311,4
116312,5
116313,1
116314,3
116315,3
116316,8
116317,9
116318,5
116319,5
116320,9
116321,6
116322,9
116323,4
116324,5
116325,5
116326,7
116327,5
116328,9
116329,1
116330,4
116331,4
116332,4
116333,4
116334,8
116335,2
116336,3
116337,1
116338,7
116339,5
116340,4
116341,6
116342,3
116343,7
116344,10
116345,9
116346,10
116347,9
116348,4
116349,9
116350,4
116351,9
116352,7
116353,7
116354,10
116355,10
116356,5
116357,4
116358,5
116359,9
116360,4
116361,1
116362,9
116363,3
116364,5
116365,7
116366,5
116367,5
116368,10
116369,10
116370,2
116371,6
116372,9
116373,6
116374,1
116375,7
116376,9
116377,7
116378,5
116379,9
116380,5
116381,3
116382,6
116383,1
116384,9
116385,6
116386,7
116387,6
116388,7
116389,5
116390,5
116391,9
116392,6
116393,6
116394,3
116395,3
116396,9
116397,1
116398,6
116399,6
116400,4
116401,8
116402,10
116403,1
116404,3
116405,5
116406,5
116407,1
116408,5
116409,1
116410,7
116411,7
116412,7
116413,6
116414,7
116415,5
116416,10
116417,7
116418,6
116419,5
116420,5
116421,5
116422,4
116423,4
116424,9
116425,9
116426,5
116427,3
116428,1
116429,10
116430,4
116431,1
116432,7
116433,5
116434,9
116435,1
116436,7
116437,9
116438,4
116439,4
116440,6
116441,9
116442,5
116443,9
116444,6
116445,6
116446,6
116447,9
116448,1
116449,6
116450,3
116451,1
116452,7
116453,7
116454,10
116455,4
116456,6
116457,9
116458,5
116459,3
116460,4
116461,5
116462,4
116463,5
116464,5
116465,6
116466,1
116467,6
116468,3
116469,5
116470,4
116471,2
116472,7
116473,7
116474,1
116475,5
116476,5
116477,10
116478,5
116479,10
116480,5
116481,9
116482,5
116483,9
116484,6
116485,1
116486,8
116487,1
116488,4
116489,5
116490,6
116491,5
116492,5
116493,10
116494,10
116495,1
116496,4
116497,4
116498,5
116499,5
116500,5
116501,9
116502,2
116503,9
116504,3
116505,1
116506,1
116507,1
116508,1
116509,5
116510,5
116511,5
116512,5
116513,10
116514,4
116515,8
116516,9
116517,1
116518,9
116519,9
116520,1
116521,1
116522,10
116523,5
116524,8
116525,1
116526,9
116527,6
116528,4
116529,9
116530,1
116531,5
116532,5
116533,7
116534,9
116535,10
116536,5
116537,5
116538,4
116539,9
116540,3
116541,7
116542,10
116543,10
116544,6
116545,9
116546,6
116547,6
116548,5
116549,7
116550,5
116551,1
116552,7
116553,5
116554,7
116555,6
116556,7
116557,7
116558,7
116559,7
116560,5
116561,4
116562,4
116563,5
116564,10
116565,4
116566,9
116567,4
116568,5
116569,3
116570,6
116571,9
116572,5
116573,5
116574,10
116575,10
116576,5
116577,9
116578,4
116579,5
116580,5
116581,5
116582,5
116583,6
116584,5
116585,4
116586,9
116587,6
116588,8
116589,9
116590,2
116591,8
116592,2
116593,8
116594,9
116595,9
116596,8
116597,1
116598,9
116599,4
116600,5
116601,7
116602,8
116603,10
116604,4
116605,10
116606,4
116607,4
116608,1
116609,1
116610,7
116611,7
116612,5
116613,10
116614,4
116615,10
116616,10
116617,6
116618,9
116619,6
116620,7
116621,5
116622,6
116623,9
116624,6
116625,3
116626,9
116627,1
116628,7
116629,1
116630,1
116631,7
116632,5
116633,10
116634,6
116635,5
116636,1
116637,5
116638,2
116639,9
116640,9
116641,3
116642,7
116643,1
116644,3
116645,8
116646,8
116647,9
116648,7
116649,5
116650,6
116651,5
116652,5
116653,7
116654,7
116655,5
116656,5
116657,6
116658,10
116659,2
116660,6
116661,3
116662,1
116663,6
116664,7
116665,7
116666,5
116667,1
116668,4
116669,5
116670,5
116671,10
116672,5
116673,9
116674,4
116675,9
116676,4
116677,7
116678,6
116679,9
116680,1
116681,5
116682,4
116683,8
116684,7
116685,1
116686,8
116687,1
116688,7
116689,5
116690,5
116691,5
116692,5
116693,5
116694,9
116695,4
116696,4
116697,3
116698,1
116699,5
116700,1
116701,10
116702,10
116703,4
116704,6
116705,5
116706,4
116707,4
116708,4
116709,9
116710,7
116711,1
116712,7
116713,5
116714,5
116715,5
116716,2
116717,5
116718,4
116719,7
116720,7
116721,7
116722,10
116723,4
116724,4
116725,4
116726,9
116727,10
116728,9
116729,1
116730,1
116731,5
116732,1
116733,5
116734,1
116735,5
116736,5
116737,7
116738,7
116739,5
116740,7
116741,3
116742,5
116743,7
116744,7
116745,5
116746,10
116747,10
116748,10
116749,5
116750,4
116751,4
116752,1
116753,3
116754,7
116755,4
116756,5
116757,10
116758,5
116759,5
116760,7
116761,4
116762,10
116763,2
116764,5
116765,10
116766,5
116767,5
116768,9
116769,9
116770,2
116771,2
116772,9
116773,10
116774,10
116775,5
116776,3
116777,9
116778,5
116779,3
116780,3
116781,1
116782,1
116783,1
116784,9
116785,7
116786,8
116787,10
116788,6
116789,10
116790,5
116791,10
116792,5
116793,2
116794,2
116795,7
116796,9
116797,7
116798,9
116799,7
116800,7
116801,7
116802,9
116803,9
116804,8
116805,7
116806,2
116807,2
116808,9
116809,2
116810,2
116811,9
116812,1
116813,5
116814,9
116815,2
116816,5
116817,7
116818,5
116819,10
116820,6
116821,6
116822,8
116823,7
116824,1
116825,5
116826,10
116827,9
116828,10
116829,7
116830,3
116831,7
116832,10
116833,10
116834,1
116835,7
116836,7
116837,6
116838,7
116839,1
116840,10
116841,6
116842,1
116843,7
116844,7
116845,7
116846,7
116847,6
116848,10
116849,7
116850,6
116851,4
116852,10
116853,7
116854,8
116855,8
116856,7
116857,7
116858,5
116859,2
116860,4
116861,4
116862,2
116863,9
116864,2
116865,4
116866,3
116867,5
116868,7
116869,7
116870,5
116871,9
116872,1
116873,8
116874,9
116875,9
116876,1
116877,5
116878,7
116879,6
116880,7
116881,7
116882,7
116883,10
116884,5
116885,2
116886,9
116887,5
116888,2
116889,2
116890,2
116891,7
116892,2
116893,3
116894,7
116895,9
116896,1
116897,7
116898,7
116899,5
116900,10
116901,5
116902,4
116903,10
116904,3
116905,1
116906,1
116907,5
116908,10
116909,5
116910,10
116911,4
116912,9
116913,9
116914,2
116915,2
116916,8
116917,1
116918,7
116919,1
116920,1
116921,7
116922,1
116923,7
116924,1
116925,1
116926,5
116927,7
116928,7
116929,1
116930,7
116931,7
116932,10
116933,10
116934,4
116935,10
116936,1
116937,3
116938,6
116939,5
116940,5
116941,6
116942,7
116943,8
116944,1
116945,5
116946,7
116947,10
116948,5
116949,5
116950,10
116951,10
116952,10
116953,10
116954,5
116955,10
116956,10
116957,10
116958,5
116959,4
116960,5
116961,4
116962,4
116963,1
116964,1
116965,5
116966,3
116967,5
116968,4
116969,5
116970,6
116971,9
116972,2
116973,1
116974,8
116975,5
116976,7
116977,7
116978,5
116979,7
116980,9
116981,10
116982,10
116983,5
116984,1
116985,3
116986,8
116987,7
116988,6
116989,5
116990,10
116991,10
116992,6
116993,1
116994,10
116995,4
116996,2
116997,2
116998,2
116999,2
117000,2
117001,8
117002,4
117003,8
117004,6
117005,9
117006,7
117007,5
117008,10
117009,10
117010,10
117011,7
117012,9
117013,1
117014,3
117015,9
117016,5
117017,10
117018,5
117019,4
117020,4
117021,4
117022,5
117023,2
117024,9
117025,2
117026,9
117027,4
117028,7
117029,2
117030,7
117031,2
117032,7
117033,7
117034,9
117035,9
117036,9
117037,9
117038,2
117039,4
117040,2
117041,9
117042,9
117043,4
117044,4
117045,8
117046,2
117047,10
117048,9
117049,3
117050,10
117051,5
117052,3
117053,1
117054,3
117055,1
117056,4
117057,7
117058,4
117059,10
117060,9
117061,7
117062,9
117063,1
117064,9
117065,9
117066,3
117067,5
117068,7
117069,7
117070,1
117071,7
117072,10
117073,5
117074,1
117075,5
117076,9
117077,4
117078,5
117079,9
117080,9
117081,6
117082,7
117083,6
117084,5
117085,5
117086,5
117087,6
117088,2
117089,5
117090,2
117091,2
117092,9
117093,9
117094,1
117095,7
117096,2
117097,7
117098,7
117099,1
117100,10
117101,5
117102,10
117103,10
117104,10
117105,4
117106,4
117107,9
117108,6
117109,8
117110,8
117111,3
117112,7
117113,10
117114,10
117115,2
117116,4
117117,2
117118,4
117119,3
117120,7
117121,5
117122,6
117123,5
117124,10
117125,5
117126,4
117127,7
117128,5
117129,2
117130,10
117131,2
117132,1
117133,5
117134,9
117135,9
117136,4
117137,8
117138,7
117139,9
117140,9
117141,8
117142,1
117143,5
117144,2
117145,7
117146,5
117147,7
117148,7
117149,10
117150,1
117151,10
117152,10
117153,10
117154,10
117155,10
117156,10
117157,4
117158,5
117159,2
117160,6
117161,4
117162,9
117163,4
117164,4
117165,5
117166,7
117167,10
117168,7
117169,10
117170,5
117171,7
117172,10
117173,10
117174,7
117175,10
117176,5
117177,5
117178,9
117179,5
117180,9
117181,9
117182,9
117183,1
117184,1
117185,1
117186,4
117187,7
117188,7
117189,7
117190,6
117191,5
117192,9
117193,2
117194,8
117195,4
117196,4
117197,8
117198,5
117199,5
117200,5
117201,10
117202,4
117203,10
117204,5
117205,2
117206,10
117207,2
117208,6
117209,1
117210,2
117211,10
117212,6
117213,10
117214,10
117215,10
117216,10
117217,6
117218,5
117219,5
117220,1
117221,7
117222,10
117223,10
117224,2
117225,8
117226,9
117227,7
117228,9
117229,9
117230,9
117231,2
117232,6
117233,10
117234,6
117235,6
117236,10
117237,7
117238,6
117239,3
117240,6
117241,10
117242,1
117243,7
117244,7
117245,7
117246,6
117247,7
117248,6
117249,4
117250,1
117251,7
117252,6
117253,7
117254,1
117255,7
117256,9
117257,6
117258,7
117259,2
117260,1
117261,6
117262,5
117263,5
117264,10
117265,2
117266,4
117267,10
117268,8
117269,6
117270,7
117271,10
117272,8
117273,7
117274,7
117275,3
117276,10
117277,4
117278,10
117279,7
117280,7
117281,7
117282,10
117283,10
117284,5
117285,1
117286,5
117287,7
117288,9
117289,1
117290,7
117291,7
117292,10
117293,10
117294,5
117295,5
117296,6
117297,5
117298,5
117299,4
117300,9
117301,6
117302,1
117303,1
117304,7
117305,7
117306,7
117307,1
117308,10
117309,8
117310,4
117311,9
117312,3
117313,1
117314,9
117315,9
117316,6
117317,1
117318,4
117319,4
117320,5
117321,8
117322,7
117323,10
117324,10
117325,5
117326,10
117327,8
117328,9
117329,9
117330,10
117331,7
117332,3
117333,1
117334,4
117335,7
117336,10
117337,10
117338,10
117339,5
117340,1
117341,3
117342,1
117343,7
117344,7
117345,5
117346,5
117347,9
117348,5
117349,9
117350,10
117351,10
117352,5
117353,10
117354,10
117355,10
117356,4
117357,9
117358,3
117359,4
117360,5
117361,10
117362,5
117363,4
117364,1
117365,1
117366,9
117367,9
117368,2
117369,7
117370,5
117371,5
117372,5
117373,10
117374,9
117375,3
117376,4
117377,4
117378,9
117379,7
117380,5
117381,5
117382,5
117383,10
117384,4
117385,9
117386,6
117387,10
117388,9
117389,1
117390,7
117391,8
117392,1
117393,10
117394,1
117395,1
117396,4
117397,3
117398,10
117399,4
117400,6
117401,10
117402,10
117403,2
117404,7
117405,8
117406,1
117407,8
117408,5
117409,1
117410,7
117411,6
117412,5
117413,5
117414,10
117415,5
117416,10
117417,9
117418,4
117419,2
117420,4
117421,9
117422,10
117423,10
117424,10
117425,10
117426,1
117427,6
117428,7
117429,7
117430,7
117431,10
117432,1
117433,7
117434,5
117435,5
117436,5
117437,6
117438,6
117439,5
117440,5
117441,10
117442,4
117443,5
117444,6
117445,3
117446,5
117447,10
117448,9
117449,1
117450,10
117451,9
117452,9
117453,7
117454,1
117455,1
117456,10
117457,1
117458,5
117459,10
117460,10
117461,10
117462,5
117463,5
117464,5
117465,10
117466,10
117467,10
117468,4
117469,10
117470,9
117471,2
117472,2
117473,10
117474,4
117475,2
117476,2
117477,9
117478,7
117479,10
117480,4
117481,10
117482,10
117483,4
117484,10
117485,10
117486,10
117487,8
117488,10
117489,10
117490,6
117491,4
117492,4
117493,4
117494,4
117495,4
117496,6
117497,1
117498,6
117499,10
117500,8
117501,7
117502,7
117503,5
117504,5
117505,5
117506,5
117507,10
117508,10
117509,1
117510,1
117511,1
117512,5
117513,1
117514,6
117515,5
117516,10
117517,10
117518,5
117519,4
117520,4
117521,4
117522,5
117523,1
117524,5
117525,1
117526,7
117527,7
117528,7
117529,10
117530,4
117531,4
117532,4
117533,4
117534,8
117535,4
117536,9
117537,3
117538,8
117539,7
117540,7
117541,8
117542,10
117543,4
117544,5
117545,4
117546,4
117547,4
117548,4
117549,5
117550,9
117551,2
117552,9
117553,8
117554,10
117555,1
117556,1
117557,5
117558,7
117559,5
117560,10
117561,6
117562,5
117563,5
117564,4
117565,10
117566,6
117567,7
117568,10
117569,4
117570,4
117571,8
117572,9
117573,9
117574,1
117575,4
117576,2
117577,1
117578,5
117579,1
117580,7
117581,9
117582,10
117583,1
117584,4
117585,4
117586,10
117587,6
117588,10
117589,9
117590,2
117591,9
117592,9
117593,5
117594,1
117595,5
117596,3
117597,4
117598,6
117599,1
117600,5
117601,1
117602,7
117603,7
117604,7
117605,7
117606,10
117607,8
117608,6
117609,4
117610,7
117611,1
117612,7
117613,5
117614,1
117615,7
117616,7
117617,8
117618,4
117619,5
117620,9
117621,9
117622,5
117623,4
117624,8
117625,1
117626,9
117627,6
117628,7
117629,5
117630,6
117631,6
117632,4
117633,9
117634,9
117635,1
117636,1
117637,9
117638,7
117639,1
117640,1
117641,5
117642,7
117643,7
117644,6
117645,6
117646,5
117647,6
117648,5
117649,4
117650,4
117651,2
117652,3
117653,8
117654,3
117655,5
117656,1
117657,1
117658,1
117659,7
117660,5
117661,7
117662,6
117663,7
117664,7
117665,7
117666,7
117667,5
117668,1
117669,4
117670,1
117671,6
117672,3
117673,1
117674,9
117675,6
117676,5
117677,7
117678,5
117679,7
117680,7
117681,5
117682,10
117683,10
117684,5
117685,10
117686,5
117687,5
117688,6
117689,5
117690,5
117691,10
117692,4
117693,4
117694,9
117695,4
117696,9
117697,7
117698,10
117699,4
117700,9
117701,3
117702,9
117703,1
117704,8
117705,4
117706,5
117707,6
117708,5
117709,5
117710,6
117711,5
117712,10
117713,10
117714,8
117715,4
117716,9
117717,9
117718,6
117719,9
117720,8
117721,7
117722,5
117723,5
117724,5
117725,6
117726,10
117727,1
117728,10
117729,5
117730,2
117731,5
117732,2
117733,6
117734,9
117735,6
117736,7
117737,5
117738,7
117739,4
117740,4
117741,10
117742,4
117743,7
117744,3
117745,1
117746,1
117747,1
117748,1
117749,9
117750,4
117751,8
117752,9
117753,4
117754,9
117755,9
117756,1
117757,7
117758,7
117759,5
117760,5
117761,5
117762,10
117763,10
117764,5
117765,5
117766,4
117767,4
117768,9
117769,7
117770,1
117771,6
117772,1
117773,3
117774,1
117775,1
117776,1
117777,1
117778,10
117779,7
117780,5
117781,9
117782,10
117783,10
117784,4
117785,5
117786,2
117787,4
117788,7
117789,6
117790,8
117791,2
117792,10
117793,8
117794,2
117795,7
117796,7
117797,5
117798,6
117799,10
117800,10
117801,5
117802,5
117803,4
117804,8
117805,5
117806,5
117807,4
117808,1
117809,5
117810,10
117811,9
117812,5
117813,10
117814,10
117815,5
117816,4
117817,4
117818,7
117819,9
117820,9
117821,7
117822,9
117823,9
117824,6
117825,7
117826,1
117827,7
117828,6
117829,3
117830,1
117831,3
117832,6
117833,1
117834,5
117835,7
117836,1
117837,7
117838,9
117839,2
117840,5
117841,6
117842,10
117843,2
117844,9
117845,9
117846,10
117847,5
117848,8
117849,7
117850,1
117851,3
117852,1
117853,1
117854,1
117855,1
117856,7
117857,7
117858,9
117859,6
117860,7
117861,10
117862,7
117863,5
117864,5
117865,10
117866,9
117867,10
117868,5
117869,5
117870,5
117871,10
117872,9
117873,4
117874,8
117875,4
117876,9
117877,5
117878,5
117879,9
117880,2
117881,10
117882,2
117883,9
117884,9
117885,4
117886,6
117887,6
117888,6
117889,1
117890,1
117891,4
117892,1
117893,9
117894,3
117895,1
117896,1
117897,7
117898,3
117899,7
117900,5
117901,10
117902,6
117903,8
117904,5
117905,1
117906,5
117907,6
117908,1
117909,3
117910,7
117911,7
117912,5
117913,5
117914,9
117915,9
117916,6
117917,4
117918,6
117919,8
117920,9
117921,7
117922,9
117923,7
117924,1
117925,3
117926,4
117927,7
117928,10
117929,5
117930,10
117931,9
117932,9
117933,8
117934,4
117935,4
117936,8
117937,6
117938,4
117939,9
117940,1
117941,5
117942,2
117943,1
117944,8
117945,7
117946,7
117947,3
117948,1
117949,6
117950,7
117951,7
117952,1
117953,5
117954,10
117955,6
117956,5
117957,10
117958,6
117959,5
117960,4
117961,5
117962,4
117963,9
117964,4
117965,9
117966,9
117967,6
117968,2
117969,6
117970,6
117971,7
117972,5
117973,5
117974,1
117975,1
117976,10
117977,10
117978,1
117979,5
117980,7
117981,5
117982,5
117983,5
117984,5
117985,4
117986,3
117987,3
117988,5
117989,1
117990,10
117991,8
117992,10
117993,4
117994,9
117995,1
117996,1
117997,8
117998,6
117999,5
118000,6
118001,7
118002,5
118003,2
118004,4
118005,10
118006,4
118007,10
118008,5
118009,5
118010,5
118011,10
118012,6
118013,6
118014,7
118015,5
118016,1
118017,3
118018,5
118019,3
118020,7
118021,6
118022,5
118023,7
118024,10
118025,10
118026,10
118027,5
118028,9
118029,3
118030,9
118031,9
118032,2
118033,6
118034,10
118035,5
118036,1
118037,5
118038,3
118039,4
118040,7
118041,7
118042,7
118043,6
118044,5
118045,4
118046,2
118047,1
118048,7
118049,7
118050,9
118051,2
118052,7
118053,7
118054,3
118055,6
118056,7
118057,5
118058,1
118059,1
118060,5
118061,3
118062,1
118063,1
118064,9
118065,5
118066,7
118067,7
118068,10
118069,9
118070,5
118071,6
118072,7
118073,7
118074,7
118075,7
118076,1
118077,7
118078,7
118079,1
118080,10
118081,10
118082,10
118083,10
118084,10
118085,10
118086,10
118087,1
118088,5
118089,10
118090,4
118091,4
118092,6
118093,4
118094,6
118095,6
118096,3
118097,9
118098,1
118099,1
118100,3
118101,2
118102,2
118103,2
118104,2
118105,6
118106,9
118107,10
118108,10
118109,10
118110,5
118111,5
118112,5
118113,10
118114,10
118115,10
118116,5
118117,10
118118,10
118119,4
118120,4
118121,3
118122,6
118123,6
118124,1
118125,7
118126,3
118127,1
118128,1
118129,1
118130,10
118131,10
118132,10
118133,5
118134,10
118135,9
118136,10
118137,5
118138,4
118139,7
118140,7
118141,5
118142,1
118143,1
118144,7
118145,6
118146,6
118147,6
118148,4
118149,3
118150,5
118151,6
118152,7
118153,5
118154,7
118155,5
118156,5
118157,5
118158,5
118159,5
118160,5
118161,10
118162,5
118163,5
118164,6
118165,5
118166,7
118167,5
118168,2
118169,7
118170,2
118171,2
118172,7
118173,8
118174,9
118175,9
118176,9
118177,2
118178,2
118179,4
118180,2
118181,6
118182,2
118183,4
118184,5
118185,9
118186,4
118187,1
118188,10
118189,5
118190,7
118191,5
118192,5
118193,10
118194,8
118195,2
118196,4
118197,4
118198,4
118199,4
118200,3
118201,7
118202,7
118203,10
118204,1
118205,7
118206,7
118207,7
118208,1
118209,1
118210,1
118211,6
118212,5
118213,7
118214,10
118215,2
118216,2
118217,10
118218,1
118219,7
118220,7
118221,9
118222,5
118223,6
118224,4
118225,4
118226,2
118227,6
118228,7
118229,9
118230,5
118231,1
118232,1
118233,5
118234,5
118235,10
118236,5
118237,5
118238,5
118239,5
118240,4
118241,4
118242,4
118243,2
118244,4
118245,4
118246,7
118247,1
118248,10
118249,9
118250,4
118251,2
118252,5
118253,5
118254,10
118255,3
118256,1
118257,5
118258,6
118259,1
118260,10
118261,5
118262,4
118263,4
118264,2
118265,2
118266,7
118267,1
118268,5
118269,10
118270,9
118271,6
118272,4
118273,4
118274,4
118275,2
118276,3
118277,7
118278,1
118279,1
118280,7
118281,10
118282,7
118283,7
118284,7
118285,6
118286,5
118287,5
118288,10
118289,5
118290,10
118291,5
118292,5
118293,5
118294,4
118295,5
118296,4
118297,8
118298,6
118299,6
118300,1
118301,8
118302,5
118303,1
118304,5
118305,4
118306,4
118307,5
118308,5
118309,1
118310,10
118311,6
118312,5
118313,10
118314,2
118315,4
118316,2
118317,2
118318,2
118319,10
118320,10
118321,10
118322,4
118323,7
118324,5
118325,5
118326,7
118327,5
118328,10
118329,5
118330,10
118331,3
118332,4
118333,4
118334,4
118335,9
118336,9
118337,8
118338,5
118339,4
118340,10
118341,7
118342,6
118343,7
118344,10
118345,6
118346,1
118347,1
118348,7
118349,1
118350,1
118351,5
118352,9
118353,10
118354,5
118355,5
118356,9
118357,1
118358,4
118359,5
118360,7
118361,10
118362,10
118363,10
118364,10
118365,5
118366,4
118367,10
118368,2
118369,5
118370,6
118371,4
118372,9
118373,8
118374,4
118375,10
118376,10
118377,2
118378,3
118379,1
118380,1
118381,5
118382,5
118383,1
118384,6
118385,10
118386,10
118387,5
118388,4
118389,5
118390,2
118391,2
118392,8
118393,5
118394,1
118395,3
118396,1
118397,9
118398,7
118399,5
118400,5
118401,10
118402,2
118403,9
118404,10
118405,6
118406,10
118407,6
118408,9
118409,8
118410,4
118411,10
118412,2
118413,5
118414,7
118415,7
118416,4
118417,8
118418,9
118419,7
118420,1
118421,1
118422,7
118423,6
118424,5
118425,7
118426,7
118427,6
118428,10
118429,5
118430,5
118431,10
118432,5
118433,9
118434,6
118435,4
118436,10
118437,9
118438,3
118439,3
118440,1
118441,1
118442,1
118443,1
118444,8
118445,1
118446,1
118447,10
118448,9
118449,6
118450,10
118451,10
118452,7
118453,6
118454,9
118455,9
118456,2
118457,2
118458,1
118459,5
118460,7
118461,10
118462,10
118463,4
118464,1
118465,8
118466,3
118467,3
118468,7
118469,1
118470,7
118471,10
118472,5
118473,10
118474,8
118475,9
118476,8
118477,9
118478,1
118479,10
118480,9
118481,9
118482,9
118483,5
118484,7
118485,5
118486,5
118487,5
118488,6
118489,2
118490,2
118491,2
118492,2
118493,7
118494,1
118495,2
118496,2
118497,9
118498,2
118499,2
118500,9
118501,7
118502,3
118503,5
118504,1
118505,5
118506,10
118507,5
118508,4
118509,4
118510,9
118511,6
118512,7
118513,1
118514,9
118515,7
118516,7
118517,7
118518,6
118519,1
118520,6
118521,1
118522,7
118523,7
118524,7
118525,7
118526,5
118527,9
118528,2
118529,5
118530,5
118531,10
118532,2
118533,9
118534,4
118535,9
118536,7
118537,5
118538,7
118539,9
118540,10
118541,3
118542,5
118543,9
118544,10
118545,3
118546,7
118547,5
118548,7
118549,1
118550,3
118551,1
118552,6
118553,9
118554,1
118555,5
118556,5
118557,10
118558,10
118559,5
118560,5
118561,8
118562,5
118563,1
118564,1
118565,5
118566,8
118567,1
118568,9
118569,3
118570,7
118571,9
118572,7
118573,5
118574,7
118575,7
118576,5
118577,10
118578,6
118579,5
118580,10
118581,10
118582,5
118583,10
118584,5
118585,8
118586,2
118587,9
118588,9
118589,10
118590,10
118591,10
118592,10
118593,10
118594,4
118595,10
118596,10
118597,10
118598,10
118599,6
118600,10
118601,10
118602,10
118603,10
118604,10
118605,10
118606,10
118607,4
118608,4
118609,9
118610,9
118611,7
118612,5
118613,1
118614,7
118615,10
118616,6
118617,4
118618,10
118619,5
118620,6
118621,4
118622,3
118623,1
118624,1
118625,2
118626,7
118627,10
118628,5
118629,5
118630,9
118631,7
118632,1
118633,5
118634,5
118635,7
118636,5
118637,5
118638,5
118639,10
118640,4
118641,5
118642,9
118643,3
118644,6
118645,3
118646,5
118647,10
118648,5
118649,10
118650,5
118651,4
118652,2
118653,8
118654,1
118655,7
118656,7
118657,1
118658,1
118659,5
118660,9
118661,3
118662,6
118663,5
118664,8
118665,7
118666,5
118667,1
118668,10
118669,5
118670,7
118671,7
118672,7
118673,7
118674,7
118675,5
118676,10
118677,9
118678,10
118679,5
118680,5
118681,4
118682,4
118683,5
118684,5
118685,9
118686,4
118687,4
118688,9
118689,9
118690,1
118691,3
118692,9
118693,6
118694,9
118695,6
118696,1
118697,7
118698,5
118699,8
118700,5
118701,7
118702,7
118703,8
118704,6
118705,3
118706,5
118707,5
118708,1
118709,7
118710,5
118711,7
118712,10
118713,5
118714,10
118715,9
118716,4
118717,9
118718,5
118719,5
118720,9
118721,1
118722,9
118723,1
118724,3
118725,6
118726,6
118727,5
118728,9
118729,2
118730,8
118731,7
118732,1
118733,8
118734,2
118735,9
118736,9
118737,4
118738,4
118739,9
118740,4
118741,4
118742,9
118743,2
118744,4
118745,4
118746,7
118747,3
118748,9
118749,4
118750,9
118751,4
118752,8
118753,4
118754,4
118755,4
118756,1
118757,3
118758,1
118759,1
118760,7
118761,5
118762,4
118763,4
118764,10
118765,4
118766,4
118767,4
118768,10
118769,6
118770,7
118771,10
118772,7
118773,7
118774,6
118775,7
118776,5
118777,7
118778,7
118779,10
118780,5
118781,4
118782,1
118783,7
118784,9
118785,1
118786,7
118787,6
118788,5
118789,10
118790,5
118791,4
118792,9
118793,9
118794,9
118795,9
118796,7
118797,1
118798,6
118799,10
118800,7
118801,9
118802,9
118803,1
118804,5
118805,3
118806,7
118807,5
118808,7
118809,10
118810,5
118811,6
118812,9
118813,8
118814,2
118815,6
118816,1
118817,10
118818,5
118819,1
118820,1
118821,1
118822,6
118823,7
118824,10
118825,7
118826,4
118827,4
118828,7
118829,7
118830,9
118831,4
118832,9
118833,8
118834,4
118835,1
118836,4
118837,6
118838,6
118839,3
118840,9
118841,1
118842,5
118843,1
118844,1
118845,4
118846,7
118847,7
118848,10
118849,4
118850,9
118851,4
118852,7
118853,7
118854,7
118855,7
118856,7
118857,7
118858,7
118859,7
118860,7
118861,7
118862,4
118863,10
118864,7
118865,7
118866,10
118867,9
118868,4
118869,7
118870,6
118871,1
118872,3
118873,3
118874,5
118875,5
118876,1
118877,3
118878,7
118879,10
118880,5
118881,7
118882,7
118883,7
118884,5
118885,9
118886,10
118887,5
118888,6
118889,10
118890,5
118891,5
118892,4
118893,5
118894,6
118895,3
118896,9
118897,10
118898,7
118899,6
118900,5
118901,3
118902,5
118903,7
118904,10
118905,10
118906,10
118907,9
118908,8
118909,2
118910,2
118911,7
118912,9
118913,7
118914,7
118915,4
118916,9
118917,7
118918,5
118919,7
118920,5
118921,6
118922,10
118923,4
118924,9
118925,9
118926,9
118927,3
118928,5
118929,7
118930,7
118931,7
118932,10
118933,10
118934,10
118935,4
118936,9
118937,9
118938,9
118939,8
118940,9
118941,8
118942,9
118943,1
118944,3
118945,1
118946,1
118947,4
118948,4
118949,5
118950,7
118951,5
118952,5
118953,7
118954,5
118955,5
118956,10
118957,10
118958,5
118959,9
118960,2
118961,4
118962,6
118963,7
118964,2
118965,9
118966,1
118967,9
118968,7
118969,7
118970,5
118971,5
118972,10
118973,5
118974,10
118975,5
118976,6
118977,4
118978,2
118979,2
118980,4
118981,5
118982,1
118983,1
118984,5
118985,7
118986,7
118987,5
118988,5
118989,4
118990,3
118991,7
118992,1
118993,10
118994,5
118995,4
118996,2
118997,9
118998,2
118999,9
119000,7
119001,9
119002,6
119003,7
119004,10
119005,10
119006,5
119007,4
119008,4
119009,4
119010,7
119011,9
119012,4
119013,4
119014,7
119015,1
119016,7
119017,5
119018,7
119019,5
119020,7
119021,7
119022,1
119023,5
119024,10
119025,5
119026,10
119027,10
119028,4
119029,9
119030,4
119031,5
119032,8
119033,3
119034,3
119035,9
119036,10
119037,7
119038,7
119039,1
119040,9
119041,6
119042,9
119043,9
119044,9
119045,9
119046,2
119047,4
119048,7
119049,10
119050,1
119051,9
119052,7
119053,7
119054,7
119055,1
119056,7
119057,6
119058,6
119059,6
119060,2
119061,5
119062,7
119063,10
119064,10
119065,10
119066,4
119067,7
119068,3
119069,1
119070,3
119071,6
119072,5
119073,8
119074,5
119075,1
119076,7
119077,7
119078,2
119079,2
119080,10
119081,4
119082,1
119083,4
119084,10
119085,4
119086,9
119087,1
119088,3
119089,9
119090,10
119091,10
119092,5
119093,2
119094,7
119095,7
119096,8
119097,7
119098,7
119099,9
119100,9
119101,6
119102,3
119103,3
119104,8
119105,5
119106,7
119107,10
119108,1
119109,6
119110,6
119111,6
119112,7
119113,1
119114,3
119115,1
119116,5
119117,2
119118,7
119119,7
119120,7
119121,5
119122,10
119123,9
119124,2
119125,4
119126,10
119127,2
119128,9
119129,9
119130,1
119131,1
119132,1
119133,7
119134,7
119135,1
119136,10
119137,10
119138,4
119139,10
119140,5
119141,4
119142,9
119143,5
119144,5
119145,7
119146,5
119147,3
119148,1
119149,7
119150,10
119151,4
119152,7
119153,7
119154,6
119155,1
119156,3
119157,9
119158,9
119159,9
119160,1
119161,2
119162,2
119163,7
119164,7
119165,9
119166,10
119167,8
119168,4
119169,6
119170,2
119171,2
119172,4
119173,9
119174,4
119175,2
119176,3
119177,6
119178,5
119179,3
119180,3
119181,9
119182,1
119183,1
119184,8
119185,5
119186,1
119187,7
119188,5
119189,2
119190,2
119191,2
119192,10
119193,10
119194,5
119195,10
119196,4
119197,4
119198,9
119199,4
119200,2
119201,9
119202,6
119203,1
119204,9
119205,10
119206,10
119207,8
119208,6
119209,7
119210,6
119211,6
119212,10
119213,7
119214,7
119215,5
119216,5
119217,1
119218,10
119219,2
119220,10
119221,6
119222,2
119223,4
119224,6
119225,5
119226,1
119227,1
119228,5
119229,7
119230,7
119231,7
119232,10
119233,10
119234,5
119235,3
119236,6
119237,4
119238,3
119239,6
119240,6
119241,4
119242,1
119243,1
119244,1
119245,7
119246,7
119247,10
119248,9
119249,5
119250,10
119251,5
119252,5
119253,9
119254,1
119255,5
119256,4
119257,4
119258,10
119259,7
119260,6
119261,6
119262,10
119263,5
119264,5
119265,10
119266,6
119267,4
119268,4
119269,10
119270,6
119271,3
119272,3
119273,1
119274,6
119275,5
119276,7
119277,3
119278,5
119279,8
119280,7
119281,7
119282,7
119283,10
119284,10
119285,10
119286,7
119287,1
119288,7
119289,7
119290,7
119291,7
119292,7
119293,6
119294,8
119295,1
119296,2
119297,10
119298,6
119299,10
119300,6
119301,10
119302,10
119303,2
119304,5
119305,9
119306,2
119307,2
119308,10
119309,7
119310,2
119311,2
119312,10
119313,1
119314,7
119315,10
119316,10
119317,4
119318,10
119319,9
119320,2
119321,9
119322,2
119323,4
119324,2
119325,1
119326,5
119327,10
119328,10
119329,10
119330,9
119331,4
119332,9
119333,7
119334,9
119335,7
119336,7
119337,2
119338,2
119339,5
119340,10
119341,4
119342,4
119343,2
119344,4
119345,2
119346,2
119347,4
119348,9
119349,7
119350,5
119351,5
119352,7
119353,5
119354,7
119355,10
119356,6
119357,10
119358,4
119359,8
119360,4
119361,9
119362,8
119363,6
119364,1
119365,5
119366,9
119367,5
119368,10
119369,10
119370,6
119371,5
119372,5
119373,4
119374,4
119375,4
119376,2
119377,9
119378,9
119379,5
119380,2
119381,7
119382,5
119383,6
119384,5
119385,5
119386,6
119387,4
119388,4
119389,4
119390,5
119391,4
119392,9
119393,4
119394,3
119395,5
119396,4
119397,4
119398,9
119399,4
119400,8
119401,9
119402,5
119403,9
119404,10
119405,7
119406,6
119407,5
119408,2
119409,10
119410,4
119411,5
119412,8
119413,8
119414,7
119415,6
119416,10
119417,5
119418,5
119419,4
119420,3
119421,2
119422,8
119423,2
119424,7
119425,9
119426,9
119427,2
119428,2
119429,1
119430,1
119431,7
119432,2
119433,5
119434,1
119435,4
119436,7
119437,5
119438,10
119439,10
119440,5
119441,6
119442,5
119443,3
119444,5
119445,5
119446,5
119447,5
119448,10
119449,4
119450,9
119451,2
119452,10
119453,5
119454,10
119455,10
119456,10
119457,3
119458,1
119459,5
119460,5
119461,10
119462,6
119463,10
119464,10
119465,10
119466,10
119467,2
119468,6
119469,1
119470,2
119471,7
119472,10
119473,2
119474,4
119475,2
119476,9
119477,9
119478,4
119479,4
119480,8
119481,3
119482,4
119483,7
119484,7
119485,9
119486,7
119487,1
119488,2
119489,6
119490,10
119491,5
119492,7
119493,8
119494,8
119495,1
119496,9
119497,2
119498,2
119499,2
119500,2
119501,10
119502,6
119503,10
119504,10
119505,10
119506,7
119507,5
119508,1
119509,5
119510,5
119511,10
119512,8
119513,10
119514,8
119515,2
119516,8
119517,8
119518,5
119519,5
119520,7
119521,7
119522,7
119523,10
119524,10
119525,10
119526,10
119527,5
119528,4
119529,9
119530,8
119531,7
119532,10
119533,5
119534,10
119535,8
119536,6
119537,5
119538,6
119539,5
119540,8
119541,9
119542,5
119543,5
119544,4
119545,10
119546,5
119547,4
119548,6
119549,1
119550,3
119551,8
119552,4
119553,9
119554,10
119555,7
119556,5
119557,10
119558,10
119559,9
119560,4
119561,5
119562,8
119563,1
119564,9
119565,10
119566,10
119567,8
119568,4
119569,8
119570,4
119571,5
119572,7
119573,7
119574,10
119575,6
119576,5
119577,7
119578,7
119579,2
119580,2
119581,10
119582,10
119583,5
119584,2
119585,4
119586,8
119587,5
119588,3
119589,5
119590,5
119591,5
119592,6
119593,5
119594,5
119595,8
119596,4
119597,7
119598,4
119599,3
119600,9
119601,4
119602,4
119603,10
119604,5
119605,5
119606,5
119607,3
119608,5
119609,10
119610,10
119611,10
119612,6
119613,10
119614,5
119615,5
119616,5
119617,4
119618,8
119619,4
119620,1
119621,1
119622,3
119623,6
119624,7
119625,1
119626,7
119627,4
119628,6
119629,8
119630,9
119631,3
119632,4
119633,4
119634,4
119635,4
119636,8
119637,9
119638,5
119639,2
119640,2
119641,10
119642,4
119643,2
119644,10
119645,10
119646,2
119647,9
119648,4
119649,2
119650,10
119651,10
119652,10
119653,10
119654,10
119655,10
119656,5
119657,7
119658,10
119659,9
119660,4
119661,8
119662,6
119663,3
119664,9
119665,2
119666,5
119667,5
119668,5
119669,10
119670,5
119671,5
119672,5
119673,7
119674,10
119675,9
119676,7
119677,7
119678,4
119679,2
119680,7
119681,5
119682,4
119683,4
119684,9
119685,5
119686,4
119687,9
119688,8
119689,1
119690,5
119691,10
119692,10
119693,10
119694,8
119695,2
119696,5
119697,5
119698,6
119699,6
119700,1
119701,5
119702,5
119703,4
119704,6
119705,10
119706,6
119707,4
119708,4
119709,4
119710,5
119711,9
119712,7
119713,7
119714,7
119715,1
119716,9
119717,8
119718,1
119719,6
119720,10
119721,3
119722,4
119723,10
119724,6
119725,9
119726,5
119727,9
119728,9
119729,3
119730,9
119731,8
119732,10
119733,4
119734,4
119735,9
119736,3
119737,10
119738,6
119739,9
119740,1
119741,3
119742,9
119743,6
119744,9
119745,4
119746,9
119747,2
119748,2
119749,9
119750,4
119751,6
119752,2
119753,10
119754,4
119755,9
119756,4
119757,8
119758,10
119759,10
119760,10
119761,6
